alphabet,mode,payload,sig_len,signatures,alpha,seed,planted,found,report_sig,report_score,report_pos,mismatches
lower26,literal,512,16,10000,0.50,1,1,1,1356,9,8,0
lower26,literal,512,16,10000,0.50,1,0,0,,,,0
lower26,literal,512,16,10000,0.50,2,1,1,1356,9,8,0
lower26,literal,512,16,10000,0.50,2,0,0,,,,0
lower26,literal,512,16,10000,0.50,3,1,1,1356,9,8,0
lower26,literal,512,16,10000,0.50,3,0,0,,,,0
lower26,literal,512,16,10000,0.50,4,1,1,1356,9,8,0
lower26,literal,512,16,10000,0.50,4,0,0,,,,0
lower26,literal,512,16,10000,0.50,5,1,1,1356,9,8,0
lower26,literal,512,16,10000,0.50,5,0,0,,,,0
lower26,literal,512,16,10000,0.50,6,1,1,1356,9,8,0
lower26,literal,512,16,10000,0.50,6,0,0,,,,0
lower26,literal,512,16,10000,0.50,7,1,1,1356,9,8,0
lower26,literal,512,16,10000,0.50,7,0,0,,,,0
lower26,literal,512,16,10000,0.50,8,1,1,1356,9,8,0
lower26,literal,512,16,10000,0.50,8,0,0,,,,0
lower26,literal,512,16,10000,0.50,9,1,1,1356,9,8,0
lower26,literal,512,16,10000,0.50,9,0,0,,,,0
lower26,literal,512,16,10000,0.50,10,1,1,1356,9,8,0
lower26,literal,512,16,10000,0.50,10,0,0,,,,0
lower26,literal,512,16,10000,0.50,11,1,1,1356,9,8,0
lower26,literal,512,16,10000,0.50,11,0,0,,,,0
lower26,literal,512,16,10000,0.50,12,1,1,1356,9,8,0
lower26,literal,512,16,10000,0.50,12,0,0,,,,0
lower26,literal,512,16,10000,0.50,13,1,1,1356,9,8,0
lower26,literal,512,16,10000,0.50,13,0,0,,,,0
lower26,literal,512,16,10000,0.50,14,1,1,1356,9,8,0
lower26,literal,512,16,10000,0.50,14,0,0,,,,0
lower26,literal,512,16,10000,0.50,15,1,1,1356,9,8,0
lower26,literal,512,16,10000,0.50,15,0,0,,,,0
lower26,literal,512,16,10000,0.50,16,1,1,1356,9,8,0
lower26,literal,512,16,10000,0.50,16,0,0,,,,0
lower26,literal,512,16,10000,0.50,17,1,1,1356,9,8,0
lower26,literal,512,16,10000,0.50,17,0,0,,,,0
lower26,literal,512,16,10000,0.50,18,1,1,1356,9,8,0
lower26,literal,512,16,10000,0.50,18,0,0,,,,0
lower26,literal,512,16,10000,0.50,19,1,1,1356,9,8,0
lower26,literal,512,16,10000,0.50,19,0,0,,,,0
lower26,literal,512,16,10000,0.50,20,1,1,1356,9,8,0
lower26,literal,512,16,10000,0.50,20,0,0,,,,0
lower26,literal,512,16,10000,0.50,21,1,1,1356,9,8,0
lower26,literal,512,16,10000,0.50,21,0,0,,,,0
lower26,literal,512,16,10000,0.50,22,1,1,1356,9,8,0
lower26,literal,512,16,10000,0.50,22,0,0,,,,0
lower26,literal,512,16,10000,0.50,23,1,1,1356,9,8,0
lower26,literal,512,16,10000,0.50,23,0,0,,,,0
lower26,literal,512,16,10000,0.50,24,1,1,1356,9,8,0
lower26,literal,512,16,10000,0.50,24,0,0,,,,0
lower26,literal,512,16,10000,0.50,25,1,1,1356,9,8,0
lower26,literal,512,16,10000,0.50,25,0,0,,,,0
lower26,literal,512,16,10000,0.50,26,1,1,1356,9,8,0
lower26,literal,512,16,10000,0.50,26,0,0,,,,0
lower26,literal,512,16,10000,0.50,27,1,1,1356,9,8,0
lower26,literal,512,16,10000,0.50,27,0,0,,,,0
lower26,literal,512,16,10000,0.50,28,1,1,1356,9,8,0
lower26,literal,512,16,10000,0.50,28,0,0,,,,0
lower26,literal,512,16,10000,0.50,29,1,1,1356,9,8,0
lower26,literal,512,16,10000,0.50,29,0,0,,,,0
lower26,literal,512,16,10000,0.50,30,1,1,1356,9,8,0
lower26,literal,512,16,10000,0.50,30,0,0,,,,0
lower26,literal,512,16,10000,0.50,31,1,1,1356,9,8,0
lower26,literal,512,16,10000,0.50,31,0,0,,,,0
lower26,literal,512,16,10000,0.50,32,1,1,1356,9,8,0
lower26,literal,512,16,10000,0.50,32,0,0,,,,0
lower26,literal,512,16,10000,0.50,33,1,1,1356,9,8,0
lower26,literal,512,16,10000,0.50,33,0,0,,,,0
lower26,literal,512,16,10000,0.50,34,1,1,1356,9,8,0
lower26,literal,512,16,10000,0.50,34,0,0,,,,0
lower26,literal,512,16,10000,0.50,35,1,1,1356,9,8,0
lower26,literal,512,16,10000,0.50,35,0,0,,,,0
lower26,literal,512,16,10000,0.50,36,1,1,1356,9,8,0
lower26,literal,512,16,10000,0.50,36,0,0,,,,0
lower26,literal,512,16,10000,0.50,37,1,1,1356,9,8,0
lower26,literal,512,16,10000,0.50,37,0,0,,,,0
lower26,literal,512,16,10000,0.50,38,1,1,1356,9,8,0
lower26,literal,512,16,10000,0.50,38,0,0,,,,0
lower26,literal,512,16,10000,0.50,39,1,1,1356,9,8,0
lower26,literal,512,16,10000,0.50,39,0,0,,,,0
lower26,literal,512,16,10000,0.50,40,1,1,1356,9,8,0
lower26,literal,512,16,10000,0.50,40,0,0,,,,0
lower26,literal,512,16,10000,0.50,41,1,1,1356,9,8,0
lower26,literal,512,16,10000,0.50,41,0,0,,,,0
lower26,literal,512,16,10000,0.50,42,1,1,1356,9,8,0
lower26,literal,512,16,10000,0.50,42,0,0,,,,0
lower26,literal,512,16,10000,0.50,43,1,1,1356,9,8,0
lower26,literal,512,16,10000,0.50,43,0,0,,,,0
lower26,literal,512,16,10000,0.50,44,1,1,1356,9,8,0
lower26,literal,512,16,10000,0.50,44,0,0,,,,0
lower26,literal,512,16,10000,0.50,45,1,1,1356,9,8,0
lower26,literal,512,16,10000,0.50,45,0,0,,,,0
lower26,literal,512,16,10000,0.50,46,1,1,1356,9,8,0
lower26,literal,512,16,10000,0.50,46,0,0,,,,0
lower26,literal,512,16,10000,0.50,47,1,1,1356,9,8,0
lower26,literal,512,16,10000,0.50,47,0,0,,,,0
lower26,literal,512,16,10000,0.50,48,1,1,1356,9,8,0
lower26,literal,512,16,10000,0.50,48,0,0,,,,0
lower26,literal,512,16,10000,0.50,49,1,1,1356,9,8,0
lower26,literal,512,16,10000,0.50,49,0,0,,,,0
lower26,literal,512,16,10000,0.50,50,1,1,1356,9,8,0
lower26,literal,512,16,10000,0.50,50,0,0,,,,0
lower26,literal,512,16,10000,0.50,51,1,1,1356,9,8,0
lower26,literal,512,16,10000,0.50,51,0,0,,,,0
lower26,literal,512,16,10000,0.50,52,1,1,1356,9,8,0
lower26,literal,512,16,10000,0.50,52,0,0,,,,0
lower26,literal,512,16,10000,0.50,53,1,1,1356,9,8,0
lower26,literal,512,16,10000,0.50,53,0,0,,,,0
lower26,literal,512,16,10000,0.50,54,1,1,1356,9,8,0
lower26,literal,512,16,10000,0.50,54,0,0,,,,0
lower26,literal,512,16,10000,0.50,55,1,1,1356,9,8,0
lower26,literal,512,16,10000,0.50,55,0,0,,,,0
lower26,literal,512,16,10000,0.50,56,1,1,1356,9,8,0
lower26,literal,512,16,10000,0.50,56,0,0,,,,0
lower26,literal,512,16,10000,0.50,57,1,1,1356,9,8,0
lower26,literal,512,16,10000,0.50,57,0,0,,,,0
lower26,literal,512,16,10000,0.50,58,1,1,1356,9,8,0
lower26,literal,512,16,10000,0.50,58,0,0,,,,0
lower26,literal,512,16,10000,0.50,59,1,1,1356,9,8,0
lower26,literal,512,16,10000,0.50,59,0,0,,,,0
lower26,literal,512,16,10000,0.50,60,1,1,1356,9,8,0
lower26,literal,512,16,10000,0.50,60,0,0,,,,0
lower26,literal,512,16,10000,0.50,61,1,1,1356,9,8,0
lower26,literal,512,16,10000,0.50,61,0,0,,,,0
lower26,literal,512,16,10000,0.50,62,1,1,1356,9,8,0
lower26,literal,512,16,10000,0.50,62,0,0,,,,0
lower26,literal,512,16,10000,0.50,63,1,1,1356,9,8,0
lower26,literal,512,16,10000,0.50,63,0,0,,,,0
lower26,literal,512,16,10000,0.50,64,1,1,1356,9,8,0
lower26,literal,512,16,10000,0.50,64,0,0,,,,0
lower26,literal,512,16,10000,0.50,65,1,1,1356,9,8,0
lower26,literal,512,16,10000,0.50,65,0,0,,,,0
lower26,literal,512,16,10000,0.50,66,1,1,1356,9,8,0
lower26,literal,512,16,10000,0.50,66,0,0,,,,0
lower26,literal,512,16,10000,0.50,67,1,1,1356,9,8,0
lower26,literal,512,16,10000,0.50,67,0,0,,,,0
lower26,literal,512,16,10000,0.50,68,1,1,1356,9,8,0
lower26,literal,512,16,10000,0.50,68,0,0,,,,0
lower26,literal,512,16,10000,0.50,69,1,1,1356,9,8,0
lower26,literal,512,16,10000,0.50,69,0,0,,,,0
lower26,literal,512,16,10000,0.50,70,1,1,1356,9,8,0
lower26,literal,512,16,10000,0.50,70,0,0,,,,0
lower26,literal,512,16,10000,0.50,71,1,1,1356,9,8,0
lower26,literal,512,16,10000,0.50,71,0,0,,,,0
lower26,literal,512,16,10000,0.50,72,1,1,1356,9,8,0
lower26,literal,512,16,10000,0.50,72,0,0,,,,0
lower26,literal,512,16,10000,0.50,73,1,1,1356,9,8,0
lower26,literal,512,16,10000,0.50,73,0,0,,,,0
lower26,literal,512,16,10000,0.50,74,1,1,1356,9,8,0
lower26,literal,512,16,10000,0.50,74,0,0,,,,0
lower26,literal,512,16,10000,0.50,75,1,1,1356,9,8,0
lower26,literal,512,16,10000,0.50,75,0,0,,,,0
lower26,literal,512,16,10000,0.50,76,1,1,1356,9,8,0
lower26,literal,512,16,10000,0.50,76,0,0,,,,0
lower26,literal,512,16,10000,0.50,77,1,1,1356,9,8,0
lower26,literal,512,16,10000,0.50,77,0,0,,,,0
lower26,literal,512,16,10000,0.50,78,1,1,1356,9,8,0
lower26,literal,512,16,10000,0.50,78,0,0,,,,0
lower26,literal,512,16,10000,0.50,79,1,1,1356,9,8,0
lower26,literal,512,16,10000,0.50,79,0,0,,,,0
lower26,literal,512,16,10000,0.50,80,1,1,1356,9,8,0
lower26,literal,512,16,10000,0.50,80,0,0,,,,0
lower26,literal,512,16,10000,0.50,81,1,1,1356,9,8,0
lower26,literal,512,16,10000,0.50,81,0,0,,,,0
lower26,literal,512,16,10000,0.50,82,1,1,1356,9,8,0
lower26,literal,512,16,10000,0.50,82,0,0,,,,0
lower26,literal,512,16,10000,0.50,83,1,1,1356,9,8,0
lower26,literal,512,16,10000,0.50,83,0,0,,,,0
lower26,literal,512,16,10000,0.50,84,1,1,1356,9,8,0
lower26,literal,512,16,10000,0.50,84,0,0,,,,0
lower26,literal,512,16,10000,0.50,85,1,1,1356,9,8,0
lower26,literal,512,16,10000,0.50,85,0,0,,,,0
lower26,literal,512,16,10000,0.50,86,1,1,1356,9,8,0
lower26,literal,512,16,10000,0.50,86,0,0,,,,0
lower26,literal,512,16,10000,0.50,87,1,1,1356,9,8,0
lower26,literal,512,16,10000,0.50,87,0,0,,,,0
lower26,literal,512,16,10000,0.50,88,1,1,1356,9,8,0
lower26,literal,512,16,10000,0.50,88,0,0,,,,0
lower26,literal,512,16,10000,0.50,89,1,1,1356,9,8,0
lower26,literal,512,16,10000,0.50,89,0,0,,,,0
lower26,literal,512,16,10000,0.50,90,1,1,1356,9,8,0
lower26,literal,512,16,10000,0.50,90,0,0,,,,0
lower26,literal,512,16,10000,0.50,91,1,1,1356,9,8,0
lower26,literal,512,16,10000,0.50,91,0,0,,,,0
lower26,literal,512,16,10000,0.50,92,1,1,1356,9,8,0
lower26,literal,512,16,10000,0.50,92,0,0,,,,0
lower26,literal,512,16,10000,0.50,93,1,1,1356,9,8,0
lower26,literal,512,16,10000,0.50,93,0,0,,,,0
lower26,literal,512,16,10000,0.50,94,1,1,1356,9,8,0
lower26,literal,512,16,10000,0.50,94,0,0,,,,0
lower26,literal,512,16,10000,0.50,95,1,1,1356,9,8,0
lower26,literal,512,16,10000,0.50,95,0,0,,,,0
lower26,literal,512,16,10000,0.50,96,1,1,1356,9,8,0
lower26,literal,512,16,10000,0.50,96,0,0,,,,0
lower26,literal,512,16,10000,0.50,97,1,1,1356,9,8,0
lower26,literal,512,16,10000,0.50,97,0,0,,,,0
lower26,literal,512,16,10000,0.50,98,1,1,1356,9,8,0
lower26,literal,512,16,10000,0.50,98,0,0,,,,0
lower26,literal,512,16,10000,0.50,99,1,1,1356,9,8,0
lower26,literal,512,16,10000,0.50,99,0,0,,,,0
lower26,literal,512,16,10000,0.50,100,1,1,1356,9,8,0
lower26,literal,512,16,10000,0.50,100,0,0,,,,0
lower26,literal,512,16,10000,0.60,1,1,1,1356,10,9,0
lower26,literal,512,16,10000,0.60,1,0,0,,,,0
lower26,literal,512,16,10000,0.60,2,1,1,1356,10,9,0
lower26,literal,512,16,10000,0.60,2,0,0,,,,0
lower26,literal,512,16,10000,0.60,3,1,1,1356,10,9,0
lower26,literal,512,16,10000,0.60,3,0,0,,,,0
lower26,literal,512,16,10000,0.60,4,1,1,1356,10,9,0
lower26,literal,512,16,10000,0.60,4,0,0,,,,0
lower26,literal,512,16,10000,0.60,5,1,1,1356,10,9,0
lower26,literal,512,16,10000,0.60,5,0,0,,,,0
lower26,literal,512,16,10000,0.60,6,1,1,1356,10,9,0
lower26,literal,512,16,10000,0.60,6,0,0,,,,0
lower26,literal,512,16,10000,0.60,7,1,1,1356,10,9,0
lower26,literal,512,16,10000,0.60,7,0,0,,,,0
lower26,literal,512,16,10000,0.60,8,1,1,1356,10,9,0
lower26,literal,512,16,10000,0.60,8,0,0,,,,0
lower26,literal,512,16,10000,0.60,9,1,1,1356,10,9,0
lower26,literal,512,16,10000,0.60,9,0,0,,,,0
lower26,literal,512,16,10000,0.60,10,1,1,1356,10,9,0
lower26,literal,512,16,10000,0.60,10,0,0,,,,0
lower26,literal,512,16,10000,0.60,11,1,1,1356,10,9,0
lower26,literal,512,16,10000,0.60,11,0,0,,,,0
lower26,literal,512,16,10000,0.60,12,1,1,1356,10,9,0
lower26,literal,512,16,10000,0.60,12,0,0,,,,0
lower26,literal,512,16,10000,0.60,13,1,1,1356,10,9,0
lower26,literal,512,16,10000,0.60,13,0,0,,,,0
lower26,literal,512,16,10000,0.60,14,1,1,1356,10,9,0
lower26,literal,512,16,10000,0.60,14,0,0,,,,0
lower26,literal,512,16,10000,0.60,15,1,1,1356,10,9,0
lower26,literal,512,16,10000,0.60,15,0,0,,,,0
lower26,literal,512,16,10000,0.60,16,1,1,1356,10,9,0
lower26,literal,512,16,10000,0.60,16,0,0,,,,0
lower26,literal,512,16,10000,0.60,17,1,1,1356,10,9,0
lower26,literal,512,16,10000,0.60,17,0,0,,,,0
lower26,literal,512,16,10000,0.60,18,1,1,1356,10,9,0
lower26,literal,512,16,10000,0.60,18,0,0,,,,0
lower26,literal,512,16,10000,0.60,19,1,1,1356,10,9,0
lower26,literal,512,16,10000,0.60,19,0,0,,,,0
lower26,literal,512,16,10000,0.60,20,1,1,1356,10,9,0
lower26,literal,512,16,10000,0.60,20,0,0,,,,0
lower26,literal,512,16,10000,0.60,21,1,1,1356,10,9,0
lower26,literal,512,16,10000,0.60,21,0,0,,,,0
lower26,literal,512,16,10000,0.60,22,1,1,1356,10,9,0
lower26,literal,512,16,10000,0.60,22,0,0,,,,0
lower26,literal,512,16,10000,0.60,23,1,1,1356,10,9,0
lower26,literal,512,16,10000,0.60,23,0,0,,,,0
lower26,literal,512,16,10000,0.60,24,1,1,1356,10,9,0
lower26,literal,512,16,10000,0.60,24,0,0,,,,0
lower26,literal,512,16,10000,0.60,25,1,1,1356,10,9,0
lower26,literal,512,16,10000,0.60,25,0,0,,,,0
lower26,literal,512,16,10000,0.60,26,1,1,1356,10,9,0
lower26,literal,512,16,10000,0.60,26,0,0,,,,0
lower26,literal,512,16,10000,0.60,27,1,1,1356,10,9,0
lower26,literal,512,16,10000,0.60,27,0,0,,,,0
lower26,literal,512,16,10000,0.60,28,1,1,1356,10,9,0
lower26,literal,512,16,10000,0.60,28,0,0,,,,0
lower26,literal,512,16,10000,0.60,29,1,1,1356,10,9,0
lower26,literal,512,16,10000,0.60,29,0,0,,,,0
lower26,literal,512,16,10000,0.60,30,1,1,1356,10,9,0
lower26,literal,512,16,10000,0.60,30,0,0,,,,0
lower26,literal,512,16,10000,0.60,31,1,1,1356,10,9,0
lower26,literal,512,16,10000,0.60,31,0,0,,,,0
lower26,literal,512,16,10000,0.60,32,1,1,1356,10,9,0
lower26,literal,512,16,10000,0.60,32,0,0,,,,0
lower26,literal,512,16,10000,0.60,33,1,1,1356,10,9,0
lower26,literal,512,16,10000,0.60,33,0,0,,,,0
lower26,literal,512,16,10000,0.60,34,1,1,1356,10,9,0
lower26,literal,512,16,10000,0.60,34,0,0,,,,0
lower26,literal,512,16,10000,0.60,35,1,1,1356,10,9,0
lower26,literal,512,16,10000,0.60,35,0,0,,,,0
lower26,literal,512,16,10000,0.60,36,1,1,1356,10,9,0
lower26,literal,512,16,10000,0.60,36,0,0,,,,0
lower26,literal,512,16,10000,0.60,37,1,1,1356,10,9,0
lower26,literal,512,16,10000,0.60,37,0,0,,,,0
lower26,literal,512,16,10000,0.60,38,1,1,1356,10,9,0
lower26,literal,512,16,10000,0.60,38,0,0,,,,0
lower26,literal,512,16,10000,0.60,39,1,1,1356,10,9,0
lower26,literal,512,16,10000,0.60,39,0,0,,,,0
lower26,literal,512,16,10000,0.60,40,1,1,1356,10,9,0
lower26,literal,512,16,10000,0.60,40,0,0,,,,0
lower26,literal,512,16,10000,0.60,41,1,1,1356,10,9,0
lower26,literal,512,16,10000,0.60,41,0,0,,,,0
lower26,literal,512,16,10000,0.60,42,1,1,1356,10,9,0
lower26,literal,512,16,10000,0.60,42,0,0,,,,0
lower26,literal,512,16,10000,0.60,43,1,1,1356,10,9,0
lower26,literal,512,16,10000,0.60,43,0,0,,,,0
lower26,literal,512,16,10000,0.60,44,1,1,1356,10,9,0
lower26,literal,512,16,10000,0.60,44,0,0,,,,0
lower26,literal,512,16,10000,0.60,45,1,1,1356,10,9,0
lower26,literal,512,16,10000,0.60,45,0,0,,,,0
lower26,literal,512,16,10000,0.60,46,1,1,1356,10,9,0
lower26,literal,512,16,10000,0.60,46,0,0,,,,0
lower26,literal,512,16,10000,0.60,47,1,1,1356,10,9,0
lower26,literal,512,16,10000,0.60,47,0,0,,,,0
lower26,literal,512,16,10000,0.60,48,1,1,1356,10,9,0
lower26,literal,512,16,10000,0.60,48,0,0,,,,0
lower26,literal,512,16,10000,0.60,49,1,1,1356,10,9,0
lower26,literal,512,16,10000,0.60,49,0,0,,,,0
lower26,literal,512,16,10000,0.60,50,1,1,1356,10,9,0
lower26,literal,512,16,10000,0.60,50,0,0,,,,0
lower26,literal,512,16,10000,0.60,51,1,1,1356,10,9,0
lower26,literal,512,16,10000,0.60,51,0,0,,,,0
lower26,literal,512,16,10000,0.60,52,1,1,1356,10,9,0
lower26,literal,512,16,10000,0.60,52,0,0,,,,0
lower26,literal,512,16,10000,0.60,53,1,1,1356,10,9,0
lower26,literal,512,16,10000,0.60,53,0,0,,,,0
lower26,literal,512,16,10000,0.60,54,1,1,1356,10,9,0
lower26,literal,512,16,10000,0.60,54,0,0,,,,0
lower26,literal,512,16,10000,0.60,55,1,1,1356,10,9,0
lower26,literal,512,16,10000,0.60,55,0,0,,,,0
lower26,literal,512,16,10000,0.60,56,1,1,1356,10,9,0
lower26,literal,512,16,10000,0.60,56,0,0,,,,0
lower26,literal,512,16,10000,0.60,57,1,1,1356,10,9,0
lower26,literal,512,16,10000,0.60,57,0,0,,,,0
lower26,literal,512,16,10000,0.60,58,1,1,1356,10,9,0
lower26,literal,512,16,10000,0.60,58,0,0,,,,0
lower26,literal,512,16,10000,0.60,59,1,1,1356,10,9,0
lower26,literal,512,16,10000,0.60,59,0,0,,,,0
lower26,literal,512,16,10000,0.60,60,1,1,1356,10,9,0
lower26,literal,512,16,10000,0.60,60,0,0,,,,0
lower26,literal,512,16,10000,0.60,61,1,1,1356,10,9,0
lower26,literal,512,16,10000,0.60,61,0,0,,,,0
lower26,literal,512,16,10000,0.60,62,1,1,1356,10,9,0
lower26,literal,512,16,10000,0.60,62,0,0,,,,0
lower26,literal,512,16,10000,0.60,63,1,1,1356,10,9,0
lower26,literal,512,16,10000,0.60,63,0,0,,,,0
lower26,literal,512,16,10000,0.60,64,1,1,1356,10,9,0
lower26,literal,512,16,10000,0.60,64,0,0,,,,0
lower26,literal,512,16,10000,0.60,65,1,1,1356,10,9,0
lower26,literal,512,16,10000,0.60,65,0,0,,,,0
lower26,literal,512,16,10000,0.60,66,1,1,1356,10,9,0
lower26,literal,512,16,10000,0.60,66,0,0,,,,0
lower26,literal,512,16,10000,0.60,67,1,1,1356,10,9,0
lower26,literal,512,16,10000,0.60,67,0,0,,,,0
lower26,literal,512,16,10000,0.60,68,1,1,1356,10,9,0
lower26,literal,512,16,10000,0.60,68,0,0,,,,0
lower26,literal,512,16,10000,0.60,69,1,1,1356,10,9,0
lower26,literal,512,16,10000,0.60,69,0,0,,,,0
lower26,literal,512,16,10000,0.60,70,1,1,1356,10,9,0
lower26,literal,512,16,10000,0.60,70,0,0,,,,0
lower26,literal,512,16,10000,0.60,71,1,1,1356,10,9,0
lower26,literal,512,16,10000,0.60,71,0,0,,,,0
lower26,literal,512,16,10000,0.60,72,1,1,1356,10,9,0
lower26,literal,512,16,10000,0.60,72,0,0,,,,0
lower26,literal,512,16,10000,0.60,73,1,1,1356,10,9,0
lower26,literal,512,16,10000,0.60,73,0,0,,,,0
lower26,literal,512,16,10000,0.60,74,1,1,1356,10,9,0
lower26,literal,512,16,10000,0.60,74,0,0,,,,0
lower26,literal,512,16,10000,0.60,75,1,1,1356,10,9,0
lower26,literal,512,16,10000,0.60,75,0,0,,,,0
lower26,literal,512,16,10000,0.60,76,1,1,1356,10,9,0
lower26,literal,512,16,10000,0.60,76,0,0,,,,0
lower26,literal,512,16,10000,0.60,77,1,1,1356,10,9,0
lower26,literal,512,16,10000,0.60,77,0,0,,,,0
lower26,literal,512,16,10000,0.60,78,1,1,1356,10,9,0
lower26,literal,512,16,10000,0.60,78,0,0,,,,0
lower26,literal,512,16,10000,0.60,79,1,1,1356,10,9,0
lower26,literal,512,16,10000,0.60,79,0,0,,,,0
lower26,literal,512,16,10000,0.60,80,1,1,1356,10,9,0
lower26,literal,512,16,10000,0.60,80,0,0,,,,0
lower26,literal,512,16,10000,0.60,81,1,1,1356,10,9,0
lower26,literal,512,16,10000,0.60,81,0,0,,,,0
lower26,literal,512,16,10000,0.60,82,1,1,1356,10,9,0
lower26,literal,512,16,10000,0.60,82,0,0,,,,0
lower26,literal,512,16,10000,0.60,83,1,1,1356,10,9,0
lower26,literal,512,16,10000,0.60,83,0,0,,,,0
lower26,literal,512,16,10000,0.60,84,1,1,1356,10,9,0
lower26,literal,512,16,10000,0.60,84,0,0,,,,0
lower26,literal,512,16,10000,0.60,85,1,1,1356,10,9,0
lower26,literal,512,16,10000,0.60,85,0,0,,,,0
lower26,literal,512,16,10000,0.60,86,1,1,1356,10,9,0
lower26,literal,512,16,10000,0.60,86,0,0,,,,0
lower26,literal,512,16,10000,0.60,87,1,1,1356,10,9,0
lower26,literal,512,16,10000,0.60,87,0,0,,,,0
lower26,literal,512,16,10000,0.60,88,1,1,1356,10,9,0
lower26,literal,512,16,10000,0.60,88,0,0,,,,0
lower26,literal,512,16,10000,0.60,89,1,1,1356,10,9,0
lower26,literal,512,16,10000,0.60,89,0,0,,,,0
lower26,literal,512,16,10000,0.60,90,1,1,1356,10,9,0
lower26,literal,512,16,10000,0.60,90,0,0,,,,0
lower26,literal,512,16,10000,0.60,91,1,1,1356,10,9,0
lower26,literal,512,16,10000,0.60,91,0,0,,,,0
lower26,literal,512,16,10000,0.60,92,1,1,1356,10,9,0
lower26,literal,512,16,10000,0.60,92,0,0,,,,0
lower26,literal,512,16,10000,0.60,93,1,1,1356,10,9,0
lower26,literal,512,16,10000,0.60,93,0,0,,,,0
lower26,literal,512,16,10000,0.60,94,1,1,1356,10,9,0
lower26,literal,512,16,10000,0.60,94,0,0,,,,0
lower26,literal,512,16,10000,0.60,95,1,1,1356,10,9,0
lower26,literal,512,16,10000,0.60,95,0,0,,,,0
lower26,literal,512,16,10000,0.60,96,1,1,1356,10,9,0
lower26,literal,512,16,10000,0.60,96,0,0,,,,0
lower26,literal,512,16,10000,0.60,97,1,1,1356,10,9,0
lower26,literal,512,16,10000,0.60,97,0,0,,,,0
lower26,literal,512,16,10000,0.60,98,1,1,1356,10,9,0
lower26,literal,512,16,10000,0.60,98,0,0,,,,0
lower26,literal,512,16,10000,0.60,99,1,1,1356,10,9,0
lower26,literal,512,16,10000,0.60,99,0,0,,,,0
lower26,literal,512,16,10000,0.60,100,1,1,1356,10,9,0
lower26,literal,512,16,10000,0.60,100,0,0,,,,0
lower26,literal,512,16,10000,0.70,1,1,1,1356,12,11,0
lower26,literal,512,16,10000,0.70,1,0,0,,,,0
lower26,literal,512,16,10000,0.70,2,1,1,1356,12,11,0
lower26,literal,512,16,10000,0.70,2,0,0,,,,0
lower26,literal,512,16,10000,0.70,3,1,1,1356,12,11,0
lower26,literal,512,16,10000,0.70,3,0,0,,,,0
lower26,literal,512,16,10000,0.70,4,1,1,1356,12,11,0
lower26,literal,512,16,10000,0.70,4,0,0,,,,0
lower26,literal,512,16,10000,0.70,5,1,1,1356,12,11,0
lower26,literal,512,16,10000,0.70,5,0,0,,,,0
lower26,literal,512,16,10000,0.70,6,1,1,1356,12,11,0
lower26,literal,512,16,10000,0.70,6,0,0,,,,0
lower26,literal,512,16,10000,0.70,7,1,1,1356,12,11,0
lower26,literal,512,16,10000,0.70,7,0,0,,,,0
lower26,literal,512,16,10000,0.70,8,1,1,1356,12,11,0
lower26,literal,512,16,10000,0.70,8,0,0,,,,0
lower26,literal,512,16,10000,0.70,9,1,1,1356,12,11,0
lower26,literal,512,16,10000,0.70,9,0,0,,,,0
lower26,literal,512,16,10000,0.70,10,1,1,1356,12,11,0
lower26,literal,512,16,10000,0.70,10,0,0,,,,0
lower26,literal,512,16,10000,0.70,11,1,1,1356,12,11,0
lower26,literal,512,16,10000,0.70,11,0,0,,,,0
lower26,literal,512,16,10000,0.70,12,1,1,1356,12,11,0
lower26,literal,512,16,10000,0.70,12,0,0,,,,0
lower26,literal,512,16,10000,0.70,13,1,1,1356,12,11,0
lower26,literal,512,16,10000,0.70,13,0,0,,,,0
lower26,literal,512,16,10000,0.70,14,1,1,1356,12,11,0
lower26,literal,512,16,10000,0.70,14,0,0,,,,0
lower26,literal,512,16,10000,0.70,15,1,1,1356,12,11,0
lower26,literal,512,16,10000,0.70,15,0,0,,,,0
lower26,literal,512,16,10000,0.70,16,1,1,1356,12,11,0
lower26,literal,512,16,10000,0.70,16,0,0,,,,0
lower26,literal,512,16,10000,0.70,17,1,1,1356,12,11,0
lower26,literal,512,16,10000,0.70,17,0,0,,,,0
lower26,literal,512,16,10000,0.70,18,1,1,1356,12,11,0
lower26,literal,512,16,10000,0.70,18,0,0,,,,0
lower26,literal,512,16,10000,0.70,19,1,1,1356,12,11,0
lower26,literal,512,16,10000,0.70,19,0,0,,,,0
lower26,literal,512,16,10000,0.70,20,1,1,1356,12,11,0
lower26,literal,512,16,10000,0.70,20,0,0,,,,0
lower26,literal,512,16,10000,0.70,21,1,1,1356,12,11,0
lower26,literal,512,16,10000,0.70,21,0,0,,,,0
lower26,literal,512,16,10000,0.70,22,1,1,1356,12,11,0
lower26,literal,512,16,10000,0.70,22,0,0,,,,0
lower26,literal,512,16,10000,0.70,23,1,1,1356,12,11,0
lower26,literal,512,16,10000,0.70,23,0,0,,,,0
lower26,literal,512,16,10000,0.70,24,1,1,1356,12,11,0
lower26,literal,512,16,10000,0.70,24,0,0,,,,0
lower26,literal,512,16,10000,0.70,25,1,1,1356,12,11,0
lower26,literal,512,16,10000,0.70,25,0,0,,,,0
lower26,literal,512,16,10000,0.70,26,1,1,1356,12,11,0
lower26,literal,512,16,10000,0.70,26,0,0,,,,0
lower26,literal,512,16,10000,0.70,27,1,1,1356,12,11,0
lower26,literal,512,16,10000,0.70,27,0,0,,,,0
lower26,literal,512,16,10000,0.70,28,1,1,1356,12,11,0
lower26,literal,512,16,10000,0.70,28,0,0,,,,0
lower26,literal,512,16,10000,0.70,29,1,1,1356,12,11,0
lower26,literal,512,16,10000,0.70,29,0,0,,,,0
lower26,literal,512,16,10000,0.70,30,1,1,1356,12,11,0
lower26,literal,512,16,10000,0.70,30,0,0,,,,0
lower26,literal,512,16,10000,0.70,31,1,1,1356,12,11,0
lower26,literal,512,16,10000,0.70,31,0,0,,,,0
lower26,literal,512,16,10000,0.70,32,1,1,1356,12,11,0
lower26,literal,512,16,10000,0.70,32,0,0,,,,0
lower26,literal,512,16,10000,0.70,33,1,1,1356,12,11,0
lower26,literal,512,16,10000,0.70,33,0,0,,,,0
lower26,literal,512,16,10000,0.70,34,1,1,1356,12,11,0
lower26,literal,512,16,10000,0.70,34,0,0,,,,0
lower26,literal,512,16,10000,0.70,35,1,1,1356,12,11,0
lower26,literal,512,16,10000,0.70,35,0,0,,,,0
lower26,literal,512,16,10000,0.70,36,1,1,1356,12,11,0
lower26,literal,512,16,10000,0.70,36,0,0,,,,0
lower26,literal,512,16,10000,0.70,37,1,1,1356,12,11,0
lower26,literal,512,16,10000,0.70,37,0,0,,,,0
lower26,literal,512,16,10000,0.70,38,1,1,1356,12,11,0
lower26,literal,512,16,10000,0.70,38,0,0,,,,0
lower26,literal,512,16,10000,0.70,39,1,1,1356,12,11,0
lower26,literal,512,16,10000,0.70,39,0,0,,,,0
lower26,literal,512,16,10000,0.70,40,1,1,1356,12,11,0
lower26,literal,512,16,10000,0.70,40,0,0,,,,0
lower26,literal,512,16,10000,0.70,41,1,1,1356,12,11,0
lower26,literal,512,16,10000,0.70,41,0,0,,,,0
lower26,literal,512,16,10000,0.70,42,1,1,1356,12,11,0
lower26,literal,512,16,10000,0.70,42,0,0,,,,0
lower26,literal,512,16,10000,0.70,43,1,1,1356,12,11,0
lower26,literal,512,16,10000,0.70,43,0,0,,,,0
lower26,literal,512,16,10000,0.70,44,1,1,1356,12,11,0
lower26,literal,512,16,10000,0.70,44,0,0,,,,0
lower26,literal,512,16,10000,0.70,45,1,1,1356,12,11,0
lower26,literal,512,16,10000,0.70,45,0,0,,,,0
lower26,literal,512,16,10000,0.70,46,1,1,1356,12,11,0
lower26,literal,512,16,10000,0.70,46,0,0,,,,0
lower26,literal,512,16,10000,0.70,47,1,1,1356,12,11,0
lower26,literal,512,16,10000,0.70,47,0,0,,,,0
lower26,literal,512,16,10000,0.70,48,1,1,1356,12,11,0
lower26,literal,512,16,10000,0.70,48,0,0,,,,0
lower26,literal,512,16,10000,0.70,49,1,1,1356,12,11,0
lower26,literal,512,16,10000,0.70,49,0,0,,,,0
lower26,literal,512,16,10000,0.70,50,1,1,1356,12,11,0
lower26,literal,512,16,10000,0.70,50,0,0,,,,0
lower26,literal,512,16,10000,0.70,51,1,1,1356,12,11,0
lower26,literal,512,16,10000,0.70,51,0,0,,,,0
lower26,literal,512,16,10000,0.70,52,1,1,1356,12,11,0
lower26,literal,512,16,10000,0.70,52,0,0,,,,0
lower26,literal,512,16,10000,0.70,53,1,1,1356,12,11,0
lower26,literal,512,16,10000,0.70,53,0,0,,,,0
lower26,literal,512,16,10000,0.70,54,1,1,1356,12,11,0
lower26,literal,512,16,10000,0.70,54,0,0,,,,0
lower26,literal,512,16,10000,0.70,55,1,1,1356,12,11,0
lower26,literal,512,16,10000,0.70,55,0,0,,,,0
lower26,literal,512,16,10000,0.70,56,1,1,1356,12,11,0
lower26,literal,512,16,10000,0.70,56,0,0,,,,0
lower26,literal,512,16,10000,0.70,57,1,1,1356,12,11,0
lower26,literal,512,16,10000,0.70,57,0,0,,,,0
lower26,literal,512,16,10000,0.70,58,1,1,1356,12,11,0
lower26,literal,512,16,10000,0.70,58,0,0,,,,0
lower26,literal,512,16,10000,0.70,59,1,1,1356,12,11,0
lower26,literal,512,16,10000,0.70,59,0,0,,,,0
lower26,literal,512,16,10000,0.70,60,1,1,1356,12,11,0
lower26,literal,512,16,10000,0.70,60,0,0,,,,0
lower26,literal,512,16,10000,0.70,61,1,1,1356,12,11,0
lower26,literal,512,16,10000,0.70,61,0,0,,,,0
lower26,literal,512,16,10000,0.70,62,1,1,1356,12,11,0
lower26,literal,512,16,10000,0.70,62,0,0,,,,0
lower26,literal,512,16,10000,0.70,63,1,1,1356,12,11,0
lower26,literal,512,16,10000,0.70,63,0,0,,,,0
lower26,literal,512,16,10000,0.70,64,1,1,1356,12,11,0
lower26,literal,512,16,10000,0.70,64,0,0,,,,0
lower26,literal,512,16,10000,0.70,65,1,1,1356,12,11,0
lower26,literal,512,16,10000,0.70,65,0,0,,,,0
lower26,literal,512,16,10000,0.70,66,1,1,1356,12,11,0
lower26,literal,512,16,10000,0.70,66,0,0,,,,0
lower26,literal,512,16,10000,0.70,67,1,1,1356,12,11,0
lower26,literal,512,16,10000,0.70,67,0,0,,,,0
lower26,literal,512,16,10000,0.70,68,1,1,1356,12,11,0
lower26,literal,512,16,10000,0.70,68,0,0,,,,0
lower26,literal,512,16,10000,0.70,69,1,1,1356,12,11,0
lower26,literal,512,16,10000,0.70,69,0,0,,,,0
lower26,literal,512,16,10000,0.70,70,1,1,1356,12,11,0
lower26,literal,512,16,10000,0.70,70,0,0,,,,0
lower26,literal,512,16,10000,0.70,71,1,1,1356,12,11,0
lower26,literal,512,16,10000,0.70,71,0,0,,,,0
lower26,literal,512,16,10000,0.70,72,1,1,1356,12,11,0
lower26,literal,512,16,10000,0.70,72,0,0,,,,0
lower26,literal,512,16,10000,0.70,73,1,1,1356,12,11,0
lower26,literal,512,16,10000,0.70,73,0,0,,,,0
lower26,literal,512,16,10000,0.70,74,1,1,1356,12,11,0
lower26,literal,512,16,10000,0.70,74,0,0,,,,0
lower26,literal,512,16,10000,0.70,75,1,1,1356,12,11,0
lower26,literal,512,16,10000,0.70,75,0,0,,,,0
lower26,literal,512,16,10000,0.70,76,1,1,1356,12,11,0
lower26,literal,512,16,10000,0.70,76,0,0,,,,0
lower26,literal,512,16,10000,0.70,77,1,1,1356,12,11,0
lower26,literal,512,16,10000,0.70,77,0,0,,,,0
lower26,literal,512,16,10000,0.70,78,1,1,1356,12,11,0
lower26,literal,512,16,10000,0.70,78,0,0,,,,0
lower26,literal,512,16,10000,0.70,79,1,1,1356,12,11,0
lower26,literal,512,16,10000,0.70,79,0,0,,,,0
lower26,literal,512,16,10000,0.70,80,1,1,1356,12,11,0
lower26,literal,512,16,10000,0.70,80,0,0,,,,0
lower26,literal,512,16,10000,0.70,81,1,1,1356,12,11,0
lower26,literal,512,16,10000,0.70,81,0,0,,,,0
lower26,literal,512,16,10000,0.70,82,1,1,1356,12,11,0
lower26,literal,512,16,10000,0.70,82,0,0,,,,0
lower26,literal,512,16,10000,0.70,83,1,1,1356,12,11,0
lower26,literal,512,16,10000,0.70,83,0,0,,,,0
lower26,literal,512,16,10000,0.70,84,1,1,1356,12,11,0
lower26,literal,512,16,10000,0.70,84,0,0,,,,0
lower26,literal,512,16,10000,0.70,85,1,1,1356,12,11,0
lower26,literal,512,16,10000,0.70,85,0,0,,,,0
lower26,literal,512,16,10000,0.70,86,1,1,1356,12,11,0
lower26,literal,512,16,10000,0.70,86,0,0,,,,0
lower26,literal,512,16,10000,0.70,87,1,1,1356,12,11,0
lower26,literal,512,16,10000,0.70,87,0,0,,,,0
lower26,literal,512,16,10000,0.70,88,1,1,1356,12,11,0
lower26,literal,512,16,10000,0.70,88,0,0,,,,0
lower26,literal,512,16,10000,0.70,89,1,1,1356,12,11,0
lower26,literal,512,16,10000,0.70,89,0,0,,,,0
lower26,literal,512,16,10000,0.70,90,1,1,1356,12,11,0
lower26,literal,512,16,10000,0.70,90,0,0,,,,0
lower26,literal,512,16,10000,0.70,91,1,1,1356,12,11,0
lower26,literal,512,16,10000,0.70,91,0,0,,,,0
lower26,literal,512,16,10000,0.70,92,1,1,1356,12,11,0
lower26,literal,512,16,10000,0.70,92,0,0,,,,0
lower26,literal,512,16,10000,0.70,93,1,1,1356,12,11,0
lower26,literal,512,16,10000,0.70,93,0,0,,,,0
lower26,literal,512,16,10000,0.70,94,1,1,1356,12,11,0
lower26,literal,512,16,10000,0.70,94,0,0,,,,0
lower26,literal,512,16,10000,0.70,95,1,1,1356,12,11,0
lower26,literal,512,16,10000,0.70,95,0,0,,,,0
lower26,literal,512,16,10000,0.70,96,1,1,1356,12,11,0
lower26,literal,512,16,10000,0.70,96,0,0,,,,0
lower26,literal,512,16,10000,0.70,97,1,1,1356,12,11,0
lower26,literal,512,16,10000,0.70,97,0,0,,,,0
lower26,literal,512,16,10000,0.70,98,1,1,1356,12,11,0
lower26,literal,512,16,10000,0.70,98,0,0,,,,0
lower26,literal,512,16,10000,0.70,99,1,1,1356,12,11,0
lower26,literal,512,16,10000,0.70,99,0,0,,,,0
lower26,literal,512,16,10000,0.70,100,1,1,1356,12,11,0
lower26,literal,512,16,10000,0.70,100,0,0,,,,0
lower26,literal,512,16,10000,0.80,1,1,1,1356,13,12,0
lower26,literal,512,16,10000,0.80,1,0,0,,,,0
lower26,literal,512,16,10000,0.80,2,1,1,1356,13,12,0
lower26,literal,512,16,10000,0.80,2,0,0,,,,0
lower26,literal,512,16,10000,0.80,3,1,1,1356,13,12,0
lower26,literal,512,16,10000,0.80,3,0,0,,,,0
lower26,literal,512,16,10000,0.80,4,1,1,1356,13,12,0
lower26,literal,512,16,10000,0.80,4,0,0,,,,0
lower26,literal,512,16,10000,0.80,5,1,1,1356,13,12,0
lower26,literal,512,16,10000,0.80,5,0,0,,,,0
lower26,literal,512,16,10000,0.80,6,1,1,1356,13,12,0
lower26,literal,512,16,10000,0.80,6,0,0,,,,0
lower26,literal,512,16,10000,0.80,7,1,1,1356,13,12,0
lower26,literal,512,16,10000,0.80,7,0,0,,,,0
lower26,literal,512,16,10000,0.80,8,1,1,1356,13,12,0
lower26,literal,512,16,10000,0.80,8,0,0,,,,0
lower26,literal,512,16,10000,0.80,9,1,1,1356,13,12,0
lower26,literal,512,16,10000,0.80,9,0,0,,,,0
lower26,literal,512,16,10000,0.80,10,1,1,1356,13,12,0
lower26,literal,512,16,10000,0.80,10,0,0,,,,0
lower26,literal,512,16,10000,0.80,11,1,1,1356,13,12,0
lower26,literal,512,16,10000,0.80,11,0,0,,,,0
lower26,literal,512,16,10000,0.80,12,1,1,1356,13,12,0
lower26,literal,512,16,10000,0.80,12,0,0,,,,0
lower26,literal,512,16,10000,0.80,13,1,1,1356,13,12,0
lower26,literal,512,16,10000,0.80,13,0,0,,,,0
lower26,literal,512,16,10000,0.80,14,1,1,1356,13,12,0
lower26,literal,512,16,10000,0.80,14,0,0,,,,0
lower26,literal,512,16,10000,0.80,15,1,1,1356,13,12,0
lower26,literal,512,16,10000,0.80,15,0,0,,,,0
lower26,literal,512,16,10000,0.80,16,1,1,1356,13,12,0
lower26,literal,512,16,10000,0.80,16,0,0,,,,0
lower26,literal,512,16,10000,0.80,17,1,1,1356,13,12,0
lower26,literal,512,16,10000,0.80,17,0,0,,,,0
lower26,literal,512,16,10000,0.80,18,1,1,1356,13,12,0
lower26,literal,512,16,10000,0.80,18,0,0,,,,0
lower26,literal,512,16,10000,0.80,19,1,1,1356,13,12,0
lower26,literal,512,16,10000,0.80,19,0,0,,,,0
lower26,literal,512,16,10000,0.80,20,1,1,1356,13,12,0
lower26,literal,512,16,10000,0.80,20,0,0,,,,0
lower26,literal,512,16,10000,0.80,21,1,1,1356,13,12,0
lower26,literal,512,16,10000,0.80,21,0,0,,,,0
lower26,literal,512,16,10000,0.80,22,1,1,1356,13,12,0
lower26,literal,512,16,10000,0.80,22,0,0,,,,0
lower26,literal,512,16,10000,0.80,23,1,1,1356,13,12,0
lower26,literal,512,16,10000,0.80,23,0,0,,,,0
lower26,literal,512,16,10000,0.80,24,1,1,1356,13,12,0
lower26,literal,512,16,10000,0.80,24,0,0,,,,0
lower26,literal,512,16,10000,0.80,25,1,1,1356,13,12,0
lower26,literal,512,16,10000,0.80,25,0,0,,,,0
lower26,literal,512,16,10000,0.80,26,1,1,1356,13,12,0
lower26,literal,512,16,10000,0.80,26,0,0,,,,0
lower26,literal,512,16,10000,0.80,27,1,1,1356,13,12,0
lower26,literal,512,16,10000,0.80,27,0,0,,,,0
lower26,literal,512,16,10000,0.80,28,1,1,1356,13,12,0
lower26,literal,512,16,10000,0.80,28,0,0,,,,0
lower26,literal,512,16,10000,0.80,29,1,1,1356,13,12,0
lower26,literal,512,16,10000,0.80,29,0,0,,,,0
lower26,literal,512,16,10000,0.80,30,1,1,1356,13,12,0
lower26,literal,512,16,10000,0.80,30,0,0,,,,0
lower26,literal,512,16,10000,0.80,31,1,1,1356,13,12,0
lower26,literal,512,16,10000,0.80,31,0,0,,,,0
lower26,literal,512,16,10000,0.80,32,1,1,1356,13,12,0
lower26,literal,512,16,10000,0.80,32,0,0,,,,0
lower26,literal,512,16,10000,0.80,33,1,1,1356,13,12,0
lower26,literal,512,16,10000,0.80,33,0,0,,,,0
lower26,literal,512,16,10000,0.80,34,1,1,1356,13,12,0
lower26,literal,512,16,10000,0.80,34,0,0,,,,0
lower26,literal,512,16,10000,0.80,35,1,1,1356,13,12,0
lower26,literal,512,16,10000,0.80,35,0,0,,,,0
lower26,literal,512,16,10000,0.80,36,1,1,1356,13,12,0
lower26,literal,512,16,10000,0.80,36,0,0,,,,0
lower26,literal,512,16,10000,0.80,37,1,1,1356,13,12,0
lower26,literal,512,16,10000,0.80,37,0,0,,,,0
lower26,literal,512,16,10000,0.80,38,1,1,1356,13,12,0
lower26,literal,512,16,10000,0.80,38,0,0,,,,0
lower26,literal,512,16,10000,0.80,39,1,1,1356,13,12,0
lower26,literal,512,16,10000,0.80,39,0,0,,,,0
lower26,literal,512,16,10000,0.80,40,1,1,1356,13,12,0
lower26,literal,512,16,10000,0.80,40,0,0,,,,0
lower26,literal,512,16,10000,0.80,41,1,1,1356,13,12,0
lower26,literal,512,16,10000,0.80,41,0,0,,,,0
lower26,literal,512,16,10000,0.80,42,1,1,1356,13,12,0
lower26,literal,512,16,10000,0.80,42,0,0,,,,0
lower26,literal,512,16,10000,0.80,43,1,1,1356,13,12,0
lower26,literal,512,16,10000,0.80,43,0,0,,,,0
lower26,literal,512,16,10000,0.80,44,1,1,1356,13,12,0
lower26,literal,512,16,10000,0.80,44,0,0,,,,0
lower26,literal,512,16,10000,0.80,45,1,1,1356,13,12,0
lower26,literal,512,16,10000,0.80,45,0,0,,,,0
lower26,literal,512,16,10000,0.80,46,1,1,1356,13,12,0
lower26,literal,512,16,10000,0.80,46,0,0,,,,0
lower26,literal,512,16,10000,0.80,47,1,1,1356,13,12,0
lower26,literal,512,16,10000,0.80,47,0,0,,,,0
lower26,literal,512,16,10000,0.80,48,1,1,1356,13,12,0
lower26,literal,512,16,10000,0.80,48,0,0,,,,0
lower26,literal,512,16,10000,0.80,49,1,1,1356,13,12,0
lower26,literal,512,16,10000,0.80,49,0,0,,,,0
lower26,literal,512,16,10000,0.80,50,1,1,1356,13,12,0
lower26,literal,512,16,10000,0.80,50,0,0,,,,0
lower26,literal,512,16,10000,0.80,51,1,1,1356,13,12,0
lower26,literal,512,16,10000,0.80,51,0,0,,,,0
lower26,literal,512,16,10000,0.80,52,1,1,1356,13,12,0
lower26,literal,512,16,10000,0.80,52,0,0,,,,0
lower26,literal,512,16,10000,0.80,53,1,1,1356,13,12,0
lower26,literal,512,16,10000,0.80,53,0,0,,,,0
lower26,literal,512,16,10000,0.80,54,1,1,1356,13,12,0
lower26,literal,512,16,10000,0.80,54,0,0,,,,0
lower26,literal,512,16,10000,0.80,55,1,1,1356,13,12,0
lower26,literal,512,16,10000,0.80,55,0,0,,,,0
lower26,literal,512,16,10000,0.80,56,1,1,1356,13,12,0
lower26,literal,512,16,10000,0.80,56,0,0,,,,0
lower26,literal,512,16,10000,0.80,57,1,1,1356,13,12,0
lower26,literal,512,16,10000,0.80,57,0,0,,,,0
lower26,literal,512,16,10000,0.80,58,1,1,1356,13,12,0
lower26,literal,512,16,10000,0.80,58,0,0,,,,0
lower26,literal,512,16,10000,0.80,59,1,1,1356,13,12,0
lower26,literal,512,16,10000,0.80,59,0,0,,,,0
lower26,literal,512,16,10000,0.80,60,1,1,1356,13,12,0
lower26,literal,512,16,10000,0.80,60,0,0,,,,0
lower26,literal,512,16,10000,0.80,61,1,1,1356,13,12,0
lower26,literal,512,16,10000,0.80,61,0,0,,,,0
lower26,literal,512,16,10000,0.80,62,1,1,1356,13,12,0
lower26,literal,512,16,10000,0.80,62,0,0,,,,0
lower26,literal,512,16,10000,0.80,63,1,1,1356,13,12,0
lower26,literal,512,16,10000,0.80,63,0,0,,,,0
lower26,literal,512,16,10000,0.80,64,1,1,1356,13,12,0
lower26,literal,512,16,10000,0.80,64,0,0,,,,0
lower26,literal,512,16,10000,0.80,65,1,1,1356,13,12,0
lower26,literal,512,16,10000,0.80,65,0,0,,,,0
lower26,literal,512,16,10000,0.80,66,1,1,1356,13,12,0
lower26,literal,512,16,10000,0.80,66,0,0,,,,0
lower26,literal,512,16,10000,0.80,67,1,1,1356,13,12,0
lower26,literal,512,16,10000,0.80,67,0,0,,,,0
lower26,literal,512,16,10000,0.80,68,1,1,1356,13,12,0
lower26,literal,512,16,10000,0.80,68,0,0,,,,0
lower26,literal,512,16,10000,0.80,69,1,1,1356,13,12,0
lower26,literal,512,16,10000,0.80,69,0,0,,,,0
lower26,literal,512,16,10000,0.80,70,1,1,1356,13,12,0
lower26,literal,512,16,10000,0.80,70,0,0,,,,0
lower26,literal,512,16,10000,0.80,71,1,1,1356,13,12,0
lower26,literal,512,16,10000,0.80,71,0,0,,,,0
lower26,literal,512,16,10000,0.80,72,1,1,1356,13,12,0
lower26,literal,512,16,10000,0.80,72,0,0,,,,0
lower26,literal,512,16,10000,0.80,73,1,1,1356,13,12,0
lower26,literal,512,16,10000,0.80,73,0,0,,,,0
lower26,literal,512,16,10000,0.80,74,1,1,1356,13,12,0
lower26,literal,512,16,10000,0.80,74,0,0,,,,0
lower26,literal,512,16,10000,0.80,75,1,1,1356,13,12,0
lower26,literal,512,16,10000,0.80,75,0,0,,,,0
lower26,literal,512,16,10000,0.80,76,1,1,1356,13,12,0
lower26,literal,512,16,10000,0.80,76,0,0,,,,0
lower26,literal,512,16,10000,0.80,77,1,1,1356,13,12,0
lower26,literal,512,16,10000,0.80,77,0,0,,,,0
lower26,literal,512,16,10000,0.80,78,1,1,1356,13,12,0
lower26,literal,512,16,10000,0.80,78,0,0,,,,0
lower26,literal,512,16,10000,0.80,79,1,1,1356,13,12,0
lower26,literal,512,16,10000,0.80,79,0,0,,,,0
lower26,literal,512,16,10000,0.80,80,1,1,1356,13,12,0
lower26,literal,512,16,10000,0.80,80,0,0,,,,0
lower26,literal,512,16,10000,0.80,81,1,1,1356,13,12,0
lower26,literal,512,16,10000,0.80,81,0,0,,,,0
lower26,literal,512,16,10000,0.80,82,1,1,1356,13,12,0
lower26,literal,512,16,10000,0.80,82,0,0,,,,0
lower26,literal,512,16,10000,0.80,83,1,1,1356,13,12,0
lower26,literal,512,16,10000,0.80,83,0,0,,,,0
lower26,literal,512,16,10000,0.80,84,1,1,1356,13,12,0
lower26,literal,512,16,10000,0.80,84,0,0,,,,0
lower26,literal,512,16,10000,0.80,85,1,1,1356,13,12,0
lower26,literal,512,16,10000,0.80,85,0,0,,,,0
lower26,literal,512,16,10000,0.80,86,1,1,1356,13,12,0
lower26,literal,512,16,10000,0.80,86,0,0,,,,0
lower26,literal,512,16,10000,0.80,87,1,1,1356,13,12,0
lower26,literal,512,16,10000,0.80,87,0,0,,,,0
lower26,literal,512,16,10000,0.80,88,1,1,1356,13,12,0
lower26,literal,512,16,10000,0.80,88,0,0,,,,0
lower26,literal,512,16,10000,0.80,89,1,1,1356,13,12,0
lower26,literal,512,16,10000,0.80,89,0,0,,,,0
lower26,literal,512,16,10000,0.80,90,1,1,1356,13,12,0
lower26,literal,512,16,10000,0.80,90,0,0,,,,0
lower26,literal,512,16,10000,0.80,91,1,1,1356,13,12,0
lower26,literal,512,16,10000,0.80,91,0,0,,,,0
lower26,literal,512,16,10000,0.80,92,1,1,1356,13,12,0
lower26,literal,512,16,10000,0.80,92,0,0,,,,0
lower26,literal,512,16,10000,0.80,93,1,1,1356,13,12,0
lower26,literal,512,16,10000,0.80,93,0,0,,,,0
lower26,literal,512,16,10000,0.80,94,1,1,1356,13,12,0
lower26,literal,512,16,10000,0.80,94,0,0,,,,0
lower26,literal,512,16,10000,0.80,95,1,1,1356,13,12,0
lower26,literal,512,16,10000,0.80,95,0,0,,,,0
lower26,literal,512,16,10000,0.80,96,1,1,1356,13,12,0
lower26,literal,512,16,10000,0.80,96,0,0,,,,0
lower26,literal,512,16,10000,0.80,97,1,1,1356,13,12,0
lower26,literal,512,16,10000,0.80,97,0,0,,,,0
lower26,literal,512,16,10000,0.80,98,1,1,1356,13,12,0
lower26,literal,512,16,10000,0.80,98,0,0,,,,0
lower26,literal,512,16,10000,0.80,99,1,1,1356,13,12,0
lower26,literal,512,16,10000,0.80,99,0,0,,,,0
lower26,literal,512,16,10000,0.80,100,1,1,1356,13,12,0
lower26,literal,512,16,10000,0.80,100,0,0,,,,0
lower26,literal,512,16,10000,0.90,1,1,1,1356,15,14,0
lower26,literal,512,16,10000,0.90,1,0,0,,,,0
lower26,literal,512,16,10000,0.90,2,1,1,1356,15,14,0
lower26,literal,512,16,10000,0.90,2,0,0,,,,0
lower26,literal,512,16,10000,0.90,3,1,1,1356,15,14,0
lower26,literal,512,16,10000,0.90,3,0,0,,,,0
lower26,literal,512,16,10000,0.90,4,1,1,1356,15,14,0
lower26,literal,512,16,10000,0.90,4,0,0,,,,0
lower26,literal,512,16,10000,0.90,5,1,1,1356,15,14,0
lower26,literal,512,16,10000,0.90,5,0,0,,,,0
lower26,literal,512,16,10000,0.90,6,1,1,1356,15,14,0
lower26,literal,512,16,10000,0.90,6,0,0,,,,0
lower26,literal,512,16,10000,0.90,7,1,1,1356,15,14,0
lower26,literal,512,16,10000,0.90,7,0,0,,,,0
lower26,literal,512,16,10000,0.90,8,1,1,1356,15,14,0
lower26,literal,512,16,10000,0.90,8,0,0,,,,0
lower26,literal,512,16,10000,0.90,9,1,1,1356,15,14,0
lower26,literal,512,16,10000,0.90,9,0,0,,,,0
lower26,literal,512,16,10000,0.90,10,1,1,1356,15,14,0
lower26,literal,512,16,10000,0.90,10,0,0,,,,0
lower26,literal,512,16,10000,0.90,11,1,1,1356,15,14,0
lower26,literal,512,16,10000,0.90,11,0,0,,,,0
lower26,literal,512,16,10000,0.90,12,1,1,1356,15,14,0
lower26,literal,512,16,10000,0.90,12,0,0,,,,0
lower26,literal,512,16,10000,0.90,13,1,1,1356,15,14,0
lower26,literal,512,16,10000,0.90,13,0,0,,,,0
lower26,literal,512,16,10000,0.90,14,1,1,1356,15,14,0
lower26,literal,512,16,10000,0.90,14,0,0,,,,0
lower26,literal,512,16,10000,0.90,15,1,1,1356,15,14,0
lower26,literal,512,16,10000,0.90,15,0,0,,,,0
lower26,literal,512,16,10000,0.90,16,1,1,1356,15,14,0
lower26,literal,512,16,10000,0.90,16,0,0,,,,0
lower26,literal,512,16,10000,0.90,17,1,1,1356,15,14,0
lower26,literal,512,16,10000,0.90,17,0,0,,,,0
lower26,literal,512,16,10000,0.90,18,1,1,1356,15,14,0
lower26,literal,512,16,10000,0.90,18,0,0,,,,0
lower26,literal,512,16,10000,0.90,19,1,1,1356,15,14,0
lower26,literal,512,16,10000,0.90,19,0,0,,,,0
lower26,literal,512,16,10000,0.90,20,1,1,1356,15,14,0
lower26,literal,512,16,10000,0.90,20,0,0,,,,0
lower26,literal,512,16,10000,0.90,21,1,1,1356,15,14,0
lower26,literal,512,16,10000,0.90,21,0,0,,,,0
lower26,literal,512,16,10000,0.90,22,1,1,1356,15,14,0
lower26,literal,512,16,10000,0.90,22,0,0,,,,0
lower26,literal,512,16,10000,0.90,23,1,1,1356,15,14,0
lower26,literal,512,16,10000,0.90,23,0,0,,,,0
lower26,literal,512,16,10000,0.90,24,1,1,1356,15,14,0
lower26,literal,512,16,10000,0.90,24,0,0,,,,0
lower26,literal,512,16,10000,0.90,25,1,1,1356,15,14,0
lower26,literal,512,16,10000,0.90,25,0,0,,,,0
lower26,literal,512,16,10000,0.90,26,1,1,1356,15,14,0
lower26,literal,512,16,10000,0.90,26,0,0,,,,0
lower26,literal,512,16,10000,0.90,27,1,1,1356,15,14,0
lower26,literal,512,16,10000,0.90,27,0,0,,,,0
lower26,literal,512,16,10000,0.90,28,1,1,1356,15,14,0
lower26,literal,512,16,10000,0.90,28,0,0,,,,0
lower26,literal,512,16,10000,0.90,29,1,1,1356,15,14,0
lower26,literal,512,16,10000,0.90,29,0,0,,,,0
lower26,literal,512,16,10000,0.90,30,1,1,1356,15,14,0
lower26,literal,512,16,10000,0.90,30,0,0,,,,0
lower26,literal,512,16,10000,0.90,31,1,1,1356,15,14,0
lower26,literal,512,16,10000,0.90,31,0,0,,,,0
lower26,literal,512,16,10000,0.90,32,1,1,1356,15,14,0
lower26,literal,512,16,10000,0.90,32,0,0,,,,0
lower26,literal,512,16,10000,0.90,33,1,1,1356,15,14,0
lower26,literal,512,16,10000,0.90,33,0,0,,,,0
lower26,literal,512,16,10000,0.90,34,1,1,1356,15,14,0
lower26,literal,512,16,10000,0.90,34,0,0,,,,0
lower26,literal,512,16,10000,0.90,35,1,1,1356,15,14,0
lower26,literal,512,16,10000,0.90,35,0,0,,,,0
lower26,literal,512,16,10000,0.90,36,1,1,1356,15,14,0
lower26,literal,512,16,10000,0.90,36,0,0,,,,0
lower26,literal,512,16,10000,0.90,37,1,1,1356,15,14,0
lower26,literal,512,16,10000,0.90,37,0,0,,,,0
lower26,literal,512,16,10000,0.90,38,1,1,1356,15,14,0
lower26,literal,512,16,10000,0.90,38,0,0,,,,0
lower26,literal,512,16,10000,0.90,39,1,1,1356,15,14,0
lower26,literal,512,16,10000,0.90,39,0,0,,,,0
lower26,literal,512,16,10000,0.90,40,1,1,1356,15,14,0
lower26,literal,512,16,10000,0.90,40,0,0,,,,0
lower26,literal,512,16,10000,0.90,41,1,1,1356,15,14,0
lower26,literal,512,16,10000,0.90,41,0,0,,,,0
lower26,literal,512,16,10000,0.90,42,1,1,1356,15,14,0
lower26,literal,512,16,10000,0.90,42,0,0,,,,0
lower26,literal,512,16,10000,0.90,43,1,1,1356,15,14,0
lower26,literal,512,16,10000,0.90,43,0,0,,,,0
lower26,literal,512,16,10000,0.90,44,1,1,1356,15,14,0
lower26,literal,512,16,10000,0.90,44,0,0,,,,0
lower26,literal,512,16,10000,0.90,45,1,1,1356,15,14,0
lower26,literal,512,16,10000,0.90,45,0,0,,,,0
lower26,literal,512,16,10000,0.90,46,1,1,1356,15,14,0
lower26,literal,512,16,10000,0.90,46,0,0,,,,0
lower26,literal,512,16,10000,0.90,47,1,1,1356,15,14,0
lower26,literal,512,16,10000,0.90,47,0,0,,,,0
lower26,literal,512,16,10000,0.90,48,1,1,1356,15,14,0
lower26,literal,512,16,10000,0.90,48,0,0,,,,0
lower26,literal,512,16,10000,0.90,49,1,1,1356,15,14,0
lower26,literal,512,16,10000,0.90,49,0,0,,,,0
lower26,literal,512,16,10000,0.90,50,1,1,1356,15,14,0
lower26,literal,512,16,10000,0.90,50,0,0,,,,0
lower26,literal,512,16,10000,0.90,51,1,1,1356,15,14,0
lower26,literal,512,16,10000,0.90,51,0,0,,,,0
lower26,literal,512,16,10000,0.90,52,1,1,1356,15,14,0
lower26,literal,512,16,10000,0.90,52,0,0,,,,0
lower26,literal,512,16,10000,0.90,53,1,1,1356,15,14,0
lower26,literal,512,16,10000,0.90,53,0,0,,,,0
lower26,literal,512,16,10000,0.90,54,1,1,1356,15,14,0
lower26,literal,512,16,10000,0.90,54,0,0,,,,0
lower26,literal,512,16,10000,0.90,55,1,1,1356,15,14,0
lower26,literal,512,16,10000,0.90,55,0,0,,,,0
lower26,literal,512,16,10000,0.90,56,1,1,1356,15,14,0
lower26,literal,512,16,10000,0.90,56,0,0,,,,0
lower26,literal,512,16,10000,0.90,57,1,1,1356,15,14,0
lower26,literal,512,16,10000,0.90,57,0,0,,,,0
lower26,literal,512,16,10000,0.90,58,1,1,1356,15,14,0
lower26,literal,512,16,10000,0.90,58,0,0,,,,0
lower26,literal,512,16,10000,0.90,59,1,1,1356,15,14,0
lower26,literal,512,16,10000,0.90,59,0,0,,,,0
lower26,literal,512,16,10000,0.90,60,1,1,1356,15,14,0
lower26,literal,512,16,10000,0.90,60,0,0,,,,0
lower26,literal,512,16,10000,0.90,61,1,1,1356,15,14,0
lower26,literal,512,16,10000,0.90,61,0,0,,,,0
lower26,literal,512,16,10000,0.90,62,1,1,1356,15,14,0
lower26,literal,512,16,10000,0.90,62,0,0,,,,0
lower26,literal,512,16,10000,0.90,63,1,1,1356,15,14,0
lower26,literal,512,16,10000,0.90,63,0,0,,,,0
lower26,literal,512,16,10000,0.90,64,1,1,1356,15,14,0
lower26,literal,512,16,10000,0.90,64,0,0,,,,0
lower26,literal,512,16,10000,0.90,65,1,1,1356,15,14,0
lower26,literal,512,16,10000,0.90,65,0,0,,,,0
lower26,literal,512,16,10000,0.90,66,1,1,1356,15,14,0
lower26,literal,512,16,10000,0.90,66,0,0,,,,0
lower26,literal,512,16,10000,0.90,67,1,1,1356,15,14,0
lower26,literal,512,16,10000,0.90,67,0,0,,,,0
lower26,literal,512,16,10000,0.90,68,1,1,1356,15,14,0
lower26,literal,512,16,10000,0.90,68,0,0,,,,0
lower26,literal,512,16,10000,0.90,69,1,1,1356,15,14,0
lower26,literal,512,16,10000,0.90,69,0,0,,,,0
lower26,literal,512,16,10000,0.90,70,1,1,1356,15,14,0
lower26,literal,512,16,10000,0.90,70,0,0,,,,0
lower26,literal,512,16,10000,0.90,71,1,1,1356,15,14,0
lower26,literal,512,16,10000,0.90,71,0,0,,,,0
lower26,literal,512,16,10000,0.90,72,1,1,1356,15,14,0
lower26,literal,512,16,10000,0.90,72,0,0,,,,0
lower26,literal,512,16,10000,0.90,73,1,1,1356,15,14,0
lower26,literal,512,16,10000,0.90,73,0,0,,,,0
lower26,literal,512,16,10000,0.90,74,1,1,1356,15,14,0
lower26,literal,512,16,10000,0.90,74,0,0,,,,0
lower26,literal,512,16,10000,0.90,75,1,1,1356,15,14,0
lower26,literal,512,16,10000,0.90,75,0,0,,,,0
lower26,literal,512,16,10000,0.90,76,1,1,1356,15,14,0
lower26,literal,512,16,10000,0.90,76,0,0,,,,0
lower26,literal,512,16,10000,0.90,77,1,1,1356,15,14,0
lower26,literal,512,16,10000,0.90,77,0,0,,,,0
lower26,literal,512,16,10000,0.90,78,1,1,1356,15,14,0
lower26,literal,512,16,10000,0.90,78,0,0,,,,0
lower26,literal,512,16,10000,0.90,79,1,1,1356,15,14,0
lower26,literal,512,16,10000,0.90,79,0,0,,,,0
lower26,literal,512,16,10000,0.90,80,1,1,1356,15,14,0
lower26,literal,512,16,10000,0.90,80,0,0,,,,0
lower26,literal,512,16,10000,0.90,81,1,1,1356,15,14,0
lower26,literal,512,16,10000,0.90,81,0,0,,,,0
lower26,literal,512,16,10000,0.90,82,1,1,1356,15,14,0
lower26,literal,512,16,10000,0.90,82,0,0,,,,0
lower26,literal,512,16,10000,0.90,83,1,1,1356,15,14,0
lower26,literal,512,16,10000,0.90,83,0,0,,,,0
lower26,literal,512,16,10000,0.90,84,1,1,1356,15,14,0
lower26,literal,512,16,10000,0.90,84,0,0,,,,0
lower26,literal,512,16,10000,0.90,85,1,1,1356,15,14,0
lower26,literal,512,16,10000,0.90,85,0,0,,,,0
lower26,literal,512,16,10000,0.90,86,1,1,1356,15,14,0
lower26,literal,512,16,10000,0.90,86,0,0,,,,0
lower26,literal,512,16,10000,0.90,87,1,1,1356,15,14,0
lower26,literal,512,16,10000,0.90,87,0,0,,,,0
lower26,literal,512,16,10000,0.90,88,1,1,1356,15,14,0
lower26,literal,512,16,10000,0.90,88,0,0,,,,0
lower26,literal,512,16,10000,0.90,89,1,1,1356,15,14,0
lower26,literal,512,16,10000,0.90,89,0,0,,,,0
lower26,literal,512,16,10000,0.90,90,1,1,1356,15,14,0
lower26,literal,512,16,10000,0.90,90,0,0,,,,0
lower26,literal,512,16,10000,0.90,91,1,1,1356,15,14,0
lower26,literal,512,16,10000,0.90,91,0,0,,,,0
lower26,literal,512,16,10000,0.90,92,1,1,1356,15,14,0
lower26,literal,512,16,10000,0.90,92,0,0,,,,0
lower26,literal,512,16,10000,0.90,93,1,1,1356,15,14,0
lower26,literal,512,16,10000,0.90,93,0,0,,,,0
lower26,literal,512,16,10000,0.90,94,1,1,1356,15,14,0
lower26,literal,512,16,10000,0.90,94,0,0,,,,0
lower26,literal,512,16,10000,0.90,95,1,1,1356,15,14,0
lower26,literal,512,16,10000,0.90,95,0,0,,,,0
lower26,literal,512,16,10000,0.90,96,1,1,1356,15,14,0
lower26,literal,512,16,10000,0.90,96,0,0,,,,0
lower26,literal,512,16,10000,0.90,97,1,1,1356,15,14,0
lower26,literal,512,16,10000,0.90,97,0,0,,,,0
lower26,literal,512,16,10000,0.90,98,1,1,1356,15,14,0
lower26,literal,512,16,10000,0.90,98,0,0,,,,0
lower26,literal,512,16,10000,0.90,99,1,1,1356,15,14,0
lower26,literal,512,16,10000,0.90,99,0,0,,,,0
lower26,literal,512,16,10000,0.90,100,1,1,1356,15,14,0
lower26,literal,512,16,10000,0.90,100,0,0,,,,0
lower26,literal,512,16,10000,0.95,1,1,1,1356,16,15,0
lower26,literal,512,16,10000,0.95,1,0,0,,,,0
lower26,literal,512,16,10000,0.95,2,1,1,1356,16,15,0
lower26,literal,512,16,10000,0.95,2,0,0,,,,0
lower26,literal,512,16,10000,0.95,3,1,1,1356,16,15,0
lower26,literal,512,16,10000,0.95,3,0,0,,,,0
lower26,literal,512,16,10000,0.95,4,1,1,1356,16,15,0
lower26,literal,512,16,10000,0.95,4,0,0,,,,0
lower26,literal,512,16,10000,0.95,5,1,1,1356,16,15,0
lower26,literal,512,16,10000,0.95,5,0,0,,,,0
lower26,literal,512,16,10000,0.95,6,1,1,1356,16,15,0
lower26,literal,512,16,10000,0.95,6,0,0,,,,0
lower26,literal,512,16,10000,0.95,7,1,1,1356,16,15,0
lower26,literal,512,16,10000,0.95,7,0,0,,,,0
lower26,literal,512,16,10000,0.95,8,1,1,1356,16,15,0
lower26,literal,512,16,10000,0.95,8,0,0,,,,0
lower26,literal,512,16,10000,0.95,9,1,1,1356,16,15,0
lower26,literal,512,16,10000,0.95,9,0,0,,,,0
lower26,literal,512,16,10000,0.95,10,1,1,1356,16,15,0
lower26,literal,512,16,10000,0.95,10,0,0,,,,0
lower26,literal,512,16,10000,0.95,11,1,1,1356,16,15,0
lower26,literal,512,16,10000,0.95,11,0,0,,,,0
lower26,literal,512,16,10000,0.95,12,1,1,1356,16,15,0
lower26,literal,512,16,10000,0.95,12,0,0,,,,0
lower26,literal,512,16,10000,0.95,13,1,1,1356,16,15,0
lower26,literal,512,16,10000,0.95,13,0,0,,,,0
lower26,literal,512,16,10000,0.95,14,1,1,1356,16,15,0
lower26,literal,512,16,10000,0.95,14,0,0,,,,0
lower26,literal,512,16,10000,0.95,15,1,1,1356,16,15,0
lower26,literal,512,16,10000,0.95,15,0,0,,,,0
lower26,literal,512,16,10000,0.95,16,1,1,1356,16,15,0
lower26,literal,512,16,10000,0.95,16,0,0,,,,0
lower26,literal,512,16,10000,0.95,17,1,1,1356,16,15,0
lower26,literal,512,16,10000,0.95,17,0,0,,,,0
lower26,literal,512,16,10000,0.95,18,1,1,1356,16,15,0
lower26,literal,512,16,10000,0.95,18,0,0,,,,0
lower26,literal,512,16,10000,0.95,19,1,1,1356,16,15,0
lower26,literal,512,16,10000,0.95,19,0,0,,,,0
lower26,literal,512,16,10000,0.95,20,1,1,1356,16,15,0
lower26,literal,512,16,10000,0.95,20,0,0,,,,0
lower26,literal,512,16,10000,0.95,21,1,1,1356,16,15,0
lower26,literal,512,16,10000,0.95,21,0,0,,,,0
lower26,literal,512,16,10000,0.95,22,1,1,1356,16,15,0
lower26,literal,512,16,10000,0.95,22,0,0,,,,0
lower26,literal,512,16,10000,0.95,23,1,1,1356,16,15,0
lower26,literal,512,16,10000,0.95,23,0,0,,,,0
lower26,literal,512,16,10000,0.95,24,1,1,1356,16,15,0
lower26,literal,512,16,10000,0.95,24,0,0,,,,0
lower26,literal,512,16,10000,0.95,25,1,1,1356,16,15,0
lower26,literal,512,16,10000,0.95,25,0,0,,,,0
lower26,literal,512,16,10000,0.95,26,1,1,1356,16,15,0
lower26,literal,512,16,10000,0.95,26,0,0,,,,0
lower26,literal,512,16,10000,0.95,27,1,1,1356,16,15,0
lower26,literal,512,16,10000,0.95,27,0,0,,,,0
lower26,literal,512,16,10000,0.95,28,1,1,1356,16,15,0
lower26,literal,512,16,10000,0.95,28,0,0,,,,0
lower26,literal,512,16,10000,0.95,29,1,1,1356,16,15,0
lower26,literal,512,16,10000,0.95,29,0,0,,,,0
lower26,literal,512,16,10000,0.95,30,1,1,1356,16,15,0
lower26,literal,512,16,10000,0.95,30,0,0,,,,0
lower26,literal,512,16,10000,0.95,31,1,1,1356,16,15,0
lower26,literal,512,16,10000,0.95,31,0,0,,,,0
lower26,literal,512,16,10000,0.95,32,1,1,1356,16,15,0
lower26,literal,512,16,10000,0.95,32,0,0,,,,0
lower26,literal,512,16,10000,0.95,33,1,1,1356,16,15,0
lower26,literal,512,16,10000,0.95,33,0,0,,,,0
lower26,literal,512,16,10000,0.95,34,1,1,1356,16,15,0
lower26,literal,512,16,10000,0.95,34,0,0,,,,0
lower26,literal,512,16,10000,0.95,35,1,1,1356,16,15,0
lower26,literal,512,16,10000,0.95,35,0,0,,,,0
lower26,literal,512,16,10000,0.95,36,1,1,1356,16,15,0
lower26,literal,512,16,10000,0.95,36,0,0,,,,0
lower26,literal,512,16,10000,0.95,37,1,1,1356,16,15,0
lower26,literal,512,16,10000,0.95,37,0,0,,,,0
lower26,literal,512,16,10000,0.95,38,1,1,1356,16,15,0
lower26,literal,512,16,10000,0.95,38,0,0,,,,0
lower26,literal,512,16,10000,0.95,39,1,1,1356,16,15,0
lower26,literal,512,16,10000,0.95,39,0,0,,,,0
lower26,literal,512,16,10000,0.95,40,1,1,1356,16,15,0
lower26,literal,512,16,10000,0.95,40,0,0,,,,0
lower26,literal,512,16,10000,0.95,41,1,1,1356,16,15,0
lower26,literal,512,16,10000,0.95,41,0,0,,,,0
lower26,literal,512,16,10000,0.95,42,1,1,1356,16,15,0
lower26,literal,512,16,10000,0.95,42,0,0,,,,0
lower26,literal,512,16,10000,0.95,43,1,1,1356,16,15,0
lower26,literal,512,16,10000,0.95,43,0,0,,,,0
lower26,literal,512,16,10000,0.95,44,1,1,1356,16,15,0
lower26,literal,512,16,10000,0.95,44,0,0,,,,0
lower26,literal,512,16,10000,0.95,45,1,1,1356,16,15,0
lower26,literal,512,16,10000,0.95,45,0,0,,,,0
lower26,literal,512,16,10000,0.95,46,1,1,1356,16,15,0
lower26,literal,512,16,10000,0.95,46,0,0,,,,0
lower26,literal,512,16,10000,0.95,47,1,1,1356,16,15,0
lower26,literal,512,16,10000,0.95,47,0,0,,,,0
lower26,literal,512,16,10000,0.95,48,1,1,1356,16,15,0
lower26,literal,512,16,10000,0.95,48,0,0,,,,0
lower26,literal,512,16,10000,0.95,49,1,1,1356,16,15,0
lower26,literal,512,16,10000,0.95,49,0,0,,,,0
lower26,literal,512,16,10000,0.95,50,1,1,1356,16,15,0
lower26,literal,512,16,10000,0.95,50,0,0,,,,0
lower26,literal,512,16,10000,0.95,51,1,1,1356,16,15,0
lower26,literal,512,16,10000,0.95,51,0,0,,,,0
lower26,literal,512,16,10000,0.95,52,1,1,1356,16,15,0
lower26,literal,512,16,10000,0.95,52,0,0,,,,0
lower26,literal,512,16,10000,0.95,53,1,1,1356,16,15,0
lower26,literal,512,16,10000,0.95,53,0,0,,,,0
lower26,literal,512,16,10000,0.95,54,1,1,1356,16,15,0
lower26,literal,512,16,10000,0.95,54,0,0,,,,0
lower26,literal,512,16,10000,0.95,55,1,1,1356,16,15,0
lower26,literal,512,16,10000,0.95,55,0,0,,,,0
lower26,literal,512,16,10000,0.95,56,1,1,1356,16,15,0
lower26,literal,512,16,10000,0.95,56,0,0,,,,0
lower26,literal,512,16,10000,0.95,57,1,1,1356,16,15,0
lower26,literal,512,16,10000,0.95,57,0,0,,,,0
lower26,literal,512,16,10000,0.95,58,1,1,1356,16,15,0
lower26,literal,512,16,10000,0.95,58,0,0,,,,0
lower26,literal,512,16,10000,0.95,59,1,1,1356,16,15,0
lower26,literal,512,16,10000,0.95,59,0,0,,,,0
lower26,literal,512,16,10000,0.95,60,1,1,1356,16,15,0
lower26,literal,512,16,10000,0.95,60,0,0,,,,0
lower26,literal,512,16,10000,0.95,61,1,1,1356,16,15,0
lower26,literal,512,16,10000,0.95,61,0,0,,,,0
lower26,literal,512,16,10000,0.95,62,1,1,1356,16,15,0
lower26,literal,512,16,10000,0.95,62,0,0,,,,0
lower26,literal,512,16,10000,0.95,63,1,1,1356,16,15,0
lower26,literal,512,16,10000,0.95,63,0,0,,,,0
lower26,literal,512,16,10000,0.95,64,1,1,1356,16,15,0
lower26,literal,512,16,10000,0.95,64,0,0,,,,0
lower26,literal,512,16,10000,0.95,65,1,1,1356,16,15,0
lower26,literal,512,16,10000,0.95,65,0,0,,,,0
lower26,literal,512,16,10000,0.95,66,1,1,1356,16,15,0
lower26,literal,512,16,10000,0.95,66,0,0,,,,0
lower26,literal,512,16,10000,0.95,67,1,1,1356,16,15,0
lower26,literal,512,16,10000,0.95,67,0,0,,,,0
lower26,literal,512,16,10000,0.95,68,1,1,1356,16,15,0
lower26,literal,512,16,10000,0.95,68,0,0,,,,0
lower26,literal,512,16,10000,0.95,69,1,1,1356,16,15,0
lower26,literal,512,16,10000,0.95,69,0,0,,,,0
lower26,literal,512,16,10000,0.95,70,1,1,1356,16,15,0
lower26,literal,512,16,10000,0.95,70,0,0,,,,0
lower26,literal,512,16,10000,0.95,71,1,1,1356,16,15,0
lower26,literal,512,16,10000,0.95,71,0,0,,,,0
lower26,literal,512,16,10000,0.95,72,1,1,1356,16,15,0
lower26,literal,512,16,10000,0.95,72,0,0,,,,0
lower26,literal,512,16,10000,0.95,73,1,1,1356,16,15,0
lower26,literal,512,16,10000,0.95,73,0,0,,,,0
lower26,literal,512,16,10000,0.95,74,1,1,1356,16,15,0
lower26,literal,512,16,10000,0.95,74,0,0,,,,0
lower26,literal,512,16,10000,0.95,75,1,1,1356,16,15,0
lower26,literal,512,16,10000,0.95,75,0,0,,,,0
lower26,literal,512,16,10000,0.95,76,1,1,1356,16,15,0
lower26,literal,512,16,10000,0.95,76,0,0,,,,0
lower26,literal,512,16,10000,0.95,77,1,1,1356,16,15,0
lower26,literal,512,16,10000,0.95,77,0,0,,,,0
lower26,literal,512,16,10000,0.95,78,1,1,1356,16,15,0
lower26,literal,512,16,10000,0.95,78,0,0,,,,0
lower26,literal,512,16,10000,0.95,79,1,1,1356,16,15,0
lower26,literal,512,16,10000,0.95,79,0,0,,,,0
lower26,literal,512,16,10000,0.95,80,1,1,1356,16,15,0
lower26,literal,512,16,10000,0.95,80,0,0,,,,0
lower26,literal,512,16,10000,0.95,81,1,1,1356,16,15,0
lower26,literal,512,16,10000,0.95,81,0,0,,,,0
lower26,literal,512,16,10000,0.95,82,1,1,1356,16,15,0
lower26,literal,512,16,10000,0.95,82,0,0,,,,0
lower26,literal,512,16,10000,0.95,83,1,1,1356,16,15,0
lower26,literal,512,16,10000,0.95,83,0,0,,,,0
lower26,literal,512,16,10000,0.95,84,1,1,1356,16,15,0
lower26,literal,512,16,10000,0.95,84,0,0,,,,0
lower26,literal,512,16,10000,0.95,85,1,1,1356,16,15,0
lower26,literal,512,16,10000,0.95,85,0,0,,,,0
lower26,literal,512,16,10000,0.95,86,1,1,1356,16,15,0
lower26,literal,512,16,10000,0.95,86,0,0,,,,0
lower26,literal,512,16,10000,0.95,87,1,1,1356,16,15,0
lower26,literal,512,16,10000,0.95,87,0,0,,,,0
lower26,literal,512,16,10000,0.95,88,1,1,1356,16,15,0
lower26,literal,512,16,10000,0.95,88,0,0,,,,0
lower26,literal,512,16,10000,0.95,89,1,1,1356,16,15,0
lower26,literal,512,16,10000,0.95,89,0,0,,,,0
lower26,literal,512,16,10000,0.95,90,1,1,1356,16,15,0
lower26,literal,512,16,10000,0.95,90,0,0,,,,0
lower26,literal,512,16,10000,0.95,91,1,1,1356,16,15,0
lower26,literal,512,16,10000,0.95,91,0,0,,,,0
lower26,literal,512,16,10000,0.95,92,1,1,1356,16,15,0
lower26,literal,512,16,10000,0.95,92,0,0,,,,0
lower26,literal,512,16,10000,0.95,93,1,1,1356,16,15,0
lower26,literal,512,16,10000,0.95,93,0,0,,,,0
lower26,literal,512,16,10000,0.95,94,1,1,1356,16,15,0
lower26,literal,512,16,10000,0.95,94,0,0,,,,0
lower26,literal,512,16,10000,0.95,95,1,1,1356,16,15,0
lower26,literal,512,16,10000,0.95,95,0,0,,,,0
lower26,literal,512,16,10000,0.95,96,1,1,1356,16,15,0
lower26,literal,512,16,10000,0.95,96,0,0,,,,0
lower26,literal,512,16,10000,0.95,97,1,1,1356,16,15,0
lower26,literal,512,16,10000,0.95,97,0,0,,,,0
lower26,literal,512,16,10000,0.95,98,1,1,1356,16,15,0
lower26,literal,512,16,10000,0.95,98,0,0,,,,0
lower26,literal,512,16,10000,0.95,99,1,1,1356,16,15,0
lower26,literal,512,16,10000,0.95,99,0,0,,,,0
lower26,literal,512,16,10000,0.95,100,1,1,1356,16,15,0
lower26,literal,512,16,10000,0.95,100,0,0,,,,0
lower26,literal,1024,32,10000,0.50,1,1,1,1356,17,16,0
lower26,literal,1024,32,10000,0.50,1,0,0,,,,0
lower26,literal,1024,32,10000,0.50,2,1,1,1356,17,16,0
lower26,literal,1024,32,10000,0.50,2,0,0,,,,0
lower26,literal,1024,32,10000,0.50,3,1,1,1356,17,16,0
lower26,literal,1024,32,10000,0.50,3,0,0,,,,0
lower26,literal,1024,32,10000,0.50,4,1,1,1356,17,16,0
lower26,literal,1024,32,10000,0.50,4,0,0,,,,0
lower26,literal,1024,32,10000,0.50,5,1,1,1356,17,16,0
lower26,literal,1024,32,10000,0.50,5,0,0,,,,0
lower26,literal,1024,32,10000,0.50,6,1,1,1356,17,16,0
lower26,literal,1024,32,10000,0.50,6,0,0,,,,0
lower26,literal,1024,32,10000,0.50,7,1,1,1356,17,16,0
lower26,literal,1024,32,10000,0.50,7,0,0,,,,0
lower26,literal,1024,32,10000,0.50,8,1,1,1356,17,16,0
lower26,literal,1024,32,10000,0.50,8,0,0,,,,0
lower26,literal,1024,32,10000,0.50,9,1,1,1356,17,16,0
lower26,literal,1024,32,10000,0.50,9,0,0,,,,0
lower26,literal,1024,32,10000,0.50,10,1,1,1356,17,16,0
lower26,literal,1024,32,10000,0.50,10,0,0,,,,0
lower26,literal,1024,32,10000,0.50,11,1,1,1356,17,16,0
lower26,literal,1024,32,10000,0.50,11,0,0,,,,0
lower26,literal,1024,32,10000,0.50,12,1,1,1356,17,16,0
lower26,literal,1024,32,10000,0.50,12,0,0,,,,0
lower26,literal,1024,32,10000,0.50,13,1,1,1356,17,16,0
lower26,literal,1024,32,10000,0.50,13,0,0,,,,0
lower26,literal,1024,32,10000,0.50,14,1,1,1356,17,16,0
lower26,literal,1024,32,10000,0.50,14,0,0,,,,0
lower26,literal,1024,32,10000,0.50,15,1,1,1356,17,16,0
lower26,literal,1024,32,10000,0.50,15,0,0,,,,0
lower26,literal,1024,32,10000,0.50,16,1,1,1356,17,16,0
lower26,literal,1024,32,10000,0.50,16,0,0,,,,0
lower26,literal,1024,32,10000,0.50,17,1,1,1356,17,16,0
lower26,literal,1024,32,10000,0.50,17,0,0,,,,0
lower26,literal,1024,32,10000,0.50,18,1,1,1356,17,16,0
lower26,literal,1024,32,10000,0.50,18,0,0,,,,0
lower26,literal,1024,32,10000,0.50,19,1,1,1356,17,16,0
lower26,literal,1024,32,10000,0.50,19,0,0,,,,0
lower26,literal,1024,32,10000,0.50,20,1,1,1356,17,16,0
lower26,literal,1024,32,10000,0.50,20,0,0,,,,0
lower26,literal,1024,32,10000,0.50,21,1,1,1356,17,16,0
lower26,literal,1024,32,10000,0.50,21,0,0,,,,0
lower26,literal,1024,32,10000,0.50,22,1,1,1356,17,16,0
lower26,literal,1024,32,10000,0.50,22,0,0,,,,0
lower26,literal,1024,32,10000,0.50,23,1,1,1356,17,16,0
lower26,literal,1024,32,10000,0.50,23,0,0,,,,0
lower26,literal,1024,32,10000,0.50,24,1,1,1356,17,16,0
lower26,literal,1024,32,10000,0.50,24,0,0,,,,0
lower26,literal,1024,32,10000,0.50,25,1,1,1356,17,16,0
lower26,literal,1024,32,10000,0.50,25,0,0,,,,0
lower26,literal,1024,32,10000,0.50,26,1,1,1356,17,16,0
lower26,literal,1024,32,10000,0.50,26,0,0,,,,0
lower26,literal,1024,32,10000,0.50,27,1,1,1356,17,16,0
lower26,literal,1024,32,10000,0.50,27,0,0,,,,0
lower26,literal,1024,32,10000,0.50,28,1,1,1356,17,16,0
lower26,literal,1024,32,10000,0.50,28,0,0,,,,0
lower26,literal,1024,32,10000,0.50,29,1,1,1356,17,16,0
lower26,literal,1024,32,10000,0.50,29,0,0,,,,0
lower26,literal,1024,32,10000,0.50,30,1,1,1356,17,16,0
lower26,literal,1024,32,10000,0.50,30,0,0,,,,0
lower26,literal,1024,32,10000,0.50,31,1,1,1356,17,16,0
lower26,literal,1024,32,10000,0.50,31,0,0,,,,0
lower26,literal,1024,32,10000,0.50,32,1,1,1356,17,16,0
lower26,literal,1024,32,10000,0.50,32,0,0,,,,0
lower26,literal,1024,32,10000,0.50,33,1,1,1356,17,16,0
lower26,literal,1024,32,10000,0.50,33,0,0,,,,0
lower26,literal,1024,32,10000,0.50,34,1,1,1356,17,16,0
lower26,literal,1024,32,10000,0.50,34,0,0,,,,0
lower26,literal,1024,32,10000,0.50,35,1,1,1356,17,16,0
lower26,literal,1024,32,10000,0.50,35,0,0,,,,0
lower26,literal,1024,32,10000,0.50,36,1,1,1356,17,16,0
lower26,literal,1024,32,10000,0.50,36,0,0,,,,0
lower26,literal,1024,32,10000,0.50,37,1,1,1356,17,16,0
lower26,literal,1024,32,10000,0.50,37,0,0,,,,0
lower26,literal,1024,32,10000,0.50,38,1,1,1356,17,16,0
lower26,literal,1024,32,10000,0.50,38,0,0,,,,0
lower26,literal,1024,32,10000,0.50,39,1,1,1356,17,16,0
lower26,literal,1024,32,10000,0.50,39,0,0,,,,0
lower26,literal,1024,32,10000,0.50,40,1,1,1356,17,16,0
lower26,literal,1024,32,10000,0.50,40,0,0,,,,0
lower26,literal,1024,32,10000,0.50,41,1,1,1356,17,16,0
lower26,literal,1024,32,10000,0.50,41,0,0,,,,0
lower26,literal,1024,32,10000,0.50,42,1,1,1356,17,16,0
lower26,literal,1024,32,10000,0.50,42,0,0,,,,0
lower26,literal,1024,32,10000,0.50,43,1,1,1356,17,16,0
lower26,literal,1024,32,10000,0.50,43,0,0,,,,0
lower26,literal,1024,32,10000,0.50,44,1,1,1356,17,16,0
lower26,literal,1024,32,10000,0.50,44,0,0,,,,0
lower26,literal,1024,32,10000,0.50,45,1,1,1356,17,16,0
lower26,literal,1024,32,10000,0.50,45,0,0,,,,0
lower26,literal,1024,32,10000,0.50,46,1,1,1356,17,16,0
lower26,literal,1024,32,10000,0.50,46,0,0,,,,0
lower26,literal,1024,32,10000,0.50,47,1,1,1356,17,16,0
lower26,literal,1024,32,10000,0.50,47,0,0,,,,0
lower26,literal,1024,32,10000,0.50,48,1,1,1356,17,16,0
lower26,literal,1024,32,10000,0.50,48,0,0,,,,0
lower26,literal,1024,32,10000,0.50,49,1,1,1356,17,16,0
lower26,literal,1024,32,10000,0.50,49,0,0,,,,0
lower26,literal,1024,32,10000,0.50,50,1,1,1356,17,16,0
lower26,literal,1024,32,10000,0.50,50,0,0,,,,0
lower26,literal,1024,32,10000,0.50,51,1,1,1356,17,16,0
lower26,literal,1024,32,10000,0.50,51,0,0,,,,0
lower26,literal,1024,32,10000,0.50,52,1,1,1356,17,16,0
lower26,literal,1024,32,10000,0.50,52,0,0,,,,0
lower26,literal,1024,32,10000,0.50,53,1,1,1356,17,16,0
lower26,literal,1024,32,10000,0.50,53,0,0,,,,0
lower26,literal,1024,32,10000,0.50,54,1,1,1356,17,16,0
lower26,literal,1024,32,10000,0.50,54,0,0,,,,0
lower26,literal,1024,32,10000,0.50,55,1,1,1356,17,16,0
lower26,literal,1024,32,10000,0.50,55,0,0,,,,0
lower26,literal,1024,32,10000,0.50,56,1,1,1356,17,16,0
lower26,literal,1024,32,10000,0.50,56,0,0,,,,0
lower26,literal,1024,32,10000,0.50,57,1,1,1356,17,16,0
lower26,literal,1024,32,10000,0.50,57,0,0,,,,0
lower26,literal,1024,32,10000,0.50,58,1,1,1356,17,16,0
lower26,literal,1024,32,10000,0.50,58,0,0,,,,0
lower26,literal,1024,32,10000,0.50,59,1,1,1356,17,16,0
lower26,literal,1024,32,10000,0.50,59,0,0,,,,0
lower26,literal,1024,32,10000,0.50,60,1,1,1356,17,16,0
lower26,literal,1024,32,10000,0.50,60,0,0,,,,0
lower26,literal,1024,32,10000,0.50,61,1,1,1356,17,16,0
lower26,literal,1024,32,10000,0.50,61,0,0,,,,0
lower26,literal,1024,32,10000,0.50,62,1,1,1356,17,16,0
lower26,literal,1024,32,10000,0.50,62,0,0,,,,0
lower26,literal,1024,32,10000,0.50,63,1,1,1356,17,16,0
lower26,literal,1024,32,10000,0.50,63,0,0,,,,0
lower26,literal,1024,32,10000,0.50,64,1,1,1356,17,16,0
lower26,literal,1024,32,10000,0.50,64,0,0,,,,0
lower26,literal,1024,32,10000,0.50,65,1,1,1356,17,16,0
lower26,literal,1024,32,10000,0.50,65,0,0,,,,0
lower26,literal,1024,32,10000,0.50,66,1,1,1356,17,16,0
lower26,literal,1024,32,10000,0.50,66,0,0,,,,0
lower26,literal,1024,32,10000,0.50,67,1,1,1356,17,16,0
lower26,literal,1024,32,10000,0.50,67,0,0,,,,0
lower26,literal,1024,32,10000,0.50,68,1,1,1356,17,16,0
lower26,literal,1024,32,10000,0.50,68,0,0,,,,0
lower26,literal,1024,32,10000,0.50,69,1,1,1356,17,16,0
lower26,literal,1024,32,10000,0.50,69,0,0,,,,0
lower26,literal,1024,32,10000,0.50,70,1,1,1356,17,16,0
lower26,literal,1024,32,10000,0.50,70,0,0,,,,0
lower26,literal,1024,32,10000,0.50,71,1,1,1356,17,16,0
lower26,literal,1024,32,10000,0.50,71,0,0,,,,0
lower26,literal,1024,32,10000,0.50,72,1,1,1356,17,16,0
lower26,literal,1024,32,10000,0.50,72,0,0,,,,0
lower26,literal,1024,32,10000,0.50,73,1,1,1356,17,16,0
lower26,literal,1024,32,10000,0.50,73,0,0,,,,0
lower26,literal,1024,32,10000,0.50,74,1,1,1356,17,16,0
lower26,literal,1024,32,10000,0.50,74,0,0,,,,0
lower26,literal,1024,32,10000,0.50,75,1,1,1356,17,16,0
lower26,literal,1024,32,10000,0.50,75,0,0,,,,0
lower26,literal,1024,32,10000,0.50,76,1,1,1356,17,16,0
lower26,literal,1024,32,10000,0.50,76,0,0,,,,0
lower26,literal,1024,32,10000,0.50,77,1,1,1356,17,16,0
lower26,literal,1024,32,10000,0.50,77,0,0,,,,0
lower26,literal,1024,32,10000,0.50,78,1,1,1356,17,16,0
lower26,literal,1024,32,10000,0.50,78,0,0,,,,0
lower26,literal,1024,32,10000,0.50,79,1,1,1356,17,16,0
lower26,literal,1024,32,10000,0.50,79,0,0,,,,0
lower26,literal,1024,32,10000,0.50,80,1,1,1356,17,16,0
lower26,literal,1024,32,10000,0.50,80,0,0,,,,0
lower26,literal,1024,32,10000,0.50,81,1,1,1356,17,16,0
lower26,literal,1024,32,10000,0.50,81,0,0,,,,0
lower26,literal,1024,32,10000,0.50,82,1,1,1356,17,16,0
lower26,literal,1024,32,10000,0.50,82,0,0,,,,0
lower26,literal,1024,32,10000,0.50,83,1,1,1356,17,16,0
lower26,literal,1024,32,10000,0.50,83,0,0,,,,0
lower26,literal,1024,32,10000,0.50,84,1,1,1356,17,16,0
lower26,literal,1024,32,10000,0.50,84,0,0,,,,0
lower26,literal,1024,32,10000,0.50,85,1,1,1356,17,16,0
lower26,literal,1024,32,10000,0.50,85,0,0,,,,0
lower26,literal,1024,32,10000,0.50,86,1,1,1356,17,16,0
lower26,literal,1024,32,10000,0.50,86,0,0,,,,0
lower26,literal,1024,32,10000,0.50,87,1,1,1356,17,16,0
lower26,literal,1024,32,10000,0.50,87,0,0,,,,0
lower26,literal,1024,32,10000,0.50,88,1,1,1356,17,16,0
lower26,literal,1024,32,10000,0.50,88,0,0,,,,0
lower26,literal,1024,32,10000,0.50,89,1,1,1356,17,16,0
lower26,literal,1024,32,10000,0.50,89,0,0,,,,0
lower26,literal,1024,32,10000,0.50,90,1,1,1356,17,16,0
lower26,literal,1024,32,10000,0.50,90,0,0,,,,0
lower26,literal,1024,32,10000,0.50,91,1,1,1356,17,16,0
lower26,literal,1024,32,10000,0.50,91,0,0,,,,0
lower26,literal,1024,32,10000,0.50,92,1,1,1356,17,16,0
lower26,literal,1024,32,10000,0.50,92,0,0,,,,0
lower26,literal,1024,32,10000,0.50,93,1,1,1356,17,16,0
lower26,literal,1024,32,10000,0.50,93,0,0,,,,0
lower26,literal,1024,32,10000,0.50,94,1,1,1356,17,16,0
lower26,literal,1024,32,10000,0.50,94,0,0,,,,0
lower26,literal,1024,32,10000,0.50,95,1,1,1356,17,16,0
lower26,literal,1024,32,10000,0.50,95,0,0,,,,0
lower26,literal,1024,32,10000,0.50,96,1,1,1356,17,16,0
lower26,literal,1024,32,10000,0.50,96,0,0,,,,0
lower26,literal,1024,32,10000,0.50,97,1,1,1356,17,16,0
lower26,literal,1024,32,10000,0.50,97,0,0,,,,0
lower26,literal,1024,32,10000,0.50,98,1,1,1356,17,16,0
lower26,literal,1024,32,10000,0.50,98,0,0,,,,0
lower26,literal,1024,32,10000,0.50,99,1,1,1356,17,16,0
lower26,literal,1024,32,10000,0.50,99,0,0,,,,0
lower26,literal,1024,32,10000,0.50,100,1,1,1356,17,16,0
lower26,literal,1024,32,10000,0.50,100,0,0,,,,0
lower26,literal,1024,32,10000,0.60,1,1,1,1356,20,19,0
lower26,literal,1024,32,10000,0.60,1,0,0,,,,0
lower26,literal,1024,32,10000,0.60,2,1,1,1356,20,19,0
lower26,literal,1024,32,10000,0.60,2,0,0,,,,0
lower26,literal,1024,32,10000,0.60,3,1,1,1356,20,19,0
lower26,literal,1024,32,10000,0.60,3,0,0,,,,0
lower26,literal,1024,32,10000,0.60,4,1,1,1356,20,19,0
lower26,literal,1024,32,10000,0.60,4,0,0,,,,0
lower26,literal,1024,32,10000,0.60,5,1,1,1356,20,19,0
lower26,literal,1024,32,10000,0.60,5,0,0,,,,0
lower26,literal,1024,32,10000,0.60,6,1,1,1356,20,19,0
lower26,literal,1024,32,10000,0.60,6,0,0,,,,0
lower26,literal,1024,32,10000,0.60,7,1,1,1356,20,19,0
lower26,literal,1024,32,10000,0.60,7,0,0,,,,0
lower26,literal,1024,32,10000,0.60,8,1,1,1356,20,19,0
lower26,literal,1024,32,10000,0.60,8,0,0,,,,0
lower26,literal,1024,32,10000,0.60,9,1,1,1356,20,19,0
lower26,literal,1024,32,10000,0.60,9,0,0,,,,0
lower26,literal,1024,32,10000,0.60,10,1,1,1356,20,19,0
lower26,literal,1024,32,10000,0.60,10,0,0,,,,0
lower26,literal,1024,32,10000,0.60,11,1,1,1356,20,19,0
lower26,literal,1024,32,10000,0.60,11,0,0,,,,0
lower26,literal,1024,32,10000,0.60,12,1,1,1356,20,19,0
lower26,literal,1024,32,10000,0.60,12,0,0,,,,0
lower26,literal,1024,32,10000,0.60,13,1,1,1356,20,19,0
lower26,literal,1024,32,10000,0.60,13,0,0,,,,0
lower26,literal,1024,32,10000,0.60,14,1,1,1356,20,19,0
lower26,literal,1024,32,10000,0.60,14,0,0,,,,0
lower26,literal,1024,32,10000,0.60,15,1,1,1356,20,19,0
lower26,literal,1024,32,10000,0.60,15,0,0,,,,0
lower26,literal,1024,32,10000,0.60,16,1,1,1356,20,19,0
lower26,literal,1024,32,10000,0.60,16,0,0,,,,0
lower26,literal,1024,32,10000,0.60,17,1,1,1356,20,19,0
lower26,literal,1024,32,10000,0.60,17,0,0,,,,0
lower26,literal,1024,32,10000,0.60,18,1,1,1356,20,19,0
lower26,literal,1024,32,10000,0.60,18,0,0,,,,0
lower26,literal,1024,32,10000,0.60,19,1,1,1356,20,19,0
lower26,literal,1024,32,10000,0.60,19,0,0,,,,0
lower26,literal,1024,32,10000,0.60,20,1,1,1356,20,19,0
lower26,literal,1024,32,10000,0.60,20,0,0,,,,0
lower26,literal,1024,32,10000,0.60,21,1,1,1356,20,19,0
lower26,literal,1024,32,10000,0.60,21,0,0,,,,0
lower26,literal,1024,32,10000,0.60,22,1,1,1356,20,19,0
lower26,literal,1024,32,10000,0.60,22,0,0,,,,0
lower26,literal,1024,32,10000,0.60,23,1,1,1356,20,19,0
lower26,literal,1024,32,10000,0.60,23,0,0,,,,0
lower26,literal,1024,32,10000,0.60,24,1,1,1356,20,19,0
lower26,literal,1024,32,10000,0.60,24,0,0,,,,0
lower26,literal,1024,32,10000,0.60,25,1,1,1356,20,19,0
lower26,literal,1024,32,10000,0.60,25,0,0,,,,0
lower26,literal,1024,32,10000,0.60,26,1,1,1356,20,19,0
lower26,literal,1024,32,10000,0.60,26,0,0,,,,0
lower26,literal,1024,32,10000,0.60,27,1,1,1356,20,19,0
lower26,literal,1024,32,10000,0.60,27,0,0,,,,0
lower26,literal,1024,32,10000,0.60,28,1,1,1356,20,19,0
lower26,literal,1024,32,10000,0.60,28,0,0,,,,0
lower26,literal,1024,32,10000,0.60,29,1,1,1356,20,19,0
lower26,literal,1024,32,10000,0.60,29,0,0,,,,0
lower26,literal,1024,32,10000,0.60,30,1,1,1356,20,19,0
lower26,literal,1024,32,10000,0.60,30,0,0,,,,0
lower26,literal,1024,32,10000,0.60,31,1,1,1356,20,19,0
lower26,literal,1024,32,10000,0.60,31,0,0,,,,0
lower26,literal,1024,32,10000,0.60,32,1,1,1356,20,19,0
lower26,literal,1024,32,10000,0.60,32,0,0,,,,0
lower26,literal,1024,32,10000,0.60,33,1,1,1356,20,19,0
lower26,literal,1024,32,10000,0.60,33,0,0,,,,0
lower26,literal,1024,32,10000,0.60,34,1,1,1356,20,19,0
lower26,literal,1024,32,10000,0.60,34,0,0,,,,0
lower26,literal,1024,32,10000,0.60,35,1,1,1356,20,19,0
lower26,literal,1024,32,10000,0.60,35,0,0,,,,0
lower26,literal,1024,32,10000,0.60,36,1,1,1356,20,19,0
lower26,literal,1024,32,10000,0.60,36,0,0,,,,0
lower26,literal,1024,32,10000,0.60,37,1,1,1356,20,19,0
lower26,literal,1024,32,10000,0.60,37,0,0,,,,0
lower26,literal,1024,32,10000,0.60,38,1,1,1356,20,19,0
lower26,literal,1024,32,10000,0.60,38,0,0,,,,0
lower26,literal,1024,32,10000,0.60,39,1,1,1356,20,19,0
lower26,literal,1024,32,10000,0.60,39,0,0,,,,0
lower26,literal,1024,32,10000,0.60,40,1,1,1356,20,19,0
lower26,literal,1024,32,10000,0.60,40,0,0,,,,0
lower26,literal,1024,32,10000,0.60,41,1,1,1356,20,19,0
lower26,literal,1024,32,10000,0.60,41,0,0,,,,0
lower26,literal,1024,32,10000,0.60,42,1,1,1356,20,19,0
lower26,literal,1024,32,10000,0.60,42,0,0,,,,0
lower26,literal,1024,32,10000,0.60,43,1,1,1356,20,19,0
lower26,literal,1024,32,10000,0.60,43,0,0,,,,0
lower26,literal,1024,32,10000,0.60,44,1,1,1356,20,19,0
lower26,literal,1024,32,10000,0.60,44,0,0,,,,0
lower26,literal,1024,32,10000,0.60,45,1,1,1356,20,19,0
lower26,literal,1024,32,10000,0.60,45,0,0,,,,0
lower26,literal,1024,32,10000,0.60,46,1,1,1356,20,19,0
lower26,literal,1024,32,10000,0.60,46,0,0,,,,0
lower26,literal,1024,32,10000,0.60,47,1,1,1356,20,19,0
lower26,literal,1024,32,10000,0.60,47,0,0,,,,0
lower26,literal,1024,32,10000,0.60,48,1,1,1356,20,19,0
lower26,literal,1024,32,10000,0.60,48,0,0,,,,0
lower26,literal,1024,32,10000,0.60,49,1,1,1356,20,19,0
lower26,literal,1024,32,10000,0.60,49,0,0,,,,0
lower26,literal,1024,32,10000,0.60,50,1,1,1356,20,19,0
lower26,literal,1024,32,10000,0.60,50,0,0,,,,0
lower26,literal,1024,32,10000,0.60,51,1,1,1356,20,19,0
lower26,literal,1024,32,10000,0.60,51,0,0,,,,0
lower26,literal,1024,32,10000,0.60,52,1,1,1356,20,19,0
lower26,literal,1024,32,10000,0.60,52,0,0,,,,0
lower26,literal,1024,32,10000,0.60,53,1,1,1356,20,19,0
lower26,literal,1024,32,10000,0.60,53,0,0,,,,0
lower26,literal,1024,32,10000,0.60,54,1,1,1356,20,19,0
lower26,literal,1024,32,10000,0.60,54,0,0,,,,0
lower26,literal,1024,32,10000,0.60,55,1,1,1356,20,19,0
lower26,literal,1024,32,10000,0.60,55,0,0,,,,0
lower26,literal,1024,32,10000,0.60,56,1,1,1356,20,19,0
lower26,literal,1024,32,10000,0.60,56,0,0,,,,0
lower26,literal,1024,32,10000,0.60,57,1,1,1356,20,19,0
lower26,literal,1024,32,10000,0.60,57,0,0,,,,0
lower26,literal,1024,32,10000,0.60,58,1,1,1356,20,19,0
lower26,literal,1024,32,10000,0.60,58,0,0,,,,0
lower26,literal,1024,32,10000,0.60,59,1,1,1356,20,19,0
lower26,literal,1024,32,10000,0.60,59,0,0,,,,0
lower26,literal,1024,32,10000,0.60,60,1,1,1356,20,19,0
lower26,literal,1024,32,10000,0.60,60,0,0,,,,0
lower26,literal,1024,32,10000,0.60,61,1,1,1356,20,19,0
lower26,literal,1024,32,10000,0.60,61,0,0,,,,0
lower26,literal,1024,32,10000,0.60,62,1,1,1356,20,19,0
lower26,literal,1024,32,10000,0.60,62,0,0,,,,0
lower26,literal,1024,32,10000,0.60,63,1,1,1356,20,19,0
lower26,literal,1024,32,10000,0.60,63,0,0,,,,0
lower26,literal,1024,32,10000,0.60,64,1,1,1356,20,19,0
lower26,literal,1024,32,10000,0.60,64,0,0,,,,0
lower26,literal,1024,32,10000,0.60,65,1,1,1356,20,19,0
lower26,literal,1024,32,10000,0.60,65,0,0,,,,0
lower26,literal,1024,32,10000,0.60,66,1,1,1356,20,19,0
lower26,literal,1024,32,10000,0.60,66,0,0,,,,0
lower26,literal,1024,32,10000,0.60,67,1,1,1356,20,19,0
lower26,literal,1024,32,10000,0.60,67,0,0,,,,0
lower26,literal,1024,32,10000,0.60,68,1,1,1356,20,19,0
lower26,literal,1024,32,10000,0.60,68,0,0,,,,0
lower26,literal,1024,32,10000,0.60,69,1,1,1356,20,19,0
lower26,literal,1024,32,10000,0.60,69,0,0,,,,0
lower26,literal,1024,32,10000,0.60,70,1,1,1356,20,19,0
lower26,literal,1024,32,10000,0.60,70,0,0,,,,0
lower26,literal,1024,32,10000,0.60,71,1,1,1356,20,19,0
lower26,literal,1024,32,10000,0.60,71,0,0,,,,0
lower26,literal,1024,32,10000,0.60,72,1,1,1356,20,19,0
lower26,literal,1024,32,10000,0.60,72,0,0,,,,0
lower26,literal,1024,32,10000,0.60,73,1,1,1356,20,19,0
lower26,literal,1024,32,10000,0.60,73,0,0,,,,0
lower26,literal,1024,32,10000,0.60,74,1,1,1356,20,19,0
lower26,literal,1024,32,10000,0.60,74,0,0,,,,0
lower26,literal,1024,32,10000,0.60,75,1,1,1356,20,19,0
lower26,literal,1024,32,10000,0.60,75,0,0,,,,0
lower26,literal,1024,32,10000,0.60,76,1,1,1356,20,19,0
lower26,literal,1024,32,10000,0.60,76,0,0,,,,0
lower26,literal,1024,32,10000,0.60,77,1,1,1356,20,19,0
lower26,literal,1024,32,10000,0.60,77,0,0,,,,0
lower26,literal,1024,32,10000,0.60,78,1,1,1356,20,19,0
lower26,literal,1024,32,10000,0.60,78,0,0,,,,0
lower26,literal,1024,32,10000,0.60,79,1,1,1356,20,19,0
lower26,literal,1024,32,10000,0.60,79,0,0,,,,0
lower26,literal,1024,32,10000,0.60,80,1,1,1356,20,19,0
lower26,literal,1024,32,10000,0.60,80,0,0,,,,0
lower26,literal,1024,32,10000,0.60,81,1,1,1356,20,19,0
lower26,literal,1024,32,10000,0.60,81,0,0,,,,0
lower26,literal,1024,32,10000,0.60,82,1,1,1356,20,19,0
lower26,literal,1024,32,10000,0.60,82,0,0,,,,0
lower26,literal,1024,32,10000,0.60,83,1,1,1356,20,19,0
lower26,literal,1024,32,10000,0.60,83,0,0,,,,0
lower26,literal,1024,32,10000,0.60,84,1,1,1356,20,19,0
lower26,literal,1024,32,10000,0.60,84,0,0,,,,0
lower26,literal,1024,32,10000,0.60,85,1,1,1356,20,19,0
lower26,literal,1024,32,10000,0.60,85,0,0,,,,0
lower26,literal,1024,32,10000,0.60,86,1,1,1356,20,19,0
lower26,literal,1024,32,10000,0.60,86,0,0,,,,0
lower26,literal,1024,32,10000,0.60,87,1,1,1356,20,19,0
lower26,literal,1024,32,10000,0.60,87,0,0,,,,0
lower26,literal,1024,32,10000,0.60,88,1,1,1356,20,19,0
lower26,literal,1024,32,10000,0.60,88,0,0,,,,0
lower26,literal,1024,32,10000,0.60,89,1,1,1356,20,19,0
lower26,literal,1024,32,10000,0.60,89,0,0,,,,0
lower26,literal,1024,32,10000,0.60,90,1,1,1356,20,19,0
lower26,literal,1024,32,10000,0.60,90,0,0,,,,0
lower26,literal,1024,32,10000,0.60,91,1,1,1356,20,19,0
lower26,literal,1024,32,10000,0.60,91,0,0,,,,0
lower26,literal,1024,32,10000,0.60,92,1,1,1356,20,19,0
lower26,literal,1024,32,10000,0.60,92,0,0,,,,0
lower26,literal,1024,32,10000,0.60,93,1,1,1356,20,19,0
lower26,literal,1024,32,10000,0.60,93,0,0,,,,0
lower26,literal,1024,32,10000,0.60,94,1,1,1356,20,19,0
lower26,literal,1024,32,10000,0.60,94,0,0,,,,0
lower26,literal,1024,32,10000,0.60,95,1,1,1356,20,19,0
lower26,literal,1024,32,10000,0.60,95,0,0,,,,0
lower26,literal,1024,32,10000,0.60,96,1,1,1356,20,19,0
lower26,literal,1024,32,10000,0.60,96,0,0,,,,0
lower26,literal,1024,32,10000,0.60,97,1,1,1356,20,19,0
lower26,literal,1024,32,10000,0.60,97,0,0,,,,0
lower26,literal,1024,32,10000,0.60,98,1,1,1356,20,19,0
lower26,literal,1024,32,10000,0.60,98,0,0,,,,0
lower26,literal,1024,32,10000,0.60,99,1,1,1356,20,19,0
lower26,literal,1024,32,10000,0.60,99,0,0,,,,0
lower26,literal,1024,32,10000,0.60,100,1,1,1356,20,19,0
lower26,literal,1024,32,10000,0.60,100,0,0,,,,0
lower26,literal,1024,32,10000,0.70,1,1,1,1356,23,22,0
lower26,literal,1024,32,10000,0.70,1,0,0,,,,0
lower26,literal,1024,32,10000,0.70,2,1,1,1356,23,22,0
lower26,literal,1024,32,10000,0.70,2,0,0,,,,0
lower26,literal,1024,32,10000,0.70,3,1,1,1356,23,22,0
lower26,literal,1024,32,10000,0.70,3,0,0,,,,0
lower26,literal,1024,32,10000,0.70,4,1,1,1356,23,22,0
lower26,literal,1024,32,10000,0.70,4,0,0,,,,0
lower26,literal,1024,32,10000,0.70,5,1,1,1356,23,22,0
lower26,literal,1024,32,10000,0.70,5,0,0,,,,0
lower26,literal,1024,32,10000,0.70,6,1,1,1356,23,22,0
lower26,literal,1024,32,10000,0.70,6,0,0,,,,0
lower26,literal,1024,32,10000,0.70,7,1,1,1356,23,22,0
lower26,literal,1024,32,10000,0.70,7,0,0,,,,0
lower26,literal,1024,32,10000,0.70,8,1,1,1356,23,22,0
lower26,literal,1024,32,10000,0.70,8,0,0,,,,0
lower26,literal,1024,32,10000,0.70,9,1,1,1356,23,22,0
lower26,literal,1024,32,10000,0.70,9,0,0,,,,0
lower26,literal,1024,32,10000,0.70,10,1,1,1356,23,22,0
lower26,literal,1024,32,10000,0.70,10,0,0,,,,0
lower26,literal,1024,32,10000,0.70,11,1,1,1356,23,22,0
lower26,literal,1024,32,10000,0.70,11,0,0,,,,0
lower26,literal,1024,32,10000,0.70,12,1,1,1356,23,22,0
lower26,literal,1024,32,10000,0.70,12,0,0,,,,0
lower26,literal,1024,32,10000,0.70,13,1,1,1356,23,22,0
lower26,literal,1024,32,10000,0.70,13,0,0,,,,0
lower26,literal,1024,32,10000,0.70,14,1,1,1356,23,22,0
lower26,literal,1024,32,10000,0.70,14,0,0,,,,0
lower26,literal,1024,32,10000,0.70,15,1,1,1356,23,22,0
lower26,literal,1024,32,10000,0.70,15,0,0,,,,0
lower26,literal,1024,32,10000,0.70,16,1,1,1356,23,22,0
lower26,literal,1024,32,10000,0.70,16,0,0,,,,0
lower26,literal,1024,32,10000,0.70,17,1,1,1356,23,22,0
lower26,literal,1024,32,10000,0.70,17,0,0,,,,0
lower26,literal,1024,32,10000,0.70,18,1,1,1356,23,22,0
lower26,literal,1024,32,10000,0.70,18,0,0,,,,0
lower26,literal,1024,32,10000,0.70,19,1,1,1356,23,22,0
lower26,literal,1024,32,10000,0.70,19,0,0,,,,0
lower26,literal,1024,32,10000,0.70,20,1,1,1356,23,22,0
lower26,literal,1024,32,10000,0.70,20,0,0,,,,0
lower26,literal,1024,32,10000,0.70,21,1,1,1356,23,22,0
lower26,literal,1024,32,10000,0.70,21,0,0,,,,0
lower26,literal,1024,32,10000,0.70,22,1,1,1356,23,22,0
lower26,literal,1024,32,10000,0.70,22,0,0,,,,0
lower26,literal,1024,32,10000,0.70,23,1,1,1356,23,22,0
lower26,literal,1024,32,10000,0.70,23,0,0,,,,0
lower26,literal,1024,32,10000,0.70,24,1,1,1356,23,22,0
lower26,literal,1024,32,10000,0.70,24,0,0,,,,0
lower26,literal,1024,32,10000,0.70,25,1,1,1356,23,22,0
lower26,literal,1024,32,10000,0.70,25,0,0,,,,0
lower26,literal,1024,32,10000,0.70,26,1,1,1356,23,22,0
lower26,literal,1024,32,10000,0.70,26,0,0,,,,0
lower26,literal,1024,32,10000,0.70,27,1,1,1356,23,22,0
lower26,literal,1024,32,10000,0.70,27,0,0,,,,0
lower26,literal,1024,32,10000,0.70,28,1,1,1356,23,22,0
lower26,literal,1024,32,10000,0.70,28,0,0,,,,0
lower26,literal,1024,32,10000,0.70,29,1,1,1356,23,22,0
lower26,literal,1024,32,10000,0.70,29,0,0,,,,0
lower26,literal,1024,32,10000,0.70,30,1,1,1356,23,22,0
lower26,literal,1024,32,10000,0.70,30,0,0,,,,0
lower26,literal,1024,32,10000,0.70,31,1,1,1356,23,22,0
lower26,literal,1024,32,10000,0.70,31,0,0,,,,0
lower26,literal,1024,32,10000,0.70,32,1,1,1356,23,22,0
lower26,literal,1024,32,10000,0.70,32,0,0,,,,0
lower26,literal,1024,32,10000,0.70,33,1,1,1356,23,22,0
lower26,literal,1024,32,10000,0.70,33,0,0,,,,0
lower26,literal,1024,32,10000,0.70,34,1,1,1356,23,22,0
lower26,literal,1024,32,10000,0.70,34,0,0,,,,0
lower26,literal,1024,32,10000,0.70,35,1,1,1356,23,22,0
lower26,literal,1024,32,10000,0.70,35,0,0,,,,0
lower26,literal,1024,32,10000,0.70,36,1,1,1356,23,22,0
lower26,literal,1024,32,10000,0.70,36,0,0,,,,0
lower26,literal,1024,32,10000,0.70,37,1,1,1356,23,22,0
lower26,literal,1024,32,10000,0.70,37,0,0,,,,0
lower26,literal,1024,32,10000,0.70,38,1,1,1356,23,22,0
lower26,literal,1024,32,10000,0.70,38,0,0,,,,0
lower26,literal,1024,32,10000,0.70,39,1,1,1356,23,22,0
lower26,literal,1024,32,10000,0.70,39,0,0,,,,0
lower26,literal,1024,32,10000,0.70,40,1,1,1356,23,22,0
lower26,literal,1024,32,10000,0.70,40,0,0,,,,0
lower26,literal,1024,32,10000,0.70,41,1,1,1356,23,22,0
lower26,literal,1024,32,10000,0.70,41,0,0,,,,0
lower26,literal,1024,32,10000,0.70,42,1,1,1356,23,22,0
lower26,literal,1024,32,10000,0.70,42,0,0,,,,0
lower26,literal,1024,32,10000,0.70,43,1,1,1356,23,22,0
lower26,literal,1024,32,10000,0.70,43,0,0,,,,0
lower26,literal,1024,32,10000,0.70,44,1,1,1356,23,22,0
lower26,literal,1024,32,10000,0.70,44,0,0,,,,0
lower26,literal,1024,32,10000,0.70,45,1,1,1356,23,22,0
lower26,literal,1024,32,10000,0.70,45,0,0,,,,0
lower26,literal,1024,32,10000,0.70,46,1,1,1356,23,22,0
lower26,literal,1024,32,10000,0.70,46,0,0,,,,0
lower26,literal,1024,32,10000,0.70,47,1,1,1356,23,22,0
lower26,literal,1024,32,10000,0.70,47,0,0,,,,0
lower26,literal,1024,32,10000,0.70,48,1,1,1356,23,22,0
lower26,literal,1024,32,10000,0.70,48,0,0,,,,0
lower26,literal,1024,32,10000,0.70,49,1,1,1356,23,22,0
lower26,literal,1024,32,10000,0.70,49,0,0,,,,0
lower26,literal,1024,32,10000,0.70,50,1,1,1356,23,22,0
lower26,literal,1024,32,10000,0.70,50,0,0,,,,0
lower26,literal,1024,32,10000,0.70,51,1,1,1356,23,22,0
lower26,literal,1024,32,10000,0.70,51,0,0,,,,0
lower26,literal,1024,32,10000,0.70,52,1,1,1356,23,22,0
lower26,literal,1024,32,10000,0.70,52,0,0,,,,0
lower26,literal,1024,32,10000,0.70,53,1,1,1356,23,22,0
lower26,literal,1024,32,10000,0.70,53,0,0,,,,0
lower26,literal,1024,32,10000,0.70,54,1,1,1356,23,22,0
lower26,literal,1024,32,10000,0.70,54,0,0,,,,0
lower26,literal,1024,32,10000,0.70,55,1,1,1356,23,22,0
lower26,literal,1024,32,10000,0.70,55,0,0,,,,0
lower26,literal,1024,32,10000,0.70,56,1,1,1356,23,22,0
lower26,literal,1024,32,10000,0.70,56,0,0,,,,0
lower26,literal,1024,32,10000,0.70,57,1,1,1356,23,22,0
lower26,literal,1024,32,10000,0.70,57,0,0,,,,0
lower26,literal,1024,32,10000,0.70,58,1,1,1356,23,22,0
lower26,literal,1024,32,10000,0.70,58,0,0,,,,0
lower26,literal,1024,32,10000,0.70,59,1,1,1356,23,22,0
lower26,literal,1024,32,10000,0.70,59,0,0,,,,0
lower26,literal,1024,32,10000,0.70,60,1,1,1356,23,22,0
lower26,literal,1024,32,10000,0.70,60,0,0,,,,0
lower26,literal,1024,32,10000,0.70,61,1,1,1356,23,22,0
lower26,literal,1024,32,10000,0.70,61,0,0,,,,0
lower26,literal,1024,32,10000,0.70,62,1,1,1356,23,22,0
lower26,literal,1024,32,10000,0.70,62,0,0,,,,0
lower26,literal,1024,32,10000,0.70,63,1,1,1356,23,22,0
lower26,literal,1024,32,10000,0.70,63,0,0,,,,0
lower26,literal,1024,32,10000,0.70,64,1,1,1356,23,22,0
lower26,literal,1024,32,10000,0.70,64,0,0,,,,0
lower26,literal,1024,32,10000,0.70,65,1,1,1356,23,22,0
lower26,literal,1024,32,10000,0.70,65,0,0,,,,0
lower26,literal,1024,32,10000,0.70,66,1,1,1356,23,22,0
lower26,literal,1024,32,10000,0.70,66,0,0,,,,0
lower26,literal,1024,32,10000,0.70,67,1,1,1356,23,22,0
lower26,literal,1024,32,10000,0.70,67,0,0,,,,0
lower26,literal,1024,32,10000,0.70,68,1,1,1356,23,22,0
lower26,literal,1024,32,10000,0.70,68,0,0,,,,0
lower26,literal,1024,32,10000,0.70,69,1,1,1356,23,22,0
lower26,literal,1024,32,10000,0.70,69,0,0,,,,0
lower26,literal,1024,32,10000,0.70,70,1,1,1356,23,22,0
lower26,literal,1024,32,10000,0.70,70,0,0,,,,0
lower26,literal,1024,32,10000,0.70,71,1,1,1356,23,22,0
lower26,literal,1024,32,10000,0.70,71,0,0,,,,0
lower26,literal,1024,32,10000,0.70,72,1,1,1356,23,22,0
lower26,literal,1024,32,10000,0.70,72,0,0,,,,0
lower26,literal,1024,32,10000,0.70,73,1,1,1356,23,22,0
lower26,literal,1024,32,10000,0.70,73,0,0,,,,0
lower26,literal,1024,32,10000,0.70,74,1,1,1356,23,22,0
lower26,literal,1024,32,10000,0.70,74,0,0,,,,0
lower26,literal,1024,32,10000,0.70,75,1,1,1356,23,22,0
lower26,literal,1024,32,10000,0.70,75,0,0,,,,0
lower26,literal,1024,32,10000,0.70,76,1,1,1356,23,22,0
lower26,literal,1024,32,10000,0.70,76,0,0,,,,0
lower26,literal,1024,32,10000,0.70,77,1,1,1356,23,22,0
lower26,literal,1024,32,10000,0.70,77,0,0,,,,0
lower26,literal,1024,32,10000,0.70,78,1,1,1356,23,22,0
lower26,literal,1024,32,10000,0.70,78,0,0,,,,0
lower26,literal,1024,32,10000,0.70,79,1,1,1356,23,22,0
lower26,literal,1024,32,10000,0.70,79,0,0,,,,0
lower26,literal,1024,32,10000,0.70,80,1,1,1356,23,22,0
lower26,literal,1024,32,10000,0.70,80,0,0,,,,0
lower26,literal,1024,32,10000,0.70,81,1,1,1356,23,22,0
lower26,literal,1024,32,10000,0.70,81,0,0,,,,0
lower26,literal,1024,32,10000,0.70,82,1,1,1356,23,22,0
lower26,literal,1024,32,10000,0.70,82,0,0,,,,0
lower26,literal,1024,32,10000,0.70,83,1,1,1356,23,22,0
lower26,literal,1024,32,10000,0.70,83,0,0,,,,0
lower26,literal,1024,32,10000,0.70,84,1,1,1356,23,22,0
lower26,literal,1024,32,10000,0.70,84,0,0,,,,0
lower26,literal,1024,32,10000,0.70,85,1,1,1356,23,22,0
lower26,literal,1024,32,10000,0.70,85,0,0,,,,0
lower26,literal,1024,32,10000,0.70,86,1,1,1356,23,22,0
lower26,literal,1024,32,10000,0.70,86,0,0,,,,0
lower26,literal,1024,32,10000,0.70,87,1,1,1356,23,22,0
lower26,literal,1024,32,10000,0.70,87,0,0,,,,0
lower26,literal,1024,32,10000,0.70,88,1,1,1356,23,22,0
lower26,literal,1024,32,10000,0.70,88,0,0,,,,0
lower26,literal,1024,32,10000,0.70,89,1,1,1356,23,22,0
lower26,literal,1024,32,10000,0.70,89,0,0,,,,0
lower26,literal,1024,32,10000,0.70,90,1,1,1356,23,22,0
lower26,literal,1024,32,10000,0.70,90,0,0,,,,0
lower26,literal,1024,32,10000,0.70,91,1,1,1356,23,22,0
lower26,literal,1024,32,10000,0.70,91,0,0,,,,0
lower26,literal,1024,32,10000,0.70,92,1,1,1356,23,22,0
lower26,literal,1024,32,10000,0.70,92,0,0,,,,0
lower26,literal,1024,32,10000,0.70,93,1,1,1356,23,22,0
lower26,literal,1024,32,10000,0.70,93,0,0,,,,0
lower26,literal,1024,32,10000,0.70,94,1,1,1356,23,22,0
lower26,literal,1024,32,10000,0.70,94,0,0,,,,0
lower26,literal,1024,32,10000,0.70,95,1,1,1356,23,22,0
lower26,literal,1024,32,10000,0.70,95,0,0,,,,0
lower26,literal,1024,32,10000,0.70,96,1,1,1356,23,22,0
lower26,literal,1024,32,10000,0.70,96,0,0,,,,0
lower26,literal,1024,32,10000,0.70,97,1,1,1356,23,22,0
lower26,literal,1024,32,10000,0.70,97,0,0,,,,0
lower26,literal,1024,32,10000,0.70,98,1,1,1356,23,22,0
lower26,literal,1024,32,10000,0.70,98,0,0,,,,0
lower26,literal,1024,32,10000,0.70,99,1,1,1356,23,22,0
lower26,literal,1024,32,10000,0.70,99,0,0,,,,0
lower26,literal,1024,32,10000,0.70,100,1,1,1356,23,22,0
lower26,literal,1024,32,10000,0.70,100,0,0,,,,0
lower26,literal,1024,32,10000,0.80,1,1,1,1356,26,25,0
lower26,literal,1024,32,10000,0.80,1,0,0,,,,0
lower26,literal,1024,32,10000,0.80,2,1,1,1356,26,25,0
lower26,literal,1024,32,10000,0.80,2,0,0,,,,0
lower26,literal,1024,32,10000,0.80,3,1,1,1356,26,25,0
lower26,literal,1024,32,10000,0.80,3,0,0,,,,0
lower26,literal,1024,32,10000,0.80,4,1,1,1356,26,25,0
lower26,literal,1024,32,10000,0.80,4,0,0,,,,0
lower26,literal,1024,32,10000,0.80,5,1,1,1356,26,25,0
lower26,literal,1024,32,10000,0.80,5,0,0,,,,0
lower26,literal,1024,32,10000,0.80,6,1,1,1356,26,25,0
lower26,literal,1024,32,10000,0.80,6,0,0,,,,0
lower26,literal,1024,32,10000,0.80,7,1,1,1356,26,25,0
lower26,literal,1024,32,10000,0.80,7,0,0,,,,0
lower26,literal,1024,32,10000,0.80,8,1,1,1356,26,25,0
lower26,literal,1024,32,10000,0.80,8,0,0,,,,0
lower26,literal,1024,32,10000,0.80,9,1,1,1356,26,25,0
lower26,literal,1024,32,10000,0.80,9,0,0,,,,0
lower26,literal,1024,32,10000,0.80,10,1,1,1356,26,25,0
lower26,literal,1024,32,10000,0.80,10,0,0,,,,0
lower26,literal,1024,32,10000,0.80,11,1,1,1356,26,25,0
lower26,literal,1024,32,10000,0.80,11,0,0,,,,0
lower26,literal,1024,32,10000,0.80,12,1,1,1356,26,25,0
lower26,literal,1024,32,10000,0.80,12,0,0,,,,0
lower26,literal,1024,32,10000,0.80,13,1,1,1356,26,25,0
lower26,literal,1024,32,10000,0.80,13,0,0,,,,0
lower26,literal,1024,32,10000,0.80,14,1,1,1356,26,25,0
lower26,literal,1024,32,10000,0.80,14,0,0,,,,0
lower26,literal,1024,32,10000,0.80,15,1,1,1356,26,25,0
lower26,literal,1024,32,10000,0.80,15,0,0,,,,0
lower26,literal,1024,32,10000,0.80,16,1,1,1356,26,25,0
lower26,literal,1024,32,10000,0.80,16,0,0,,,,0
lower26,literal,1024,32,10000,0.80,17,1,1,1356,26,25,0
lower26,literal,1024,32,10000,0.80,17,0,0,,,,0
lower26,literal,1024,32,10000,0.80,18,1,1,1356,26,25,0
lower26,literal,1024,32,10000,0.80,18,0,0,,,,0
lower26,literal,1024,32,10000,0.80,19,1,1,1356,26,25,0
lower26,literal,1024,32,10000,0.80,19,0,0,,,,0
lower26,literal,1024,32,10000,0.80,20,1,1,1356,26,25,0
lower26,literal,1024,32,10000,0.80,20,0,0,,,,0
lower26,literal,1024,32,10000,0.80,21,1,1,1356,26,25,0
lower26,literal,1024,32,10000,0.80,21,0,0,,,,0
lower26,literal,1024,32,10000,0.80,22,1,1,1356,26,25,0
lower26,literal,1024,32,10000,0.80,22,0,0,,,,0
lower26,literal,1024,32,10000,0.80,23,1,1,1356,26,25,0
lower26,literal,1024,32,10000,0.80,23,0,0,,,,0
lower26,literal,1024,32,10000,0.80,24,1,1,1356,26,25,0
lower26,literal,1024,32,10000,0.80,24,0,0,,,,0
lower26,literal,1024,32,10000,0.80,25,1,1,1356,26,25,0
lower26,literal,1024,32,10000,0.80,25,0,0,,,,0
lower26,literal,1024,32,10000,0.80,26,1,1,1356,26,25,0
lower26,literal,1024,32,10000,0.80,26,0,0,,,,0
lower26,literal,1024,32,10000,0.80,27,1,1,1356,26,25,0
lower26,literal,1024,32,10000,0.80,27,0,0,,,,0
lower26,literal,1024,32,10000,0.80,28,1,1,1356,26,25,0
lower26,literal,1024,32,10000,0.80,28,0,0,,,,0
lower26,literal,1024,32,10000,0.80,29,1,1,1356,26,25,0
lower26,literal,1024,32,10000,0.80,29,0,0,,,,0
lower26,literal,1024,32,10000,0.80,30,1,1,1356,26,25,0
lower26,literal,1024,32,10000,0.80,30,0,0,,,,0
lower26,literal,1024,32,10000,0.80,31,1,1,1356,26,25,0
lower26,literal,1024,32,10000,0.80,31,0,0,,,,0
lower26,literal,1024,32,10000,0.80,32,1,1,1356,26,25,0
lower26,literal,1024,32,10000,0.80,32,0,0,,,,0
lower26,literal,1024,32,10000,0.80,33,1,1,1356,26,25,0
lower26,literal,1024,32,10000,0.80,33,0,0,,,,0
lower26,literal,1024,32,10000,0.80,34,1,1,1356,26,25,0
lower26,literal,1024,32,10000,0.80,34,0,0,,,,0
lower26,literal,1024,32,10000,0.80,35,1,1,1356,26,25,0
lower26,literal,1024,32,10000,0.80,35,0,0,,,,0
lower26,literal,1024,32,10000,0.80,36,1,1,1356,26,25,0
lower26,literal,1024,32,10000,0.80,36,0,0,,,,0
lower26,literal,1024,32,10000,0.80,37,1,1,1356,26,25,0
lower26,literal,1024,32,10000,0.80,37,0,0,,,,0
lower26,literal,1024,32,10000,0.80,38,1,1,1356,26,25,0
lower26,literal,1024,32,10000,0.80,38,0,0,,,,0
lower26,literal,1024,32,10000,0.80,39,1,1,1356,26,25,0
lower26,literal,1024,32,10000,0.80,39,0,0,,,,0
lower26,literal,1024,32,10000,0.80,40,1,1,1356,26,25,0
lower26,literal,1024,32,10000,0.80,40,0,0,,,,0
lower26,literal,1024,32,10000,0.80,41,1,1,1356,26,25,0
lower26,literal,1024,32,10000,0.80,41,0,0,,,,0
lower26,literal,1024,32,10000,0.80,42,1,1,1356,26,25,0
lower26,literal,1024,32,10000,0.80,42,0,0,,,,0
lower26,literal,1024,32,10000,0.80,43,1,1,1356,26,25,0
lower26,literal,1024,32,10000,0.80,43,0,0,,,,0
lower26,literal,1024,32,10000,0.80,44,1,1,1356,26,25,0
lower26,literal,1024,32,10000,0.80,44,0,0,,,,0
lower26,literal,1024,32,10000,0.80,45,1,1,1356,26,25,0
lower26,literal,1024,32,10000,0.80,45,0,0,,,,0
lower26,literal,1024,32,10000,0.80,46,1,1,1356,26,25,0
lower26,literal,1024,32,10000,0.80,46,0,0,,,,0
lower26,literal,1024,32,10000,0.80,47,1,1,1356,26,25,0
lower26,literal,1024,32,10000,0.80,47,0,0,,,,0
lower26,literal,1024,32,10000,0.80,48,1,1,1356,26,25,0
lower26,literal,1024,32,10000,0.80,48,0,0,,,,0
lower26,literal,1024,32,10000,0.80,49,1,1,1356,26,25,0
lower26,literal,1024,32,10000,0.80,49,0,0,,,,0
lower26,literal,1024,32,10000,0.80,50,1,1,1356,26,25,0
lower26,literal,1024,32,10000,0.80,50,0,0,,,,0
lower26,literal,1024,32,10000,0.80,51,1,1,1356,26,25,0
lower26,literal,1024,32,10000,0.80,51,0,0,,,,0
lower26,literal,1024,32,10000,0.80,52,1,1,1356,26,25,0
lower26,literal,1024,32,10000,0.80,52,0,0,,,,0
lower26,literal,1024,32,10000,0.80,53,1,1,1356,26,25,0
lower26,literal,1024,32,10000,0.80,53,0,0,,,,0
lower26,literal,1024,32,10000,0.80,54,1,1,1356,26,25,0
lower26,literal,1024,32,10000,0.80,54,0,0,,,,0
lower26,literal,1024,32,10000,0.80,55,1,1,1356,26,25,0
lower26,literal,1024,32,10000,0.80,55,0,0,,,,0
lower26,literal,1024,32,10000,0.80,56,1,1,1356,26,25,0
lower26,literal,1024,32,10000,0.80,56,0,0,,,,0
lower26,literal,1024,32,10000,0.80,57,1,1,1356,26,25,0
lower26,literal,1024,32,10000,0.80,57,0,0,,,,0
lower26,literal,1024,32,10000,0.80,58,1,1,1356,26,25,0
lower26,literal,1024,32,10000,0.80,58,0,0,,,,0
lower26,literal,1024,32,10000,0.80,59,1,1,1356,26,25,0
lower26,literal,1024,32,10000,0.80,59,0,0,,,,0
lower26,literal,1024,32,10000,0.80,60,1,1,1356,26,25,0
lower26,literal,1024,32,10000,0.80,60,0,0,,,,0
lower26,literal,1024,32,10000,0.80,61,1,1,1356,26,25,0
lower26,literal,1024,32,10000,0.80,61,0,0,,,,0
lower26,literal,1024,32,10000,0.80,62,1,1,1356,26,25,0
lower26,literal,1024,32,10000,0.80,62,0,0,,,,0
lower26,literal,1024,32,10000,0.80,63,1,1,1356,26,25,0
lower26,literal,1024,32,10000,0.80,63,0,0,,,,0
lower26,literal,1024,32,10000,0.80,64,1,1,1356,26,25,0
lower26,literal,1024,32,10000,0.80,64,0,0,,,,0
lower26,literal,1024,32,10000,0.80,65,1,1,1356,26,25,0
lower26,literal,1024,32,10000,0.80,65,0,0,,,,0
lower26,literal,1024,32,10000,0.80,66,1,1,1356,26,25,0
lower26,literal,1024,32,10000,0.80,66,0,0,,,,0
lower26,literal,1024,32,10000,0.80,67,1,1,1356,26,25,0
lower26,literal,1024,32,10000,0.80,67,0,0,,,,0
lower26,literal,1024,32,10000,0.80,68,1,1,1356,26,25,0
lower26,literal,1024,32,10000,0.80,68,0,0,,,,0
lower26,literal,1024,32,10000,0.80,69,1,1,1356,26,25,0
lower26,literal,1024,32,10000,0.80,69,0,0,,,,0
lower26,literal,1024,32,10000,0.80,70,1,1,1356,26,25,0
lower26,literal,1024,32,10000,0.80,70,0,0,,,,0
lower26,literal,1024,32,10000,0.80,71,1,1,1356,26,25,0
lower26,literal,1024,32,10000,0.80,71,0,0,,,,0
lower26,literal,1024,32,10000,0.80,72,1,1,1356,26,25,0
lower26,literal,1024,32,10000,0.80,72,0,0,,,,0
lower26,literal,1024,32,10000,0.80,73,1,1,1356,26,25,0
lower26,literal,1024,32,10000,0.80,73,0,0,,,,0
lower26,literal,1024,32,10000,0.80,74,1,1,1356,26,25,0
lower26,literal,1024,32,10000,0.80,74,0,0,,,,0
lower26,literal,1024,32,10000,0.80,75,1,1,1356,26,25,0
lower26,literal,1024,32,10000,0.80,75,0,0,,,,0
lower26,literal,1024,32,10000,0.80,76,1,1,1356,26,25,0
lower26,literal,1024,32,10000,0.80,76,0,0,,,,0
lower26,literal,1024,32,10000,0.80,77,1,1,1356,26,25,0
lower26,literal,1024,32,10000,0.80,77,0,0,,,,0
lower26,literal,1024,32,10000,0.80,78,1,1,1356,26,25,0
lower26,literal,1024,32,10000,0.80,78,0,0,,,,0
lower26,literal,1024,32,10000,0.80,79,1,1,1356,26,25,0
lower26,literal,1024,32,10000,0.80,79,0,0,,,,0
lower26,literal,1024,32,10000,0.80,80,1,1,1356,26,25,0
lower26,literal,1024,32,10000,0.80,80,0,0,,,,0
lower26,literal,1024,32,10000,0.80,81,1,1,1356,26,25,0
lower26,literal,1024,32,10000,0.80,81,0,0,,,,0
lower26,literal,1024,32,10000,0.80,82,1,1,1356,26,25,0
lower26,literal,1024,32,10000,0.80,82,0,0,,,,0
lower26,literal,1024,32,10000,0.80,83,1,1,1356,26,25,0
lower26,literal,1024,32,10000,0.80,83,0,0,,,,0
lower26,literal,1024,32,10000,0.80,84,1,1,1356,26,25,0
lower26,literal,1024,32,10000,0.80,84,0,0,,,,0
lower26,literal,1024,32,10000,0.80,85,1,1,1356,26,25,0
lower26,literal,1024,32,10000,0.80,85,0,0,,,,0
lower26,literal,1024,32,10000,0.80,86,1,1,1356,26,25,0
lower26,literal,1024,32,10000,0.80,86,0,0,,,,0
lower26,literal,1024,32,10000,0.80,87,1,1,1356,26,25,0
lower26,literal,1024,32,10000,0.80,87,0,0,,,,0
lower26,literal,1024,32,10000,0.80,88,1,1,1356,26,25,0
lower26,literal,1024,32,10000,0.80,88,0,0,,,,0
lower26,literal,1024,32,10000,0.80,89,1,1,1356,26,25,0
lower26,literal,1024,32,10000,0.80,89,0,0,,,,0
lower26,literal,1024,32,10000,0.80,90,1,1,1356,26,25,0
lower26,literal,1024,32,10000,0.80,90,0,0,,,,0
lower26,literal,1024,32,10000,0.80,91,1,1,1356,26,25,0
lower26,literal,1024,32,10000,0.80,91,0,0,,,,0
lower26,literal,1024,32,10000,0.80,92,1,1,1356,26,25,0
lower26,literal,1024,32,10000,0.80,92,0,0,,,,0
lower26,literal,1024,32,10000,0.80,93,1,1,1356,26,25,0
lower26,literal,1024,32,10000,0.80,93,0,0,,,,0
lower26,literal,1024,32,10000,0.80,94,1,1,1356,26,25,0
lower26,literal,1024,32,10000,0.80,94,0,0,,,,0
lower26,literal,1024,32,10000,0.80,95,1,1,1356,26,25,0
lower26,literal,1024,32,10000,0.80,95,0,0,,,,0
lower26,literal,1024,32,10000,0.80,96,1,1,1356,26,25,0
lower26,literal,1024,32,10000,0.80,96,0,0,,,,0
lower26,literal,1024,32,10000,0.80,97,1,1,1356,26,25,0
lower26,literal,1024,32,10000,0.80,97,0,0,,,,0
lower26,literal,1024,32,10000,0.80,98,1,1,1356,26,25,0
lower26,literal,1024,32,10000,0.80,98,0,0,,,,0
lower26,literal,1024,32,10000,0.80,99,1,1,1356,26,25,0
lower26,literal,1024,32,10000,0.80,99,0,0,,,,0
lower26,literal,1024,32,10000,0.80,100,1,1,1356,26,25,0
lower26,literal,1024,32,10000,0.80,100,0,0,,,,0
lower26,literal,1024,32,10000,0.90,1,1,1,1356,29,28,0
lower26,literal,1024,32,10000,0.90,1,0,0,,,,0
lower26,literal,1024,32,10000,0.90,2,1,1,1356,29,28,0
lower26,literal,1024,32,10000,0.90,2,0,0,,,,0
lower26,literal,1024,32,10000,0.90,3,1,1,1356,29,28,0
lower26,literal,1024,32,10000,0.90,3,0,0,,,,0
lower26,literal,1024,32,10000,0.90,4,1,1,1356,29,28,0
lower26,literal,1024,32,10000,0.90,4,0,0,,,,0
lower26,literal,1024,32,10000,0.90,5,1,1,1356,29,28,0
lower26,literal,1024,32,10000,0.90,5,0,0,,,,0
lower26,literal,1024,32,10000,0.90,6,1,1,1356,29,28,0
lower26,literal,1024,32,10000,0.90,6,0,0,,,,0
lower26,literal,1024,32,10000,0.90,7,1,1,1356,29,28,0
lower26,literal,1024,32,10000,0.90,7,0,0,,,,0
lower26,literal,1024,32,10000,0.90,8,1,1,1356,29,28,0
lower26,literal,1024,32,10000,0.90,8,0,0,,,,0
lower26,literal,1024,32,10000,0.90,9,1,1,1356,29,28,0
lower26,literal,1024,32,10000,0.90,9,0,0,,,,0
lower26,literal,1024,32,10000,0.90,10,1,1,1356,29,28,0
lower26,literal,1024,32,10000,0.90,10,0,0,,,,0
lower26,literal,1024,32,10000,0.90,11,1,1,1356,29,28,0
lower26,literal,1024,32,10000,0.90,11,0,0,,,,0
lower26,literal,1024,32,10000,0.90,12,1,1,1356,29,28,0
lower26,literal,1024,32,10000,0.90,12,0,0,,,,0
lower26,literal,1024,32,10000,0.90,13,1,1,1356,29,28,0
lower26,literal,1024,32,10000,0.90,13,0,0,,,,0
lower26,literal,1024,32,10000,0.90,14,1,1,1356,29,28,0
lower26,literal,1024,32,10000,0.90,14,0,0,,,,0
lower26,literal,1024,32,10000,0.90,15,1,1,1356,29,28,0
lower26,literal,1024,32,10000,0.90,15,0,0,,,,0
lower26,literal,1024,32,10000,0.90,16,1,1,1356,29,28,0
lower26,literal,1024,32,10000,0.90,16,0,0,,,,0
lower26,literal,1024,32,10000,0.90,17,1,1,1356,29,28,0
lower26,literal,1024,32,10000,0.90,17,0,0,,,,0
lower26,literal,1024,32,10000,0.90,18,1,1,1356,29,28,0
lower26,literal,1024,32,10000,0.90,18,0,0,,,,0
lower26,literal,1024,32,10000,0.90,19,1,1,1356,29,28,0
lower26,literal,1024,32,10000,0.90,19,0,0,,,,0
lower26,literal,1024,32,10000,0.90,20,1,1,1356,29,28,0
lower26,literal,1024,32,10000,0.90,20,0,0,,,,0
lower26,literal,1024,32,10000,0.90,21,1,1,1356,29,28,0
lower26,literal,1024,32,10000,0.90,21,0,0,,,,0
lower26,literal,1024,32,10000,0.90,22,1,1,1356,29,28,0
lower26,literal,1024,32,10000,0.90,22,0,0,,,,0
lower26,literal,1024,32,10000,0.90,23,1,1,1356,29,28,0
lower26,literal,1024,32,10000,0.90,23,0,0,,,,0
lower26,literal,1024,32,10000,0.90,24,1,1,1356,29,28,0
lower26,literal,1024,32,10000,0.90,24,0,0,,,,0
lower26,literal,1024,32,10000,0.90,25,1,1,1356,29,28,0
lower26,literal,1024,32,10000,0.90,25,0,0,,,,0
lower26,literal,1024,32,10000,0.90,26,1,1,1356,29,28,0
lower26,literal,1024,32,10000,0.90,26,0,0,,,,0
lower26,literal,1024,32,10000,0.90,27,1,1,1356,29,28,0
lower26,literal,1024,32,10000,0.90,27,0,0,,,,0
lower26,literal,1024,32,10000,0.90,28,1,1,1356,29,28,0
lower26,literal,1024,32,10000,0.90,28,0,0,,,,0
lower26,literal,1024,32,10000,0.90,29,1,1,1356,29,28,0
lower26,literal,1024,32,10000,0.90,29,0,0,,,,0
lower26,literal,1024,32,10000,0.90,30,1,1,1356,29,28,0
lower26,literal,1024,32,10000,0.90,30,0,0,,,,0
lower26,literal,1024,32,10000,0.90,31,1,1,1356,29,28,0
lower26,literal,1024,32,10000,0.90,31,0,0,,,,0
lower26,literal,1024,32,10000,0.90,32,1,1,1356,29,28,0
lower26,literal,1024,32,10000,0.90,32,0,0,,,,0
lower26,literal,1024,32,10000,0.90,33,1,1,1356,29,28,0
lower26,literal,1024,32,10000,0.90,33,0,0,,,,0
lower26,literal,1024,32,10000,0.90,34,1,1,1356,29,28,0
lower26,literal,1024,32,10000,0.90,34,0,0,,,,0
lower26,literal,1024,32,10000,0.90,35,1,1,1356,29,28,0
lower26,literal,1024,32,10000,0.90,35,0,0,,,,0
lower26,literal,1024,32,10000,0.90,36,1,1,1356,29,28,0
lower26,literal,1024,32,10000,0.90,36,0,0,,,,0
lower26,literal,1024,32,10000,0.90,37,1,1,1356,29,28,0
lower26,literal,1024,32,10000,0.90,37,0,0,,,,0
lower26,literal,1024,32,10000,0.90,38,1,1,1356,29,28,0
lower26,literal,1024,32,10000,0.90,38,0,0,,,,0
lower26,literal,1024,32,10000,0.90,39,1,1,1356,29,28,0
lower26,literal,1024,32,10000,0.90,39,0,0,,,,0
lower26,literal,1024,32,10000,0.90,40,1,1,1356,29,28,0
lower26,literal,1024,32,10000,0.90,40,0,0,,,,0
lower26,literal,1024,32,10000,0.90,41,1,1,1356,29,28,0
lower26,literal,1024,32,10000,0.90,41,0,0,,,,0
lower26,literal,1024,32,10000,0.90,42,1,1,1356,29,28,0
lower26,literal,1024,32,10000,0.90,42,0,0,,,,0
lower26,literal,1024,32,10000,0.90,43,1,1,1356,29,28,0
lower26,literal,1024,32,10000,0.90,43,0,0,,,,0
lower26,literal,1024,32,10000,0.90,44,1,1,1356,29,28,0
lower26,literal,1024,32,10000,0.90,44,0,0,,,,0
lower26,literal,1024,32,10000,0.90,45,1,1,1356,29,28,0
lower26,literal,1024,32,10000,0.90,45,0,0,,,,0
lower26,literal,1024,32,10000,0.90,46,1,1,1356,29,28,0
lower26,literal,1024,32,10000,0.90,46,0,0,,,,0
lower26,literal,1024,32,10000,0.90,47,1,1,1356,29,28,0
lower26,literal,1024,32,10000,0.90,47,0,0,,,,0
lower26,literal,1024,32,10000,0.90,48,1,1,1356,29,28,0
lower26,literal,1024,32,10000,0.90,48,0,0,,,,0
lower26,literal,1024,32,10000,0.90,49,1,1,1356,29,28,0
lower26,literal,1024,32,10000,0.90,49,0,0,,,,0
lower26,literal,1024,32,10000,0.90,50,1,1,1356,29,28,0
lower26,literal,1024,32,10000,0.90,50,0,0,,,,0
lower26,literal,1024,32,10000,0.90,51,1,1,1356,29,28,0
lower26,literal,1024,32,10000,0.90,51,0,0,,,,0
lower26,literal,1024,32,10000,0.90,52,1,1,1356,29,28,0
lower26,literal,1024,32,10000,0.90,52,0,0,,,,0
lower26,literal,1024,32,10000,0.90,53,1,1,1356,29,28,0
lower26,literal,1024,32,10000,0.90,53,0,0,,,,0
lower26,literal,1024,32,10000,0.90,54,1,1,1356,29,28,0
lower26,literal,1024,32,10000,0.90,54,0,0,,,,0
lower26,literal,1024,32,10000,0.90,55,1,1,1356,29,28,0
lower26,literal,1024,32,10000,0.90,55,0,0,,,,0
lower26,literal,1024,32,10000,0.90,56,1,1,1356,29,28,0
lower26,literal,1024,32,10000,0.90,56,0,0,,,,0
lower26,literal,1024,32,10000,0.90,57,1,1,1356,29,28,0
lower26,literal,1024,32,10000,0.90,57,0,0,,,,0
lower26,literal,1024,32,10000,0.90,58,1,1,1356,29,28,0
lower26,literal,1024,32,10000,0.90,58,0,0,,,,0
lower26,literal,1024,32,10000,0.90,59,1,1,1356,29,28,0
lower26,literal,1024,32,10000,0.90,59,0,0,,,,0
lower26,literal,1024,32,10000,0.90,60,1,1,1356,29,28,0
lower26,literal,1024,32,10000,0.90,60,0,0,,,,0
lower26,literal,1024,32,10000,0.90,61,1,1,1356,29,28,0
lower26,literal,1024,32,10000,0.90,61,0,0,,,,0
lower26,literal,1024,32,10000,0.90,62,1,1,1356,29,28,0
lower26,literal,1024,32,10000,0.90,62,0,0,,,,0
lower26,literal,1024,32,10000,0.90,63,1,1,1356,29,28,0
lower26,literal,1024,32,10000,0.90,63,0,0,,,,0
lower26,literal,1024,32,10000,0.90,64,1,1,1356,29,28,0
lower26,literal,1024,32,10000,0.90,64,0,0,,,,0
lower26,literal,1024,32,10000,0.90,65,1,1,1356,29,28,0
lower26,literal,1024,32,10000,0.90,65,0,0,,,,0
lower26,literal,1024,32,10000,0.90,66,1,1,1356,29,28,0
lower26,literal,1024,32,10000,0.90,66,0,0,,,,0
lower26,literal,1024,32,10000,0.90,67,1,1,1356,29,28,0
lower26,literal,1024,32,10000,0.90,67,0,0,,,,0
lower26,literal,1024,32,10000,0.90,68,1,1,1356,29,28,0
lower26,literal,1024,32,10000,0.90,68,0,0,,,,0
lower26,literal,1024,32,10000,0.90,69,1,1,1356,29,28,0
lower26,literal,1024,32,10000,0.90,69,0,0,,,,0
lower26,literal,1024,32,10000,0.90,70,1,1,1356,29,28,0
lower26,literal,1024,32,10000,0.90,70,0,0,,,,0
lower26,literal,1024,32,10000,0.90,71,1,1,1356,29,28,0
lower26,literal,1024,32,10000,0.90,71,0,0,,,,0
lower26,literal,1024,32,10000,0.90,72,1,1,1356,29,28,0
lower26,literal,1024,32,10000,0.90,72,0,0,,,,0
lower26,literal,1024,32,10000,0.90,73,1,1,1356,29,28,0
lower26,literal,1024,32,10000,0.90,73,0,0,,,,0
lower26,literal,1024,32,10000,0.90,74,1,1,1356,29,28,0
lower26,literal,1024,32,10000,0.90,74,0,0,,,,0
lower26,literal,1024,32,10000,0.90,75,1,1,1356,29,28,0
lower26,literal,1024,32,10000,0.90,75,0,0,,,,0
lower26,literal,1024,32,10000,0.90,76,1,1,1356,29,28,0
lower26,literal,1024,32,10000,0.90,76,0,0,,,,0
lower26,literal,1024,32,10000,0.90,77,1,1,1356,29,28,0
lower26,literal,1024,32,10000,0.90,77,0,0,,,,0
lower26,literal,1024,32,10000,0.90,78,1,1,1356,29,28,0
lower26,literal,1024,32,10000,0.90,78,0,0,,,,0
lower26,literal,1024,32,10000,0.90,79,1,1,1356,29,28,0
lower26,literal,1024,32,10000,0.90,79,0,0,,,,0
lower26,literal,1024,32,10000,0.90,80,1,1,1356,29,28,0
lower26,literal,1024,32,10000,0.90,80,0,0,,,,0
lower26,literal,1024,32,10000,0.90,81,1,1,1356,29,28,0
lower26,literal,1024,32,10000,0.90,81,0,0,,,,0
lower26,literal,1024,32,10000,0.90,82,1,1,1356,29,28,0
lower26,literal,1024,32,10000,0.90,82,0,0,,,,0
lower26,literal,1024,32,10000,0.90,83,1,1,1356,29,28,0
lower26,literal,1024,32,10000,0.90,83,0,0,,,,0
lower26,literal,1024,32,10000,0.90,84,1,1,1356,29,28,0
lower26,literal,1024,32,10000,0.90,84,0,0,,,,0
lower26,literal,1024,32,10000,0.90,85,1,1,1356,29,28,0
lower26,literal,1024,32,10000,0.90,85,0,0,,,,0
lower26,literal,1024,32,10000,0.90,86,1,1,1356,29,28,0
lower26,literal,1024,32,10000,0.90,86,0,0,,,,0
lower26,literal,1024,32,10000,0.90,87,1,1,1356,29,28,0
lower26,literal,1024,32,10000,0.90,87,0,0,,,,0
lower26,literal,1024,32,10000,0.90,88,1,1,1356,29,28,0
lower26,literal,1024,32,10000,0.90,88,0,0,,,,0
lower26,literal,1024,32,10000,0.90,89,1,1,1356,29,28,0
lower26,literal,1024,32,10000,0.90,89,0,0,,,,0
lower26,literal,1024,32,10000,0.90,90,1,1,1356,29,28,0
lower26,literal,1024,32,10000,0.90,90,0,0,,,,0
lower26,literal,1024,32,10000,0.90,91,1,1,1356,29,28,0
lower26,literal,1024,32,10000,0.90,91,0,0,,,,0
lower26,literal,1024,32,10000,0.90,92,1,1,1356,29,28,0
lower26,literal,1024,32,10000,0.90,92,0,0,,,,0
lower26,literal,1024,32,10000,0.90,93,1,1,1356,29,28,0
lower26,literal,1024,32,10000,0.90,93,0,0,,,,0
lower26,literal,1024,32,10000,0.90,94,1,1,1356,29,28,0
lower26,literal,1024,32,10000,0.90,94,0,0,,,,0
lower26,literal,1024,32,10000,0.90,95,1,1,1356,29,28,0
lower26,literal,1024,32,10000,0.90,95,0,0,,,,0
lower26,literal,1024,32,10000,0.90,96,1,1,1356,29,28,0
lower26,literal,1024,32,10000,0.90,96,0,0,,,,0
lower26,literal,1024,32,10000,0.90,97,1,1,1356,29,28,0
lower26,literal,1024,32,10000,0.90,97,0,0,,,,0
lower26,literal,1024,32,10000,0.90,98,1,1,1356,29,28,0
lower26,literal,1024,32,10000,0.90,98,0,0,,,,0
lower26,literal,1024,32,10000,0.90,99,1,1,1356,29,28,0
lower26,literal,1024,32,10000,0.90,99,0,0,,,,0
lower26,literal,1024,32,10000,0.90,100,1,1,1356,29,28,0
lower26,literal,1024,32,10000,0.90,100,0,0,,,,0
lower26,literal,1024,32,10000,0.95,1,1,1,1356,31,30,0
lower26,literal,1024,32,10000,0.95,1,0,0,,,,0
lower26,literal,1024,32,10000,0.95,2,1,1,1356,31,30,0
lower26,literal,1024,32,10000,0.95,2,0,0,,,,0
lower26,literal,1024,32,10000,0.95,3,1,1,1356,31,30,0
lower26,literal,1024,32,10000,0.95,3,0,0,,,,0
lower26,literal,1024,32,10000,0.95,4,1,1,1356,31,30,0
lower26,literal,1024,32,10000,0.95,4,0,0,,,,0
lower26,literal,1024,32,10000,0.95,5,1,1,1356,31,30,0
lower26,literal,1024,32,10000,0.95,5,0,0,,,,0
lower26,literal,1024,32,10000,0.95,6,1,1,1356,31,30,0
lower26,literal,1024,32,10000,0.95,6,0,0,,,,0
lower26,literal,1024,32,10000,0.95,7,1,1,1356,31,30,0
lower26,literal,1024,32,10000,0.95,7,0,0,,,,0
lower26,literal,1024,32,10000,0.95,8,1,1,1356,31,30,0
lower26,literal,1024,32,10000,0.95,8,0,0,,,,0
lower26,literal,1024,32,10000,0.95,9,1,1,1356,31,30,0
lower26,literal,1024,32,10000,0.95,9,0,0,,,,0
lower26,literal,1024,32,10000,0.95,10,1,1,1356,31,30,0
lower26,literal,1024,32,10000,0.95,10,0,0,,,,0
lower26,literal,1024,32,10000,0.95,11,1,1,1356,31,30,0
lower26,literal,1024,32,10000,0.95,11,0,0,,,,0
lower26,literal,1024,32,10000,0.95,12,1,1,1356,31,30,0
lower26,literal,1024,32,10000,0.95,12,0,0,,,,0
lower26,literal,1024,32,10000,0.95,13,1,1,1356,31,30,0
lower26,literal,1024,32,10000,0.95,13,0,0,,,,0
lower26,literal,1024,32,10000,0.95,14,1,1,1356,31,30,0
lower26,literal,1024,32,10000,0.95,14,0,0,,,,0
lower26,literal,1024,32,10000,0.95,15,1,1,1356,31,30,0
lower26,literal,1024,32,10000,0.95,15,0,0,,,,0
lower26,literal,1024,32,10000,0.95,16,1,1,1356,31,30,0
lower26,literal,1024,32,10000,0.95,16,0,0,,,,0
lower26,literal,1024,32,10000,0.95,17,1,1,1356,31,30,0
lower26,literal,1024,32,10000,0.95,17,0,0,,,,0
lower26,literal,1024,32,10000,0.95,18,1,1,1356,31,30,0
lower26,literal,1024,32,10000,0.95,18,0,0,,,,0
lower26,literal,1024,32,10000,0.95,19,1,1,1356,31,30,0
lower26,literal,1024,32,10000,0.95,19,0,0,,,,0
lower26,literal,1024,32,10000,0.95,20,1,1,1356,31,30,0
lower26,literal,1024,32,10000,0.95,20,0,0,,,,0
lower26,literal,1024,32,10000,0.95,21,1,1,1356,31,30,0
lower26,literal,1024,32,10000,0.95,21,0,0,,,,0
lower26,literal,1024,32,10000,0.95,22,1,1,1356,31,30,0
lower26,literal,1024,32,10000,0.95,22,0,0,,,,0
lower26,literal,1024,32,10000,0.95,23,1,1,1356,31,30,0
lower26,literal,1024,32,10000,0.95,23,0,0,,,,0
lower26,literal,1024,32,10000,0.95,24,1,1,1356,31,30,0
lower26,literal,1024,32,10000,0.95,24,0,0,,,,0
lower26,literal,1024,32,10000,0.95,25,1,1,1356,31,30,0
lower26,literal,1024,32,10000,0.95,25,0,0,,,,0
lower26,literal,1024,32,10000,0.95,26,1,1,1356,31,30,0
lower26,literal,1024,32,10000,0.95,26,0,0,,,,0
lower26,literal,1024,32,10000,0.95,27,1,1,1356,31,30,0
lower26,literal,1024,32,10000,0.95,27,0,0,,,,0
lower26,literal,1024,32,10000,0.95,28,1,1,1356,31,30,0
lower26,literal,1024,32,10000,0.95,28,0,0,,,,0
lower26,literal,1024,32,10000,0.95,29,1,1,1356,31,30,0
lower26,literal,1024,32,10000,0.95,29,0,0,,,,0
lower26,literal,1024,32,10000,0.95,30,1,1,1356,31,30,0
lower26,literal,1024,32,10000,0.95,30,0,0,,,,0
lower26,literal,1024,32,10000,0.95,31,1,1,1356,31,30,0
lower26,literal,1024,32,10000,0.95,31,0,0,,,,0
lower26,literal,1024,32,10000,0.95,32,1,1,1356,31,30,0
lower26,literal,1024,32,10000,0.95,32,0,0,,,,0
lower26,literal,1024,32,10000,0.95,33,1,1,1356,31,30,0
lower26,literal,1024,32,10000,0.95,33,0,0,,,,0
lower26,literal,1024,32,10000,0.95,34,1,1,1356,31,30,0
lower26,literal,1024,32,10000,0.95,34,0,0,,,,0
lower26,literal,1024,32,10000,0.95,35,1,1,1356,31,30,0
lower26,literal,1024,32,10000,0.95,35,0,0,,,,0
lower26,literal,1024,32,10000,0.95,36,1,1,1356,31,30,0
lower26,literal,1024,32,10000,0.95,36,0,0,,,,0
lower26,literal,1024,32,10000,0.95,37,1,1,1356,31,30,0
lower26,literal,1024,32,10000,0.95,37,0,0,,,,0
lower26,literal,1024,32,10000,0.95,38,1,1,1356,31,30,0
lower26,literal,1024,32,10000,0.95,38,0,0,,,,0
lower26,literal,1024,32,10000,0.95,39,1,1,1356,31,30,0
lower26,literal,1024,32,10000,0.95,39,0,0,,,,0
lower26,literal,1024,32,10000,0.95,40,1,1,1356,31,30,0
lower26,literal,1024,32,10000,0.95,40,0,0,,,,0
lower26,literal,1024,32,10000,0.95,41,1,1,1356,31,30,0
lower26,literal,1024,32,10000,0.95,41,0,0,,,,0
lower26,literal,1024,32,10000,0.95,42,1,1,1356,31,30,0
lower26,literal,1024,32,10000,0.95,42,0,0,,,,0
lower26,literal,1024,32,10000,0.95,43,1,1,1356,31,30,0
lower26,literal,1024,32,10000,0.95,43,0,0,,,,0
lower26,literal,1024,32,10000,0.95,44,1,1,1356,31,30,0
lower26,literal,1024,32,10000,0.95,44,0,0,,,,0
lower26,literal,1024,32,10000,0.95,45,1,1,1356,31,30,0
lower26,literal,1024,32,10000,0.95,45,0,0,,,,0
lower26,literal,1024,32,10000,0.95,46,1,1,1356,31,30,0
lower26,literal,1024,32,10000,0.95,46,0,0,,,,0
lower26,literal,1024,32,10000,0.95,47,1,1,1356,31,30,0
lower26,literal,1024,32,10000,0.95,47,0,0,,,,0
lower26,literal,1024,32,10000,0.95,48,1,1,1356,31,30,0
lower26,literal,1024,32,10000,0.95,48,0,0,,,,0
lower26,literal,1024,32,10000,0.95,49,1,1,1356,31,30,0
lower26,literal,1024,32,10000,0.95,49,0,0,,,,0
lower26,literal,1024,32,10000,0.95,50,1,1,1356,31,30,0
lower26,literal,1024,32,10000,0.95,50,0,0,,,,0
lower26,literal,1024,32,10000,0.95,51,1,1,1356,31,30,0
lower26,literal,1024,32,10000,0.95,51,0,0,,,,0
lower26,literal,1024,32,10000,0.95,52,1,1,1356,31,30,0
lower26,literal,1024,32,10000,0.95,52,0,0,,,,0
lower26,literal,1024,32,10000,0.95,53,1,1,1356,31,30,0
lower26,literal,1024,32,10000,0.95,53,0,0,,,,0
lower26,literal,1024,32,10000,0.95,54,1,1,1356,31,30,0
lower26,literal,1024,32,10000,0.95,54,0,0,,,,0
lower26,literal,1024,32,10000,0.95,55,1,1,1356,31,30,0
lower26,literal,1024,32,10000,0.95,55,0,0,,,,0
lower26,literal,1024,32,10000,0.95,56,1,1,1356,31,30,0
lower26,literal,1024,32,10000,0.95,56,0,0,,,,0
lower26,literal,1024,32,10000,0.95,57,1,1,1356,31,30,0
lower26,literal,1024,32,10000,0.95,57,0,0,,,,0
lower26,literal,1024,32,10000,0.95,58,1,1,1356,31,30,0
lower26,literal,1024,32,10000,0.95,58,0,0,,,,0
lower26,literal,1024,32,10000,0.95,59,1,1,1356,31,30,0
lower26,literal,1024,32,10000,0.95,59,0,0,,,,0
lower26,literal,1024,32,10000,0.95,60,1,1,1356,31,30,0
lower26,literal,1024,32,10000,0.95,60,0,0,,,,0
lower26,literal,1024,32,10000,0.95,61,1,1,1356,31,30,0
lower26,literal,1024,32,10000,0.95,61,0,0,,,,0
lower26,literal,1024,32,10000,0.95,62,1,1,1356,31,30,0
lower26,literal,1024,32,10000,0.95,62,0,0,,,,0
lower26,literal,1024,32,10000,0.95,63,1,1,1356,31,30,0
lower26,literal,1024,32,10000,0.95,63,0,0,,,,0
lower26,literal,1024,32,10000,0.95,64,1,1,1356,31,30,0
lower26,literal,1024,32,10000,0.95,64,0,0,,,,0
lower26,literal,1024,32,10000,0.95,65,1,1,1356,31,30,0
lower26,literal,1024,32,10000,0.95,65,0,0,,,,0
lower26,literal,1024,32,10000,0.95,66,1,1,1356,31,30,0
lower26,literal,1024,32,10000,0.95,66,0,0,,,,0
lower26,literal,1024,32,10000,0.95,67,1,1,1356,31,30,0
lower26,literal,1024,32,10000,0.95,67,0,0,,,,0
lower26,literal,1024,32,10000,0.95,68,1,1,1356,31,30,0
lower26,literal,1024,32,10000,0.95,68,0,0,,,,0
lower26,literal,1024,32,10000,0.95,69,1,1,1356,31,30,0
lower26,literal,1024,32,10000,0.95,69,0,0,,,,0
lower26,literal,1024,32,10000,0.95,70,1,1,1356,31,30,0
lower26,literal,1024,32,10000,0.95,70,0,0,,,,0
lower26,literal,1024,32,10000,0.95,71,1,1,1356,31,30,0
lower26,literal,1024,32,10000,0.95,71,0,0,,,,0
lower26,literal,1024,32,10000,0.95,72,1,1,1356,31,30,0
lower26,literal,1024,32,10000,0.95,72,0,0,,,,0
lower26,literal,1024,32,10000,0.95,73,1,1,1356,31,30,0
lower26,literal,1024,32,10000,0.95,73,0,0,,,,0
lower26,literal,1024,32,10000,0.95,74,1,1,1356,31,30,0
lower26,literal,1024,32,10000,0.95,74,0,0,,,,0
lower26,literal,1024,32,10000,0.95,75,1,1,1356,31,30,0
lower26,literal,1024,32,10000,0.95,75,0,0,,,,0
lower26,literal,1024,32,10000,0.95,76,1,1,1356,31,30,0
lower26,literal,1024,32,10000,0.95,76,0,0,,,,0
lower26,literal,1024,32,10000,0.95,77,1,1,1356,31,30,0
lower26,literal,1024,32,10000,0.95,77,0,0,,,,0
lower26,literal,1024,32,10000,0.95,78,1,1,1356,31,30,0
lower26,literal,1024,32,10000,0.95,78,0,0,,,,0
lower26,literal,1024,32,10000,0.95,79,1,1,1356,31,30,0
lower26,literal,1024,32,10000,0.95,79,0,0,,,,0
lower26,literal,1024,32,10000,0.95,80,1,1,1356,31,30,0
lower26,literal,1024,32,10000,0.95,80,0,0,,,,0
lower26,literal,1024,32,10000,0.95,81,1,1,1356,31,30,0
lower26,literal,1024,32,10000,0.95,81,0,0,,,,0
lower26,literal,1024,32,10000,0.95,82,1,1,1356,31,30,0
lower26,literal,1024,32,10000,0.95,82,0,0,,,,0
lower26,literal,1024,32,10000,0.95,83,1,1,1356,31,30,0
lower26,literal,1024,32,10000,0.95,83,0,0,,,,0
lower26,literal,1024,32,10000,0.95,84,1,1,1356,31,30,0
lower26,literal,1024,32,10000,0.95,84,0,0,,,,0
lower26,literal,1024,32,10000,0.95,85,1,1,1356,31,30,0
lower26,literal,1024,32,10000,0.95,85,0,0,,,,0
lower26,literal,1024,32,10000,0.95,86,1,1,1356,31,30,0
lower26,literal,1024,32,10000,0.95,86,0,0,,,,0
lower26,literal,1024,32,10000,0.95,87,1,1,1356,31,30,0
lower26,literal,1024,32,10000,0.95,87,0,0,,,,0
lower26,literal,1024,32,10000,0.95,88,1,1,1356,31,30,0
lower26,literal,1024,32,10000,0.95,88,0,0,,,,0
lower26,literal,1024,32,10000,0.95,89,1,1,1356,31,30,0
lower26,literal,1024,32,10000,0.95,89,0,0,,,,0
lower26,literal,1024,32,10000,0.95,90,1,1,1356,31,30,0
lower26,literal,1024,32,10000,0.95,90,0,0,,,,0
lower26,literal,1024,32,10000,0.95,91,1,1,1356,31,30,0
lower26,literal,1024,32,10000,0.95,91,0,0,,,,0
lower26,literal,1024,32,10000,0.95,92,1,1,1356,31,30,0
lower26,literal,1024,32,10000,0.95,92,0,0,,,,0
lower26,literal,1024,32,10000,0.95,93,1,1,1356,31,30,0
lower26,literal,1024,32,10000,0.95,93,0,0,,,,0
lower26,literal,1024,32,10000,0.95,94,1,1,1356,31,30,0
lower26,literal,1024,32,10000,0.95,94,0,0,,,,0
lower26,literal,1024,32,10000,0.95,95,1,1,1356,31,30,0
lower26,literal,1024,32,10000,0.95,95,0,0,,,,0
lower26,literal,1024,32,10000,0.95,96,1,1,1356,31,30,0
lower26,literal,1024,32,10000,0.95,96,0,0,,,,0
lower26,literal,1024,32,10000,0.95,97,1,1,1356,31,30,0
lower26,literal,1024,32,10000,0.95,97,0,0,,,,0
lower26,literal,1024,32,10000,0.95,98,1,1,1356,31,30,0
lower26,literal,1024,32,10000,0.95,98,0,0,,,,0
lower26,literal,1024,32,10000,0.95,99,1,1,1356,31,30,0
lower26,literal,1024,32,10000,0.95,99,0,0,,,,0
lower26,literal,1024,32,10000,0.95,100,1,1,1356,31,30,0
lower26,literal,1024,32,10000,0.95,100,0,0,,,,0
lower26,regex,512,16,10000,0.50,1,1,1,1356,66,22,0
lower26,regex,512,16,10000,0.50,1,0,0,,,,0
lower26,regex,512,16,10000,0.50,2,1,1,1356,66,22,0
lower26,regex,512,16,10000,0.50,2,0,0,,,,0
lower26,regex,512,16,10000,0.50,3,1,1,1356,66,22,0
lower26,regex,512,16,10000,0.50,3,0,0,,,,0
lower26,regex,512,16,10000,0.50,4,1,1,1356,66,22,0
lower26,regex,512,16,10000,0.50,4,0,0,,,,0
lower26,regex,512,16,10000,0.50,5,1,1,1356,66,22,0
lower26,regex,512,16,10000,0.50,5,0,0,,,,0
lower26,regex,512,16,10000,0.50,6,1,1,1356,66,22,0
lower26,regex,512,16,10000,0.50,6,0,0,,,,0
lower26,regex,512,16,10000,0.50,7,1,1,1356,66,22,0
lower26,regex,512,16,10000,0.50,7,0,0,,,,0
lower26,regex,512,16,10000,0.50,8,1,1,1356,66,22,0
lower26,regex,512,16,10000,0.50,8,0,0,,,,0
lower26,regex,512,16,10000,0.50,9,1,1,1356,66,22,0
lower26,regex,512,16,10000,0.50,9,0,0,,,,0
lower26,regex,512,16,10000,0.50,10,1,1,1356,66,22,0
lower26,regex,512,16,10000,0.50,10,0,0,,,,0
lower26,regex,512,16,10000,0.50,11,1,1,1356,66,22,0
lower26,regex,512,16,10000,0.50,11,0,0,,,,0
lower26,regex,512,16,10000,0.50,12,1,1,1356,66,22,0
lower26,regex,512,16,10000,0.50,12,0,0,,,,0
lower26,regex,512,16,10000,0.50,13,1,1,1356,66,22,0
lower26,regex,512,16,10000,0.50,13,0,0,,,,0
lower26,regex,512,16,10000,0.50,14,1,1,1356,66,22,0
lower26,regex,512,16,10000,0.50,14,0,0,,,,0
lower26,regex,512,16,10000,0.50,15,1,1,1356,66,22,0
lower26,regex,512,16,10000,0.50,15,0,0,,,,0
lower26,regex,512,16,10000,0.50,16,1,1,1356,66,22,0
lower26,regex,512,16,10000,0.50,16,0,0,,,,0
lower26,regex,512,16,10000,0.50,17,1,1,1356,66,22,0
lower26,regex,512,16,10000,0.50,17,0,0,,,,0
lower26,regex,512,16,10000,0.50,18,1,1,1356,66,22,0
lower26,regex,512,16,10000,0.50,18,0,1,8723,52,134,0
lower26,regex,512,16,10000,0.50,19,1,1,1356,66,22,0
lower26,regex,512,16,10000,0.50,19,0,0,,,,0
lower26,regex,512,16,10000,0.50,20,1,1,1356,66,22,0
lower26,regex,512,16,10000,0.50,20,0,0,,,,0
lower26,regex,512,16,10000,0.50,21,1,1,1356,66,22,0
lower26,regex,512,16,10000,0.50,21,0,0,,,,0
lower26,regex,512,16,10000,0.50,22,1,1,1356,66,22,0
lower26,regex,512,16,10000,0.50,22,0,0,,,,0
lower26,regex,512,16,10000,0.50,23,1,1,1356,66,22,0
lower26,regex,512,16,10000,0.50,23,0,0,,,,0
lower26,regex,512,16,10000,0.50,24,1,1,1356,66,22,0
lower26,regex,512,16,10000,0.50,24,0,0,,,,0
lower26,regex,512,16,10000,0.50,25,1,1,1356,66,22,0
lower26,regex,512,16,10000,0.50,25,0,0,,,,0
lower26,regex,512,16,10000,0.50,26,1,1,1356,66,22,0
lower26,regex,512,16,10000,0.50,26,0,0,,,,0
lower26,regex,512,16,10000,0.50,27,1,1,1356,66,22,0
lower26,regex,512,16,10000,0.50,27,0,0,,,,0
lower26,regex,512,16,10000,0.50,28,1,1,1356,66,22,0
lower26,regex,512,16,10000,0.50,28,0,0,,,,0
lower26,regex,512,16,10000,0.50,29,1,1,1356,66,22,0
lower26,regex,512,16,10000,0.50,29,0,1,1937,50,472,0
lower26,regex,512,16,10000,0.50,30,1,1,1356,66,22,0
lower26,regex,512,16,10000,0.50,30,0,0,,,,0
lower26,regex,512,16,10000,0.50,31,1,1,1356,66,22,0
lower26,regex,512,16,10000,0.50,31,0,0,,,,0
lower26,regex,512,16,10000,0.50,32,1,1,1356,66,22,0
lower26,regex,512,16,10000,0.50,32,0,0,,,,0
lower26,regex,512,16,10000,0.50,33,1,1,1356,66,22,0
lower26,regex,512,16,10000,0.50,33,0,0,,,,0
lower26,regex,512,16,10000,0.50,34,1,1,1356,66,22,0
lower26,regex,512,16,10000,0.50,34,0,0,,,,0
lower26,regex,512,16,10000,0.50,35,1,1,1356,66,22,0
lower26,regex,512,16,10000,0.50,35,0,0,,,,0
lower26,regex,512,16,10000,0.50,36,1,1,1356,66,22,0
lower26,regex,512,16,10000,0.50,36,0,0,,,,0
lower26,regex,512,16,10000,0.50,37,1,1,1356,66,22,0
lower26,regex,512,16,10000,0.50,37,0,1,5957,52,378,0
lower26,regex,512,16,10000,0.50,38,1,1,1356,66,22,0
lower26,regex,512,16,10000,0.50,38,0,0,,,,0
lower26,regex,512,16,10000,0.50,39,1,1,1356,66,22,0
lower26,regex,512,16,10000,0.50,39,0,0,,,,0
lower26,regex,512,16,10000,0.50,40,1,1,1356,66,22,0
lower26,regex,512,16,10000,0.50,40,0,0,,,,0
lower26,regex,512,16,10000,0.50,41,1,1,1356,66,22,0
lower26,regex,512,16,10000,0.50,41,0,0,,,,0
lower26,regex,512,16,10000,0.50,42,1,1,1356,66,22,0
lower26,regex,512,16,10000,0.50,42,0,0,,,,0
lower26,regex,512,16,10000,0.50,43,1,1,1356,66,22,0
lower26,regex,512,16,10000,0.50,43,0,0,,,,0
lower26,regex,512,16,10000,0.50,44,1,1,1356,66,22,0
lower26,regex,512,16,10000,0.50,44,0,0,,,,0
lower26,regex,512,16,10000,0.50,45,1,1,1356,66,22,0
lower26,regex,512,16,10000,0.50,45,0,0,,,,0
lower26,regex,512,16,10000,0.50,46,1,1,1356,66,22,0
lower26,regex,512,16,10000,0.50,46,0,0,,,,0
lower26,regex,512,16,10000,0.50,47,1,1,1356,66,22,0
lower26,regex,512,16,10000,0.50,47,0,0,,,,0
lower26,regex,512,16,10000,0.50,48,1,1,1356,66,22,0
lower26,regex,512,16,10000,0.50,48,0,0,,,,0
lower26,regex,512,16,10000,0.50,49,1,1,1356,66,22,0
lower26,regex,512,16,10000,0.50,49,0,0,,,,0
lower26,regex,512,16,10000,0.50,50,1,1,1356,66,22,0
lower26,regex,512,16,10000,0.50,50,0,0,,,,0
lower26,regex,512,16,10000,0.50,51,1,1,1356,66,22,0
lower26,regex,512,16,10000,0.50,51,0,0,,,,0
lower26,regex,512,16,10000,0.50,52,1,1,1356,66,22,0
lower26,regex,512,16,10000,0.50,52,0,0,,,,0
lower26,regex,512,16,10000,0.50,53,1,1,1356,66,22,0
lower26,regex,512,16,10000,0.50,53,0,0,,,,0
lower26,regex,512,16,10000,0.50,54,1,1,1356,66,22,0
lower26,regex,512,16,10000,0.50,54,0,0,,,,0
lower26,regex,512,16,10000,0.50,55,1,1,1356,66,22,0
lower26,regex,512,16,10000,0.50,55,0,0,,,,0
lower26,regex,512,16,10000,0.50,56,1,1,1356,66,22,0
lower26,regex,512,16,10000,0.50,56,0,0,,,,0
lower26,regex,512,16,10000,0.50,57,1,1,1356,66,22,0
lower26,regex,512,16,10000,0.50,57,0,0,,,,0
lower26,regex,512,16,10000,0.50,58,1,1,1356,66,22,0
lower26,regex,512,16,10000,0.50,58,0,0,,,,0
lower26,regex,512,16,10000,0.50,59,1,1,1356,66,22,0
lower26,regex,512,16,10000,0.50,59,0,0,,,,0
lower26,regex,512,16,10000,0.50,60,1,1,1356,66,22,0
lower26,regex,512,16,10000,0.50,60,0,0,,,,0
lower26,regex,512,16,10000,0.50,61,1,1,1356,66,22,0
lower26,regex,512,16,10000,0.50,61,0,0,,,,0
lower26,regex,512,16,10000,0.50,62,1,1,1356,66,22,0
lower26,regex,512,16,10000,0.50,62,0,0,,,,0
lower26,regex,512,16,10000,0.50,63,1,1,1356,66,22,0
lower26,regex,512,16,10000,0.50,63,0,0,,,,0
lower26,regex,512,16,10000,0.50,64,1,1,1356,66,22,0
lower26,regex,512,16,10000,0.50,64,0,0,,,,0
lower26,regex,512,16,10000,0.50,65,1,1,1356,66,22,0
lower26,regex,512,16,10000,0.50,65,0,0,,,,0
lower26,regex,512,16,10000,0.50,66,1,1,1356,66,22,0
lower26,regex,512,16,10000,0.50,66,0,0,,,,0
lower26,regex,512,16,10000,0.50,67,1,1,1356,66,22,0
lower26,regex,512,16,10000,0.50,67,0,0,,,,0
lower26,regex,512,16,10000,0.50,68,1,1,1356,66,22,0
lower26,regex,512,16,10000,0.50,68,0,1,419,49,227,0
lower26,regex,512,16,10000,0.50,69,1,1,1356,66,22,0
lower26,regex,512,16,10000,0.50,69,0,0,,,,0
lower26,regex,512,16,10000,0.50,70,1,1,1356,66,22,0
lower26,regex,512,16,10000,0.50,70,0,0,,,,0
lower26,regex,512,16,10000,0.50,71,1,1,1356,66,22,0
lower26,regex,512,16,10000,0.50,71,0,0,,,,0
lower26,regex,512,16,10000,0.50,72,1,1,1356,66,22,0
lower26,regex,512,16,10000,0.50,72,0,0,,,,0
lower26,regex,512,16,10000,0.50,73,1,1,1356,66,22,0
lower26,regex,512,16,10000,0.50,73,0,0,,,,0
lower26,regex,512,16,10000,0.50,74,1,1,1356,66,22,0
lower26,regex,512,16,10000,0.50,74,0,0,,,,0
lower26,regex,512,16,10000,0.50,75,1,1,1356,66,22,0
lower26,regex,512,16,10000,0.50,75,0,0,,,,0
lower26,regex,512,16,10000,0.50,76,1,1,1356,66,22,0
lower26,regex,512,16,10000,0.50,76,0,0,,,,0
lower26,regex,512,16,10000,0.50,77,1,1,1356,66,22,0
lower26,regex,512,16,10000,0.50,77,0,0,,,,0
lower26,regex,512,16,10000,0.50,78,1,1,1356,66,22,0
lower26,regex,512,16,10000,0.50,78,0,0,,,,0
lower26,regex,512,16,10000,0.50,79,1,1,1356,66,22,0
lower26,regex,512,16,10000,0.50,79,0,0,,,,0
lower26,regex,512,16,10000,0.50,80,1,1,1356,66,22,0
lower26,regex,512,16,10000,0.50,80,0,0,,,,0
lower26,regex,512,16,10000,0.50,81,1,1,1356,66,22,0
lower26,regex,512,16,10000,0.50,81,0,0,,,,0
lower26,regex,512,16,10000,0.50,82,1,1,1356,66,22,0
lower26,regex,512,16,10000,0.50,82,0,0,,,,0
lower26,regex,512,16,10000,0.50,83,1,1,1356,66,22,0
lower26,regex,512,16,10000,0.50,83,0,0,,,,0
lower26,regex,512,16,10000,0.50,84,1,1,1356,66,22,0
lower26,regex,512,16,10000,0.50,84,0,0,,,,0
lower26,regex,512,16,10000,0.50,85,1,1,1356,66,22,0
lower26,regex,512,16,10000,0.50,85,0,0,,,,0
lower26,regex,512,16,10000,0.50,86,1,1,1356,66,22,0
lower26,regex,512,16,10000,0.50,86,0,0,,,,0
lower26,regex,512,16,10000,0.50,87,1,1,1356,66,22,0
lower26,regex,512,16,10000,0.50,87,0,0,,,,0
lower26,regex,512,16,10000,0.50,88,1,1,1356,66,22,0
lower26,regex,512,16,10000,0.50,88,0,0,,,,0
lower26,regex,512,16,10000,0.50,89,1,1,1356,66,22,0
lower26,regex,512,16,10000,0.50,89,0,1,1045,48,109,0
lower26,regex,512,16,10000,0.50,90,1,1,1356,66,22,0
lower26,regex,512,16,10000,0.50,90,0,0,,,,0
lower26,regex,512,16,10000,0.50,91,1,1,1356,66,22,0
lower26,regex,512,16,10000,0.50,91,0,0,,,,0
lower26,regex,512,16,10000,0.50,92,1,1,1356,66,22,0
lower26,regex,512,16,10000,0.50,92,0,0,,,,0
lower26,regex,512,16,10000,0.50,93,1,1,1356,66,22,0
lower26,regex,512,16,10000,0.50,93,0,0,,,,0
lower26,regex,512,16,10000,0.50,94,1,1,1356,66,22,0
lower26,regex,512,16,10000,0.50,94,0,0,,,,0
lower26,regex,512,16,10000,0.50,95,1,1,1356,66,22,0
lower26,regex,512,16,10000,0.50,95,0,0,,,,0
lower26,regex,512,16,10000,0.50,96,1,1,1356,66,22,0
lower26,regex,512,16,10000,0.50,96,0,0,,,,0
lower26,regex,512,16,10000,0.50,97,1,1,1356,66,22,0
lower26,regex,512,16,10000,0.50,97,0,0,,,,0
lower26,regex,512,16,10000,0.50,98,1,1,1356,66,22,0
lower26,regex,512,16,10000,0.50,98,0,0,,,,0
lower26,regex,512,16,10000,0.50,99,1,1,1356,66,22,0
lower26,regex,512,16,10000,0.50,99,0,0,,,,0
lower26,regex,512,16,10000,0.50,100,1,1,1356,66,22,0
lower26,regex,512,16,10000,0.50,100,0,0,,,,0
lower26,regex,512,16,10000,0.60,1,1,1,1356,66,22,0
lower26,regex,512,16,10000,0.60,1,0,0,,,,0
lower26,regex,512,16,10000,0.60,2,1,1,1356,66,22,0
lower26,regex,512,16,10000,0.60,2,0,0,,,,0
lower26,regex,512,16,10000,0.60,3,1,1,1356,66,22,0
lower26,regex,512,16,10000,0.60,3,0,0,,,,0
lower26,regex,512,16,10000,0.60,4,1,1,1356,66,22,0
lower26,regex,512,16,10000,0.60,4,0,0,,,,0
lower26,regex,512,16,10000,0.60,5,1,1,1356,66,22,0
lower26,regex,512,16,10000,0.60,5,0,0,,,,0
lower26,regex,512,16,10000,0.60,6,1,1,1356,66,22,0
lower26,regex,512,16,10000,0.60,6,0,0,,,,0
lower26,regex,512,16,10000,0.60,7,1,1,1356,66,22,0
lower26,regex,512,16,10000,0.60,7,0,0,,,,0
lower26,regex,512,16,10000,0.60,8,1,1,1356,66,22,0
lower26,regex,512,16,10000,0.60,8,0,0,,,,0
lower26,regex,512,16,10000,0.60,9,1,1,1356,66,22,0
lower26,regex,512,16,10000,0.60,9,0,0,,,,0
lower26,regex,512,16,10000,0.60,10,1,1,1356,66,22,0
lower26,regex,512,16,10000,0.60,10,0,0,,,,0
lower26,regex,512,16,10000,0.60,11,1,1,1356,66,22,0
lower26,regex,512,16,10000,0.60,11,0,0,,,,0
lower26,regex,512,16,10000,0.60,12,1,1,1356,66,22,0
lower26,regex,512,16,10000,0.60,12,0,0,,,,0
lower26,regex,512,16,10000,0.60,13,1,1,1356,66,22,0
lower26,regex,512,16,10000,0.60,13,0,0,,,,0
lower26,regex,512,16,10000,0.60,14,1,1,1356,66,22,0
lower26,regex,512,16,10000,0.60,14,0,0,,,,0
lower26,regex,512,16,10000,0.60,15,1,1,1356,66,22,0
lower26,regex,512,16,10000,0.60,15,0,0,,,,0
lower26,regex,512,16,10000,0.60,16,1,1,1356,66,22,0
lower26,regex,512,16,10000,0.60,16,0,0,,,,0
lower26,regex,512,16,10000,0.60,17,1,1,1356,66,22,0
lower26,regex,512,16,10000,0.60,17,0,0,,,,0
lower26,regex,512,16,10000,0.60,18,1,1,1356,66,22,0
lower26,regex,512,16,10000,0.60,18,0,0,,,,0
lower26,regex,512,16,10000,0.60,19,1,1,1356,66,22,0
lower26,regex,512,16,10000,0.60,19,0,0,,,,0
lower26,regex,512,16,10000,0.60,20,1,1,1356,66,22,0
lower26,regex,512,16,10000,0.60,20,0,0,,,,0
lower26,regex,512,16,10000,0.60,21,1,1,1356,66,22,0
lower26,regex,512,16,10000,0.60,21,0,0,,,,0
lower26,regex,512,16,10000,0.60,22,1,1,1356,66,22,0
lower26,regex,512,16,10000,0.60,22,0,0,,,,0
lower26,regex,512,16,10000,0.60,23,1,1,1356,66,22,0
lower26,regex,512,16,10000,0.60,23,0,0,,,,0
lower26,regex,512,16,10000,0.60,24,1,1,1356,66,22,0
lower26,regex,512,16,10000,0.60,24,0,0,,,,0
lower26,regex,512,16,10000,0.60,25,1,1,1356,66,22,0
lower26,regex,512,16,10000,0.60,25,0,0,,,,0
lower26,regex,512,16,10000,0.60,26,1,1,1356,66,22,0
lower26,regex,512,16,10000,0.60,26,0,0,,,,0
lower26,regex,512,16,10000,0.60,27,1,1,1356,66,22,0
lower26,regex,512,16,10000,0.60,27,0,0,,,,0
lower26,regex,512,16,10000,0.60,28,1,1,1356,66,22,0
lower26,regex,512,16,10000,0.60,28,0,0,,,,0
lower26,regex,512,16,10000,0.60,29,1,1,1356,66,22,0
lower26,regex,512,16,10000,0.60,29,0,0,,,,0
lower26,regex,512,16,10000,0.60,30,1,1,1356,66,22,0
lower26,regex,512,16,10000,0.60,30,0,0,,,,0
lower26,regex,512,16,10000,0.60,31,1,1,1356,66,22,0
lower26,regex,512,16,10000,0.60,31,0,0,,,,0
lower26,regex,512,16,10000,0.60,32,1,1,1356,66,22,0
lower26,regex,512,16,10000,0.60,32,0,0,,,,0
lower26,regex,512,16,10000,0.60,33,1,1,1356,66,22,0
lower26,regex,512,16,10000,0.60,33,0,0,,,,0
lower26,regex,512,16,10000,0.60,34,1,1,1356,66,22,0
lower26,regex,512,16,10000,0.60,34,0,0,,,,0
lower26,regex,512,16,10000,0.60,35,1,1,1356,66,22,0
lower26,regex,512,16,10000,0.60,35,0,0,,,,0
lower26,regex,512,16,10000,0.60,36,1,1,1356,66,22,0
lower26,regex,512,16,10000,0.60,36,0,0,,,,0
lower26,regex,512,16,10000,0.60,37,1,1,1356,66,22,0
lower26,regex,512,16,10000,0.60,37,0,0,,,,0
lower26,regex,512,16,10000,0.60,38,1,1,1356,66,22,0
lower26,regex,512,16,10000,0.60,38,0,0,,,,0
lower26,regex,512,16,10000,0.60,39,1,1,1356,66,22,0
lower26,regex,512,16,10000,0.60,39,0,0,,,,0
lower26,regex,512,16,10000,0.60,40,1,1,1356,66,22,0
lower26,regex,512,16,10000,0.60,40,0,0,,,,0
lower26,regex,512,16,10000,0.60,41,1,1,1356,66,22,0
lower26,regex,512,16,10000,0.60,41,0,0,,,,0
lower26,regex,512,16,10000,0.60,42,1,1,1356,66,22,0
lower26,regex,512,16,10000,0.60,42,0,0,,,,0
lower26,regex,512,16,10000,0.60,43,1,1,1356,66,22,0
lower26,regex,512,16,10000,0.60,43,0,0,,,,0
lower26,regex,512,16,10000,0.60,44,1,1,1356,66,22,0
lower26,regex,512,16,10000,0.60,44,0,0,,,,0
lower26,regex,512,16,10000,0.60,45,1,1,1356,66,22,0
lower26,regex,512,16,10000,0.60,45,0,0,,,,0
lower26,regex,512,16,10000,0.60,46,1,1,1356,66,22,0
lower26,regex,512,16,10000,0.60,46,0,0,,,,0
lower26,regex,512,16,10000,0.60,47,1,1,1356,66,22,0
lower26,regex,512,16,10000,0.60,47,0,0,,,,0
lower26,regex,512,16,10000,0.60,48,1,1,1356,66,22,0
lower26,regex,512,16,10000,0.60,48,0,0,,,,0
lower26,regex,512,16,10000,0.60,49,1,1,1356,66,22,0
lower26,regex,512,16,10000,0.60,49,0,0,,,,0
lower26,regex,512,16,10000,0.60,50,1,1,1356,66,22,0
lower26,regex,512,16,10000,0.60,50,0,0,,,,0
lower26,regex,512,16,10000,0.60,51,1,1,1356,66,22,0
lower26,regex,512,16,10000,0.60,51,0,0,,,,0
lower26,regex,512,16,10000,0.60,52,1,1,1356,66,22,0
lower26,regex,512,16,10000,0.60,52,0,0,,,,0
lower26,regex,512,16,10000,0.60,53,1,1,1356,66,22,0
lower26,regex,512,16,10000,0.60,53,0,0,,,,0
lower26,regex,512,16,10000,0.60,54,1,1,1356,66,22,0
lower26,regex,512,16,10000,0.60,54,0,0,,,,0
lower26,regex,512,16,10000,0.60,55,1,1,1356,66,22,0
lower26,regex,512,16,10000,0.60,55,0,0,,,,0
lower26,regex,512,16,10000,0.60,56,1,1,1356,66,22,0
lower26,regex,512,16,10000,0.60,56,0,0,,,,0
lower26,regex,512,16,10000,0.60,57,1,1,1356,66,22,0
lower26,regex,512,16,10000,0.60,57,0,0,,,,0
lower26,regex,512,16,10000,0.60,58,1,1,1356,66,22,0
lower26,regex,512,16,10000,0.60,58,0,0,,,,0
lower26,regex,512,16,10000,0.60,59,1,1,1356,66,22,0
lower26,regex,512,16,10000,0.60,59,0,0,,,,0
lower26,regex,512,16,10000,0.60,60,1,1,1356,66,22,0
lower26,regex,512,16,10000,0.60,60,0,0,,,,0
lower26,regex,512,16,10000,0.60,61,1,1,1356,66,22,0
lower26,regex,512,16,10000,0.60,61,0,0,,,,0
lower26,regex,512,16,10000,0.60,62,1,1,1356,66,22,0
lower26,regex,512,16,10000,0.60,62,0,0,,,,0
lower26,regex,512,16,10000,0.60,63,1,1,1356,66,22,0
lower26,regex,512,16,10000,0.60,63,0,0,,,,0
lower26,regex,512,16,10000,0.60,64,1,1,1356,66,22,0
lower26,regex,512,16,10000,0.60,64,0,0,,,,0
lower26,regex,512,16,10000,0.60,65,1,1,1356,66,22,0
lower26,regex,512,16,10000,0.60,65,0,0,,,,0
lower26,regex,512,16,10000,0.60,66,1,1,1356,66,22,0
lower26,regex,512,16,10000,0.60,66,0,0,,,,0
lower26,regex,512,16,10000,0.60,67,1,1,1356,66,22,0
lower26,regex,512,16,10000,0.60,67,0,0,,,,0
lower26,regex,512,16,10000,0.60,68,1,1,1356,66,22,0
lower26,regex,512,16,10000,0.60,68,0,0,,,,0
lower26,regex,512,16,10000,0.60,69,1,1,1356,66,22,0
lower26,regex,512,16,10000,0.60,69,0,0,,,,0
lower26,regex,512,16,10000,0.60,70,1,1,1356,66,22,0
lower26,regex,512,16,10000,0.60,70,0,0,,,,0
lower26,regex,512,16,10000,0.60,71,1,1,1356,66,22,0
lower26,regex,512,16,10000,0.60,71,0,0,,,,0
lower26,regex,512,16,10000,0.60,72,1,1,1356,66,22,0
lower26,regex,512,16,10000,0.60,72,0,0,,,,0
lower26,regex,512,16,10000,0.60,73,1,1,1356,66,22,0
lower26,regex,512,16,10000,0.60,73,0,0,,,,0
lower26,regex,512,16,10000,0.60,74,1,1,1356,66,22,0
lower26,regex,512,16,10000,0.60,74,0,0,,,,0
lower26,regex,512,16,10000,0.60,75,1,1,1356,66,22,0
lower26,regex,512,16,10000,0.60,75,0,0,,,,0
lower26,regex,512,16,10000,0.60,76,1,1,1356,66,22,0
lower26,regex,512,16,10000,0.60,76,0,0,,,,0
lower26,regex,512,16,10000,0.60,77,1,1,1356,66,22,0
lower26,regex,512,16,10000,0.60,77,0,0,,,,0
lower26,regex,512,16,10000,0.60,78,1,1,1356,66,22,0
lower26,regex,512,16,10000,0.60,78,0,0,,,,0
lower26,regex,512,16,10000,0.60,79,1,1,1356,66,22,0
lower26,regex,512,16,10000,0.60,79,0,0,,,,0
lower26,regex,512,16,10000,0.60,80,1,1,1356,66,22,0
lower26,regex,512,16,10000,0.60,80,0,0,,,,0
lower26,regex,512,16,10000,0.60,81,1,1,1356,66,22,0
lower26,regex,512,16,10000,0.60,81,0,0,,,,0
lower26,regex,512,16,10000,0.60,82,1,1,1356,66,22,0
lower26,regex,512,16,10000,0.60,82,0,0,,,,0
lower26,regex,512,16,10000,0.60,83,1,1,1356,66,22,0
lower26,regex,512,16,10000,0.60,83,0,0,,,,0
lower26,regex,512,16,10000,0.60,84,1,1,1356,66,22,0
lower26,regex,512,16,10000,0.60,84,0,0,,,,0
lower26,regex,512,16,10000,0.60,85,1,1,1356,66,22,0
lower26,regex,512,16,10000,0.60,85,0,0,,,,0
lower26,regex,512,16,10000,0.60,86,1,1,1356,66,22,0
lower26,regex,512,16,10000,0.60,86,0,0,,,,0
lower26,regex,512,16,10000,0.60,87,1,1,1356,66,22,0
lower26,regex,512,16,10000,0.60,87,0,0,,,,0
lower26,regex,512,16,10000,0.60,88,1,1,1356,66,22,0
lower26,regex,512,16,10000,0.60,88,0,0,,,,0
lower26,regex,512,16,10000,0.60,89,1,1,1356,66,22,0
lower26,regex,512,16,10000,0.60,89,0,0,,,,0
lower26,regex,512,16,10000,0.60,90,1,1,1356,66,22,0
lower26,regex,512,16,10000,0.60,90,0,0,,,,0
lower26,regex,512,16,10000,0.60,91,1,1,1356,66,22,0
lower26,regex,512,16,10000,0.60,91,0,0,,,,0
lower26,regex,512,16,10000,0.60,92,1,1,1356,66,22,0
lower26,regex,512,16,10000,0.60,92,0,0,,,,0
lower26,regex,512,16,10000,0.60,93,1,1,1356,66,22,0
lower26,regex,512,16,10000,0.60,93,0,0,,,,0
lower26,regex,512,16,10000,0.60,94,1,1,1356,66,22,0
lower26,regex,512,16,10000,0.60,94,0,0,,,,0
lower26,regex,512,16,10000,0.60,95,1,1,1356,66,22,0
lower26,regex,512,16,10000,0.60,95,0,0,,,,0
lower26,regex,512,16,10000,0.60,96,1,1,1356,66,22,0
lower26,regex,512,16,10000,0.60,96,0,0,,,,0
lower26,regex,512,16,10000,0.60,97,1,1,1356,66,22,0
lower26,regex,512,16,10000,0.60,97,0,0,,,,0
lower26,regex,512,16,10000,0.60,98,1,1,1356,66,22,0
lower26,regex,512,16,10000,0.60,98,0,0,,,,0
lower26,regex,512,16,10000,0.60,99,1,1,1356,66,22,0
lower26,regex,512,16,10000,0.60,99,0,0,,,,0
lower26,regex,512,16,10000,0.60,100,1,1,1356,66,22,0
lower26,regex,512,16,10000,0.60,100,0,0,,,,0
lower26,regex,512,16,10000,0.70,1,1,1,1356,66,22,0
lower26,regex,512,16,10000,0.70,1,0,0,,,,0
lower26,regex,512,16,10000,0.70,2,1,1,1356,66,22,0
lower26,regex,512,16,10000,0.70,2,0,0,,,,0
lower26,regex,512,16,10000,0.70,3,1,1,1356,66,22,0
lower26,regex,512,16,10000,0.70,3,0,0,,,,0
lower26,regex,512,16,10000,0.70,4,1,1,1356,66,22,0
lower26,regex,512,16,10000,0.70,4,0,0,,,,0
lower26,regex,512,16,10000,0.70,5,1,1,1356,66,22,0
lower26,regex,512,16,10000,0.70,5,0,0,,,,0
lower26,regex,512,16,10000,0.70,6,1,1,1356,66,22,0
lower26,regex,512,16,10000,0.70,6,0,0,,,,0
lower26,regex,512,16,10000,0.70,7,1,1,1356,66,22,0
lower26,regex,512,16,10000,0.70,7,0,0,,,,0
lower26,regex,512,16,10000,0.70,8,1,1,1356,66,22,0
lower26,regex,512,16,10000,0.70,8,0,0,,,,0
lower26,regex,512,16,10000,0.70,9,1,1,1356,66,22,0
lower26,regex,512,16,10000,0.70,9,0,0,,,,0
lower26,regex,512,16,10000,0.70,10,1,1,1356,66,22,0
lower26,regex,512,16,10000,0.70,10,0,0,,,,0
lower26,regex,512,16,10000,0.70,11,1,1,1356,66,22,0
lower26,regex,512,16,10000,0.70,11,0,0,,,,0
lower26,regex,512,16,10000,0.70,12,1,1,1356,66,22,0
lower26,regex,512,16,10000,0.70,12,0,0,,,,0
lower26,regex,512,16,10000,0.70,13,1,1,1356,66,22,0
lower26,regex,512,16,10000,0.70,13,0,0,,,,0
lower26,regex,512,16,10000,0.70,14,1,1,1356,66,22,0
lower26,regex,512,16,10000,0.70,14,0,0,,,,0
lower26,regex,512,16,10000,0.70,15,1,1,1356,66,22,0
lower26,regex,512,16,10000,0.70,15,0,0,,,,0
lower26,regex,512,16,10000,0.70,16,1,1,1356,66,22,0
lower26,regex,512,16,10000,0.70,16,0,0,,,,0
lower26,regex,512,16,10000,0.70,17,1,1,1356,66,22,0
lower26,regex,512,16,10000,0.70,17,0,0,,,,0
lower26,regex,512,16,10000,0.70,18,1,1,1356,66,22,0
lower26,regex,512,16,10000,0.70,18,0,0,,,,0
lower26,regex,512,16,10000,0.70,19,1,1,1356,66,22,0
lower26,regex,512,16,10000,0.70,19,0,0,,,,0
lower26,regex,512,16,10000,0.70,20,1,1,1356,66,22,0
lower26,regex,512,16,10000,0.70,20,0,0,,,,0
lower26,regex,512,16,10000,0.70,21,1,1,1356,66,22,0
lower26,regex,512,16,10000,0.70,21,0,0,,,,0
lower26,regex,512,16,10000,0.70,22,1,1,1356,66,22,0
lower26,regex,512,16,10000,0.70,22,0,0,,,,0
lower26,regex,512,16,10000,0.70,23,1,1,1356,66,22,0
lower26,regex,512,16,10000,0.70,23,0,0,,,,0
lower26,regex,512,16,10000,0.70,24,1,1,1356,66,22,0
lower26,regex,512,16,10000,0.70,24,0,0,,,,0
lower26,regex,512,16,10000,0.70,25,1,1,1356,66,22,0
lower26,regex,512,16,10000,0.70,25,0,0,,,,0
lower26,regex,512,16,10000,0.70,26,1,1,1356,66,22,0
lower26,regex,512,16,10000,0.70,26,0,0,,,,0
lower26,regex,512,16,10000,0.70,27,1,1,1356,66,22,0
lower26,regex,512,16,10000,0.70,27,0,0,,,,0
lower26,regex,512,16,10000,0.70,28,1,1,1356,66,22,0
lower26,regex,512,16,10000,0.70,28,0,0,,,,0
lower26,regex,512,16,10000,0.70,29,1,1,1356,66,22,0
lower26,regex,512,16,10000,0.70,29,0,0,,,,0
lower26,regex,512,16,10000,0.70,30,1,1,1356,66,22,0
lower26,regex,512,16,10000,0.70,30,0,0,,,,0
lower26,regex,512,16,10000,0.70,31,1,1,1356,66,22,0
lower26,regex,512,16,10000,0.70,31,0,0,,,,0
lower26,regex,512,16,10000,0.70,32,1,1,1356,66,22,0
lower26,regex,512,16,10000,0.70,32,0,0,,,,0
lower26,regex,512,16,10000,0.70,33,1,1,1356,66,22,0
lower26,regex,512,16,10000,0.70,33,0,0,,,,0
lower26,regex,512,16,10000,0.70,34,1,1,1356,66,22,0
lower26,regex,512,16,10000,0.70,34,0,0,,,,0
lower26,regex,512,16,10000,0.70,35,1,1,1356,66,22,0
lower26,regex,512,16,10000,0.70,35,0,0,,,,0
lower26,regex,512,16,10000,0.70,36,1,1,1356,66,22,0
lower26,regex,512,16,10000,0.70,36,0,0,,,,0
lower26,regex,512,16,10000,0.70,37,1,1,1356,66,22,0
lower26,regex,512,16,10000,0.70,37,0,0,,,,0
lower26,regex,512,16,10000,0.70,38,1,1,1356,66,22,0
lower26,regex,512,16,10000,0.70,38,0,0,,,,0
lower26,regex,512,16,10000,0.70,39,1,1,1356,66,22,0
lower26,regex,512,16,10000,0.70,39,0,0,,,,0
lower26,regex,512,16,10000,0.70,40,1,1,1356,66,22,0
lower26,regex,512,16,10000,0.70,40,0,0,,,,0
lower26,regex,512,16,10000,0.70,41,1,1,1356,66,22,0
lower26,regex,512,16,10000,0.70,41,0,0,,,,0
lower26,regex,512,16,10000,0.70,42,1,1,1356,66,22,0
lower26,regex,512,16,10000,0.70,42,0,0,,,,0
lower26,regex,512,16,10000,0.70,43,1,1,1356,66,22,0
lower26,regex,512,16,10000,0.70,43,0,0,,,,0
lower26,regex,512,16,10000,0.70,44,1,1,1356,66,22,0
lower26,regex,512,16,10000,0.70,44,0,0,,,,0
lower26,regex,512,16,10000,0.70,45,1,1,1356,66,22,0
lower26,regex,512,16,10000,0.70,45,0,0,,,,0
lower26,regex,512,16,10000,0.70,46,1,1,1356,66,22,0
lower26,regex,512,16,10000,0.70,46,0,0,,,,0
lower26,regex,512,16,10000,0.70,47,1,1,1356,66,22,0
lower26,regex,512,16,10000,0.70,47,0,0,,,,0
lower26,regex,512,16,10000,0.70,48,1,1,1356,66,22,0
lower26,regex,512,16,10000,0.70,48,0,0,,,,0
lower26,regex,512,16,10000,0.70,49,1,1,1356,66,22,0
lower26,regex,512,16,10000,0.70,49,0,0,,,,0
lower26,regex,512,16,10000,0.70,50,1,1,1356,66,22,0
lower26,regex,512,16,10000,0.70,50,0,0,,,,0
lower26,regex,512,16,10000,0.70,51,1,1,1356,66,22,0
lower26,regex,512,16,10000,0.70,51,0,0,,,,0
lower26,regex,512,16,10000,0.70,52,1,1,1356,66,22,0
lower26,regex,512,16,10000,0.70,52,0,0,,,,0
lower26,regex,512,16,10000,0.70,53,1,1,1356,66,22,0
lower26,regex,512,16,10000,0.70,53,0,0,,,,0
lower26,regex,512,16,10000,0.70,54,1,1,1356,66,22,0
lower26,regex,512,16,10000,0.70,54,0,0,,,,0
lower26,regex,512,16,10000,0.70,55,1,1,1356,66,22,0
lower26,regex,512,16,10000,0.70,55,0,0,,,,0
lower26,regex,512,16,10000,0.70,56,1,1,1356,66,22,0
lower26,regex,512,16,10000,0.70,56,0,0,,,,0
lower26,regex,512,16,10000,0.70,57,1,1,1356,66,22,0
lower26,regex,512,16,10000,0.70,57,0,0,,,,0
lower26,regex,512,16,10000,0.70,58,1,1,1356,66,22,0
lower26,regex,512,16,10000,0.70,58,0,0,,,,0
lower26,regex,512,16,10000,0.70,59,1,1,1356,66,22,0
lower26,regex,512,16,10000,0.70,59,0,0,,,,0
lower26,regex,512,16,10000,0.70,60,1,1,1356,66,22,0
lower26,regex,512,16,10000,0.70,60,0,0,,,,0
lower26,regex,512,16,10000,0.70,61,1,1,1356,66,22,0
lower26,regex,512,16,10000,0.70,61,0,0,,,,0
lower26,regex,512,16,10000,0.70,62,1,1,1356,66,22,0
lower26,regex,512,16,10000,0.70,62,0,0,,,,0
lower26,regex,512,16,10000,0.70,63,1,1,1356,66,22,0
lower26,regex,512,16,10000,0.70,63,0,0,,,,0
lower26,regex,512,16,10000,0.70,64,1,1,1356,66,22,0
lower26,regex,512,16,10000,0.70,64,0,0,,,,0
lower26,regex,512,16,10000,0.70,65,1,1,1356,66,22,0
lower26,regex,512,16,10000,0.70,65,0,0,,,,0
lower26,regex,512,16,10000,0.70,66,1,1,1356,66,22,0
lower26,regex,512,16,10000,0.70,66,0,0,,,,0
lower26,regex,512,16,10000,0.70,67,1,1,1356,66,22,0
lower26,regex,512,16,10000,0.70,67,0,0,,,,0
lower26,regex,512,16,10000,0.70,68,1,1,1356,66,22,0
lower26,regex,512,16,10000,0.70,68,0,0,,,,0
lower26,regex,512,16,10000,0.70,69,1,1,1356,66,22,0
lower26,regex,512,16,10000,0.70,69,0,0,,,,0
lower26,regex,512,16,10000,0.70,70,1,1,1356,66,22,0
lower26,regex,512,16,10000,0.70,70,0,0,,,,0
lower26,regex,512,16,10000,0.70,71,1,1,1356,66,22,0
lower26,regex,512,16,10000,0.70,71,0,0,,,,0
lower26,regex,512,16,10000,0.70,72,1,1,1356,66,22,0
lower26,regex,512,16,10000,0.70,72,0,0,,,,0
lower26,regex,512,16,10000,0.70,73,1,1,1356,66,22,0
lower26,regex,512,16,10000,0.70,73,0,0,,,,0
lower26,regex,512,16,10000,0.70,74,1,1,1356,66,22,0
lower26,regex,512,16,10000,0.70,74,0,0,,,,0
lower26,regex,512,16,10000,0.70,75,1,1,1356,66,22,0
lower26,regex,512,16,10000,0.70,75,0,0,,,,0
lower26,regex,512,16,10000,0.70,76,1,1,1356,66,22,0
lower26,regex,512,16,10000,0.70,76,0,0,,,,0
lower26,regex,512,16,10000,0.70,77,1,1,1356,66,22,0
lower26,regex,512,16,10000,0.70,77,0,0,,,,0
lower26,regex,512,16,10000,0.70,78,1,1,1356,66,22,0
lower26,regex,512,16,10000,0.70,78,0,0,,,,0
lower26,regex,512,16,10000,0.70,79,1,1,1356,66,22,0
lower26,regex,512,16,10000,0.70,79,0,0,,,,0
lower26,regex,512,16,10000,0.70,80,1,1,1356,66,22,0
lower26,regex,512,16,10000,0.70,80,0,0,,,,0
lower26,regex,512,16,10000,0.70,81,1,1,1356,66,22,0
lower26,regex,512,16,10000,0.70,81,0,0,,,,0
lower26,regex,512,16,10000,0.70,82,1,1,1356,66,22,0
lower26,regex,512,16,10000,0.70,82,0,0,,,,0
lower26,regex,512,16,10000,0.70,83,1,1,1356,66,22,0
lower26,regex,512,16,10000,0.70,83,0,0,,,,0
lower26,regex,512,16,10000,0.70,84,1,1,1356,66,22,0
lower26,regex,512,16,10000,0.70,84,0,0,,,,0
lower26,regex,512,16,10000,0.70,85,1,1,1356,66,22,0
lower26,regex,512,16,10000,0.70,85,0,0,,,,0
lower26,regex,512,16,10000,0.70,86,1,1,1356,66,22,0
lower26,regex,512,16,10000,0.70,86,0,0,,,,0
lower26,regex,512,16,10000,0.70,87,1,1,1356,66,22,0
lower26,regex,512,16,10000,0.70,87,0,0,,,,0
lower26,regex,512,16,10000,0.70,88,1,1,1356,66,22,0
lower26,regex,512,16,10000,0.70,88,0,0,,,,0
lower26,regex,512,16,10000,0.70,89,1,1,1356,66,22,0
lower26,regex,512,16,10000,0.70,89,0,0,,,,0
lower26,regex,512,16,10000,0.70,90,1,1,1356,66,22,0
lower26,regex,512,16,10000,0.70,90,0,0,,,,0
lower26,regex,512,16,10000,0.70,91,1,1,1356,66,22,0
lower26,regex,512,16,10000,0.70,91,0,0,,,,0
lower26,regex,512,16,10000,0.70,92,1,1,1356,66,22,0
lower26,regex,512,16,10000,0.70,92,0,0,,,,0
lower26,regex,512,16,10000,0.70,93,1,1,1356,66,22,0
lower26,regex,512,16,10000,0.70,93,0,0,,,,0
lower26,regex,512,16,10000,0.70,94,1,1,1356,66,22,0
lower26,regex,512,16,10000,0.70,94,0,0,,,,0
lower26,regex,512,16,10000,0.70,95,1,1,1356,66,22,0
lower26,regex,512,16,10000,0.70,95,0,0,,,,0
lower26,regex,512,16,10000,0.70,96,1,1,1356,66,22,0
lower26,regex,512,16,10000,0.70,96,0,0,,,,0
lower26,regex,512,16,10000,0.70,97,1,1,1356,66,22,0
lower26,regex,512,16,10000,0.70,97,0,0,,,,0
lower26,regex,512,16,10000,0.70,98,1,1,1356,66,22,0
lower26,regex,512,16,10000,0.70,98,0,0,,,,0
lower26,regex,512,16,10000,0.70,99,1,1,1356,66,22,0
lower26,regex,512,16,10000,0.70,99,0,0,,,,0
lower26,regex,512,16,10000,0.70,100,1,1,1356,66,22,0
lower26,regex,512,16,10000,0.70,100,0,0,,,,0
lower26,regex,512,16,10000,0.80,1,1,1,1356,66,22,0
lower26,regex,512,16,10000,0.80,1,0,0,,,,0
lower26,regex,512,16,10000,0.80,2,1,1,1356,66,22,0
lower26,regex,512,16,10000,0.80,2,0,0,,,,0
lower26,regex,512,16,10000,0.80,3,1,1,1356,66,22,0
lower26,regex,512,16,10000,0.80,3,0,0,,,,0
lower26,regex,512,16,10000,0.80,4,1,1,1356,66,22,0
lower26,regex,512,16,10000,0.80,4,0,0,,,,0
lower26,regex,512,16,10000,0.80,5,1,1,1356,66,22,0
lower26,regex,512,16,10000,0.80,5,0,0,,,,0
lower26,regex,512,16,10000,0.80,6,1,1,1356,66,22,0
lower26,regex,512,16,10000,0.80,6,0,0,,,,0
lower26,regex,512,16,10000,0.80,7,1,1,1356,66,22,0
lower26,regex,512,16,10000,0.80,7,0,0,,,,0
lower26,regex,512,16,10000,0.80,8,1,1,1356,66,22,0
lower26,regex,512,16,10000,0.80,8,0,0,,,,0
lower26,regex,512,16,10000,0.80,9,1,1,1356,66,22,0
lower26,regex,512,16,10000,0.80,9,0,0,,,,0
lower26,regex,512,16,10000,0.80,10,1,1,1356,66,22,0
lower26,regex,512,16,10000,0.80,10,0,0,,,,0
lower26,regex,512,16,10000,0.80,11,1,1,1356,66,22,0
lower26,regex,512,16,10000,0.80,11,0,0,,,,0
lower26,regex,512,16,10000,0.80,12,1,1,1356,66,22,0
lower26,regex,512,16,10000,0.80,12,0,0,,,,0
lower26,regex,512,16,10000,0.80,13,1,1,1356,66,22,0
lower26,regex,512,16,10000,0.80,13,0,0,,,,0
lower26,regex,512,16,10000,0.80,14,1,1,1356,66,22,0
lower26,regex,512,16,10000,0.80,14,0,0,,,,0
lower26,regex,512,16,10000,0.80,15,1,1,1356,66,22,0
lower26,regex,512,16,10000,0.80,15,0,0,,,,0
lower26,regex,512,16,10000,0.80,16,1,1,1356,66,22,0
lower26,regex,512,16,10000,0.80,16,0,0,,,,0
lower26,regex,512,16,10000,0.80,17,1,1,1356,66,22,0
lower26,regex,512,16,10000,0.80,17,0,0,,,,0
lower26,regex,512,16,10000,0.80,18,1,1,1356,66,22,0
lower26,regex,512,16,10000,0.80,18,0,0,,,,0
lower26,regex,512,16,10000,0.80,19,1,1,1356,66,22,0
lower26,regex,512,16,10000,0.80,19,0,0,,,,0
lower26,regex,512,16,10000,0.80,20,1,1,1356,66,22,0
lower26,regex,512,16,10000,0.80,20,0,0,,,,0
lower26,regex,512,16,10000,0.80,21,1,1,1356,66,22,0
lower26,regex,512,16,10000,0.80,21,0,0,,,,0
lower26,regex,512,16,10000,0.80,22,1,1,1356,66,22,0
lower26,regex,512,16,10000,0.80,22,0,0,,,,0
lower26,regex,512,16,10000,0.80,23,1,1,1356,66,22,0
lower26,regex,512,16,10000,0.80,23,0,0,,,,0
lower26,regex,512,16,10000,0.80,24,1,1,1356,66,22,0
lower26,regex,512,16,10000,0.80,24,0,0,,,,0
lower26,regex,512,16,10000,0.80,25,1,1,1356,66,22,0
lower26,regex,512,16,10000,0.80,25,0,0,,,,0
lower26,regex,512,16,10000,0.80,26,1,1,1356,66,22,0
lower26,regex,512,16,10000,0.80,26,0,0,,,,0
lower26,regex,512,16,10000,0.80,27,1,1,1356,66,22,0
lower26,regex,512,16,10000,0.80,27,0,0,,,,0
lower26,regex,512,16,10000,0.80,28,1,1,1356,66,22,0
lower26,regex,512,16,10000,0.80,28,0,0,,,,0
lower26,regex,512,16,10000,0.80,29,1,1,1356,66,22,0
lower26,regex,512,16,10000,0.80,29,0,0,,,,0
lower26,regex,512,16,10000,0.80,30,1,1,1356,66,22,0
lower26,regex,512,16,10000,0.80,30,0,0,,,,0
lower26,regex,512,16,10000,0.80,31,1,1,1356,66,22,0
lower26,regex,512,16,10000,0.80,31,0,0,,,,0
lower26,regex,512,16,10000,0.80,32,1,1,1356,66,22,0
lower26,regex,512,16,10000,0.80,32,0,0,,,,0
lower26,regex,512,16,10000,0.80,33,1,1,1356,66,22,0
lower26,regex,512,16,10000,0.80,33,0,0,,,,0
lower26,regex,512,16,10000,0.80,34,1,1,1356,66,22,0
lower26,regex,512,16,10000,0.80,34,0,0,,,,0
lower26,regex,512,16,10000,0.80,35,1,1,1356,66,22,0
lower26,regex,512,16,10000,0.80,35,0,0,,,,0
lower26,regex,512,16,10000,0.80,36,1,1,1356,66,22,0
lower26,regex,512,16,10000,0.80,36,0,0,,,,0
lower26,regex,512,16,10000,0.80,37,1,1,1356,66,22,0
lower26,regex,512,16,10000,0.80,37,0,0,,,,0
lower26,regex,512,16,10000,0.80,38,1,1,1356,66,22,0
lower26,regex,512,16,10000,0.80,38,0,0,,,,0
lower26,regex,512,16,10000,0.80,39,1,1,1356,66,22,0
lower26,regex,512,16,10000,0.80,39,0,0,,,,0
lower26,regex,512,16,10000,0.80,40,1,1,1356,66,22,0
lower26,regex,512,16,10000,0.80,40,0,0,,,,0
lower26,regex,512,16,10000,0.80,41,1,1,1356,66,22,0
lower26,regex,512,16,10000,0.80,41,0,0,,,,0
lower26,regex,512,16,10000,0.80,42,1,1,1356,66,22,0
lower26,regex,512,16,10000,0.80,42,0,0,,,,0
lower26,regex,512,16,10000,0.80,43,1,1,1356,66,22,0
lower26,regex,512,16,10000,0.80,43,0,0,,,,0
lower26,regex,512,16,10000,0.80,44,1,1,1356,66,22,0
lower26,regex,512,16,10000,0.80,44,0,0,,,,0
lower26,regex,512,16,10000,0.80,45,1,1,1356,66,22,0
lower26,regex,512,16,10000,0.80,45,0,0,,,,0
lower26,regex,512,16,10000,0.80,46,1,1,1356,66,22,0
lower26,regex,512,16,10000,0.80,46,0,0,,,,0
lower26,regex,512,16,10000,0.80,47,1,1,1356,66,22,0
lower26,regex,512,16,10000,0.80,47,0,0,,,,0
lower26,regex,512,16,10000,0.80,48,1,1,1356,66,22,0
lower26,regex,512,16,10000,0.80,48,0,0,,,,0
lower26,regex,512,16,10000,0.80,49,1,1,1356,66,22,0
lower26,regex,512,16,10000,0.80,49,0,0,,,,0
lower26,regex,512,16,10000,0.80,50,1,1,1356,66,22,0
lower26,regex,512,16,10000,0.80,50,0,0,,,,0
lower26,regex,512,16,10000,0.80,51,1,1,1356,66,22,0
lower26,regex,512,16,10000,0.80,51,0,0,,,,0
lower26,regex,512,16,10000,0.80,52,1,1,1356,66,22,0
lower26,regex,512,16,10000,0.80,52,0,0,,,,0
lower26,regex,512,16,10000,0.80,53,1,1,1356,66,22,0
lower26,regex,512,16,10000,0.80,53,0,0,,,,0
lower26,regex,512,16,10000,0.80,54,1,1,1356,66,22,0
lower26,regex,512,16,10000,0.80,54,0,0,,,,0
lower26,regex,512,16,10000,0.80,55,1,1,1356,66,22,0
lower26,regex,512,16,10000,0.80,55,0,0,,,,0
lower26,regex,512,16,10000,0.80,56,1,1,1356,66,22,0
lower26,regex,512,16,10000,0.80,56,0,0,,,,0
lower26,regex,512,16,10000,0.80,57,1,1,1356,66,22,0
lower26,regex,512,16,10000,0.80,57,0,0,,,,0
lower26,regex,512,16,10000,0.80,58,1,1,1356,66,22,0
lower26,regex,512,16,10000,0.80,58,0,0,,,,0
lower26,regex,512,16,10000,0.80,59,1,1,1356,66,22,0
lower26,regex,512,16,10000,0.80,59,0,0,,,,0
lower26,regex,512,16,10000,0.80,60,1,1,1356,66,22,0
lower26,regex,512,16,10000,0.80,60,0,0,,,,0
lower26,regex,512,16,10000,0.80,61,1,1,1356,66,22,0
lower26,regex,512,16,10000,0.80,61,0,0,,,,0
lower26,regex,512,16,10000,0.80,62,1,1,1356,66,22,0
lower26,regex,512,16,10000,0.80,62,0,0,,,,0
lower26,regex,512,16,10000,0.80,63,1,1,1356,66,22,0
lower26,regex,512,16,10000,0.80,63,0,0,,,,0
lower26,regex,512,16,10000,0.80,64,1,1,1356,66,22,0
lower26,regex,512,16,10000,0.80,64,0,0,,,,0
lower26,regex,512,16,10000,0.80,65,1,1,1356,66,22,0
lower26,regex,512,16,10000,0.80,65,0,0,,,,0
lower26,regex,512,16,10000,0.80,66,1,1,1356,66,22,0
lower26,regex,512,16,10000,0.80,66,0,0,,,,0
lower26,regex,512,16,10000,0.80,67,1,1,1356,66,22,0
lower26,regex,512,16,10000,0.80,67,0,0,,,,0
lower26,regex,512,16,10000,0.80,68,1,1,1356,66,22,0
lower26,regex,512,16,10000,0.80,68,0,0,,,,0
lower26,regex,512,16,10000,0.80,69,1,1,1356,66,22,0
lower26,regex,512,16,10000,0.80,69,0,0,,,,0
lower26,regex,512,16,10000,0.80,70,1,1,1356,66,22,0
lower26,regex,512,16,10000,0.80,70,0,0,,,,0
lower26,regex,512,16,10000,0.80,71,1,1,1356,66,22,0
lower26,regex,512,16,10000,0.80,71,0,0,,,,0
lower26,regex,512,16,10000,0.80,72,1,1,1356,66,22,0
lower26,regex,512,16,10000,0.80,72,0,0,,,,0
lower26,regex,512,16,10000,0.80,73,1,1,1356,66,22,0
lower26,regex,512,16,10000,0.80,73,0,0,,,,0
lower26,regex,512,16,10000,0.80,74,1,1,1356,66,22,0
lower26,regex,512,16,10000,0.80,74,0,0,,,,0
lower26,regex,512,16,10000,0.80,75,1,1,1356,66,22,0
lower26,regex,512,16,10000,0.80,75,0,0,,,,0
lower26,regex,512,16,10000,0.80,76,1,1,1356,66,22,0
lower26,regex,512,16,10000,0.80,76,0,0,,,,0
lower26,regex,512,16,10000,0.80,77,1,1,1356,66,22,0
lower26,regex,512,16,10000,0.80,77,0,0,,,,0
lower26,regex,512,16,10000,0.80,78,1,1,1356,66,22,0
lower26,regex,512,16,10000,0.80,78,0,0,,,,0
lower26,regex,512,16,10000,0.80,79,1,1,1356,66,22,0
lower26,regex,512,16,10000,0.80,79,0,0,,,,0
lower26,regex,512,16,10000,0.80,80,1,1,1356,66,22,0
lower26,regex,512,16,10000,0.80,80,0,0,,,,0
lower26,regex,512,16,10000,0.80,81,1,1,1356,66,22,0
lower26,regex,512,16,10000,0.80,81,0,0,,,,0
lower26,regex,512,16,10000,0.80,82,1,1,1356,66,22,0
lower26,regex,512,16,10000,0.80,82,0,0,,,,0
lower26,regex,512,16,10000,0.80,83,1,1,1356,66,22,0
lower26,regex,512,16,10000,0.80,83,0,0,,,,0
lower26,regex,512,16,10000,0.80,84,1,1,1356,66,22,0
lower26,regex,512,16,10000,0.80,84,0,0,,,,0
lower26,regex,512,16,10000,0.80,85,1,1,1356,66,22,0
lower26,regex,512,16,10000,0.80,85,0,0,,,,0
lower26,regex,512,16,10000,0.80,86,1,1,1356,66,22,0
lower26,regex,512,16,10000,0.80,86,0,0,,,,0
lower26,regex,512,16,10000,0.80,87,1,1,1356,66,22,0
lower26,regex,512,16,10000,0.80,87,0,0,,,,0
lower26,regex,512,16,10000,0.80,88,1,1,1356,66,22,0
lower26,regex,512,16,10000,0.80,88,0,0,,,,0
lower26,regex,512,16,10000,0.80,89,1,1,1356,66,22,0
lower26,regex,512,16,10000,0.80,89,0,0,,,,0
lower26,regex,512,16,10000,0.80,90,1,1,1356,66,22,0
lower26,regex,512,16,10000,0.80,90,0,0,,,,0
lower26,regex,512,16,10000,0.80,91,1,1,1356,66,22,0
lower26,regex,512,16,10000,0.80,91,0,0,,,,0
lower26,regex,512,16,10000,0.80,92,1,1,1356,66,22,0
lower26,regex,512,16,10000,0.80,92,0,0,,,,0
lower26,regex,512,16,10000,0.80,93,1,1,1356,66,22,0
lower26,regex,512,16,10000,0.80,93,0,0,,,,0
lower26,regex,512,16,10000,0.80,94,1,1,1356,66,22,0
lower26,regex,512,16,10000,0.80,94,0,0,,,,0
lower26,regex,512,16,10000,0.80,95,1,1,1356,66,22,0
lower26,regex,512,16,10000,0.80,95,0,0,,,,0
lower26,regex,512,16,10000,0.80,96,1,1,1356,66,22,0
lower26,regex,512,16,10000,0.80,96,0,0,,,,0
lower26,regex,512,16,10000,0.80,97,1,1,1356,66,22,0
lower26,regex,512,16,10000,0.80,97,0,0,,,,0
lower26,regex,512,16,10000,0.80,98,1,1,1356,66,22,0
lower26,regex,512,16,10000,0.80,98,0,0,,,,0
lower26,regex,512,16,10000,0.80,99,1,1,1356,66,22,0
lower26,regex,512,16,10000,0.80,99,0,0,,,,0
lower26,regex,512,16,10000,0.80,100,1,1,1356,66,22,0
lower26,regex,512,16,10000,0.80,100,0,0,,,,0
lower26,regex,512,16,10000,0.90,1,1,1,1356,66,22,0
lower26,regex,512,16,10000,0.90,1,0,0,,,,0
lower26,regex,512,16,10000,0.90,2,1,1,1356,66,22,0
lower26,regex,512,16,10000,0.90,2,0,0,,,,0
lower26,regex,512,16,10000,0.90,3,1,1,1356,66,22,0
lower26,regex,512,16,10000,0.90,3,0,0,,,,0
lower26,regex,512,16,10000,0.90,4,1,1,1356,66,22,0
lower26,regex,512,16,10000,0.90,4,0,0,,,,0
lower26,regex,512,16,10000,0.90,5,1,1,1356,66,22,0
lower26,regex,512,16,10000,0.90,5,0,0,,,,0
lower26,regex,512,16,10000,0.90,6,1,1,1356,66,22,0
lower26,regex,512,16,10000,0.90,6,0,0,,,,0
lower26,regex,512,16,10000,0.90,7,1,1,1356,66,22,0
lower26,regex,512,16,10000,0.90,7,0,0,,,,0
lower26,regex,512,16,10000,0.90,8,1,1,1356,66,22,0
lower26,regex,512,16,10000,0.90,8,0,0,,,,0
lower26,regex,512,16,10000,0.90,9,1,1,1356,66,22,0
lower26,regex,512,16,10000,0.90,9,0,0,,,,0
lower26,regex,512,16,10000,0.90,10,1,1,1356,66,22,0
lower26,regex,512,16,10000,0.90,10,0,0,,,,0
lower26,regex,512,16,10000,0.90,11,1,1,1356,66,22,0
lower26,regex,512,16,10000,0.90,11,0,0,,,,0
lower26,regex,512,16,10000,0.90,12,1,1,1356,66,22,0
lower26,regex,512,16,10000,0.90,12,0,0,,,,0
lower26,regex,512,16,10000,0.90,13,1,1,1356,66,22,0
lower26,regex,512,16,10000,0.90,13,0,0,,,,0
lower26,regex,512,16,10000,0.90,14,1,1,1356,66,22,0
lower26,regex,512,16,10000,0.90,14,0,0,,,,0
lower26,regex,512,16,10000,0.90,15,1,1,1356,66,22,0
lower26,regex,512,16,10000,0.90,15,0,0,,,,0
lower26,regex,512,16,10000,0.90,16,1,1,1356,66,22,0
lower26,regex,512,16,10000,0.90,16,0,0,,,,0
lower26,regex,512,16,10000,0.90,17,1,1,1356,66,22,0
lower26,regex,512,16,10000,0.90,17,0,0,,,,0
lower26,regex,512,16,10000,0.90,18,1,1,1356,66,22,0
lower26,regex,512,16,10000,0.90,18,0,0,,,,0
lower26,regex,512,16,10000,0.90,19,1,1,1356,66,22,0
lower26,regex,512,16,10000,0.90,19,0,0,,,,0
lower26,regex,512,16,10000,0.90,20,1,1,1356,66,22,0
lower26,regex,512,16,10000,0.90,20,0,0,,,,0
lower26,regex,512,16,10000,0.90,21,1,1,1356,66,22,0
lower26,regex,512,16,10000,0.90,21,0,0,,,,0
lower26,regex,512,16,10000,0.90,22,1,1,1356,66,22,0
lower26,regex,512,16,10000,0.90,22,0,0,,,,0
lower26,regex,512,16,10000,0.90,23,1,1,1356,66,22,0
lower26,regex,512,16,10000,0.90,23,0,0,,,,0
lower26,regex,512,16,10000,0.90,24,1,1,1356,66,22,0
lower26,regex,512,16,10000,0.90,24,0,0,,,,0
lower26,regex,512,16,10000,0.90,25,1,1,1356,66,22,0
lower26,regex,512,16,10000,0.90,25,0,0,,,,0
lower26,regex,512,16,10000,0.90,26,1,1,1356,66,22,0
lower26,regex,512,16,10000,0.90,26,0,0,,,,0
lower26,regex,512,16,10000,0.90,27,1,1,1356,66,22,0
lower26,regex,512,16,10000,0.90,27,0,0,,,,0
lower26,regex,512,16,10000,0.90,28,1,1,1356,66,22,0
lower26,regex,512,16,10000,0.90,28,0,0,,,,0
lower26,regex,512,16,10000,0.90,29,1,1,1356,66,22,0
lower26,regex,512,16,10000,0.90,29,0,0,,,,0
lower26,regex,512,16,10000,0.90,30,1,1,1356,66,22,0
lower26,regex,512,16,10000,0.90,30,0,0,,,,0
lower26,regex,512,16,10000,0.90,31,1,1,1356,66,22,0
lower26,regex,512,16,10000,0.90,31,0,0,,,,0
lower26,regex,512,16,10000,0.90,32,1,1,1356,66,22,0
lower26,regex,512,16,10000,0.90,32,0,0,,,,0
lower26,regex,512,16,10000,0.90,33,1,1,1356,66,22,0
lower26,regex,512,16,10000,0.90,33,0,0,,,,0
lower26,regex,512,16,10000,0.90,34,1,1,1356,66,22,0
lower26,regex,512,16,10000,0.90,34,0,0,,,,0
lower26,regex,512,16,10000,0.90,35,1,1,1356,66,22,0
lower26,regex,512,16,10000,0.90,35,0,0,,,,0
lower26,regex,512,16,10000,0.90,36,1,1,1356,66,22,0
lower26,regex,512,16,10000,0.90,36,0,0,,,,0
lower26,regex,512,16,10000,0.90,37,1,1,1356,66,22,0
lower26,regex,512,16,10000,0.90,37,0,0,,,,0
lower26,regex,512,16,10000,0.90,38,1,1,1356,66,22,0
lower26,regex,512,16,10000,0.90,38,0,0,,,,0
lower26,regex,512,16,10000,0.90,39,1,1,1356,66,22,0
lower26,regex,512,16,10000,0.90,39,0,0,,,,0
lower26,regex,512,16,10000,0.90,40,1,1,1356,66,22,0
lower26,regex,512,16,10000,0.90,40,0,0,,,,0
lower26,regex,512,16,10000,0.90,41,1,1,1356,66,22,0
lower26,regex,512,16,10000,0.90,41,0,0,,,,0
lower26,regex,512,16,10000,0.90,42,1,1,1356,66,22,0
lower26,regex,512,16,10000,0.90,42,0,0,,,,0
lower26,regex,512,16,10000,0.90,43,1,1,1356,66,22,0
lower26,regex,512,16,10000,0.90,43,0,0,,,,0
lower26,regex,512,16,10000,0.90,44,1,1,1356,66,22,0
lower26,regex,512,16,10000,0.90,44,0,0,,,,0
lower26,regex,512,16,10000,0.90,45,1,1,1356,66,22,0
lower26,regex,512,16,10000,0.90,45,0,0,,,,0
lower26,regex,512,16,10000,0.90,46,1,1,1356,66,22,0
lower26,regex,512,16,10000,0.90,46,0,0,,,,0
lower26,regex,512,16,10000,0.90,47,1,1,1356,66,22,0
lower26,regex,512,16,10000,0.90,47,0,0,,,,0
lower26,regex,512,16,10000,0.90,48,1,1,1356,66,22,0
lower26,regex,512,16,10000,0.90,48,0,0,,,,0
lower26,regex,512,16,10000,0.90,49,1,1,1356,66,22,0
lower26,regex,512,16,10000,0.90,49,0,0,,,,0
lower26,regex,512,16,10000,0.90,50,1,1,1356,66,22,0
lower26,regex,512,16,10000,0.90,50,0,0,,,,0
lower26,regex,512,16,10000,0.90,51,1,1,1356,66,22,0
lower26,regex,512,16,10000,0.90,51,0,0,,,,0
lower26,regex,512,16,10000,0.90,52,1,1,1356,66,22,0
lower26,regex,512,16,10000,0.90,52,0,0,,,,0
lower26,regex,512,16,10000,0.90,53,1,1,1356,66,22,0
lower26,regex,512,16,10000,0.90,53,0,0,,,,0
lower26,regex,512,16,10000,0.90,54,1,1,1356,66,22,0
lower26,regex,512,16,10000,0.90,54,0,0,,,,0
lower26,regex,512,16,10000,0.90,55,1,1,1356,66,22,0
lower26,regex,512,16,10000,0.90,55,0,0,,,,0
lower26,regex,512,16,10000,0.90,56,1,1,1356,66,22,0
lower26,regex,512,16,10000,0.90,56,0,0,,,,0
lower26,regex,512,16,10000,0.90,57,1,1,1356,66,22,0
lower26,regex,512,16,10000,0.90,57,0,0,,,,0
lower26,regex,512,16,10000,0.90,58,1,1,1356,66,22,0
lower26,regex,512,16,10000,0.90,58,0,0,,,,0
lower26,regex,512,16,10000,0.90,59,1,1,1356,66,22,0
lower26,regex,512,16,10000,0.90,59,0,0,,,,0
lower26,regex,512,16,10000,0.90,60,1,1,1356,66,22,0
lower26,regex,512,16,10000,0.90,60,0,0,,,,0
lower26,regex,512,16,10000,0.90,61,1,1,1356,66,22,0
lower26,regex,512,16,10000,0.90,61,0,0,,,,0
lower26,regex,512,16,10000,0.90,62,1,1,1356,66,22,0
lower26,regex,512,16,10000,0.90,62,0,0,,,,0
lower26,regex,512,16,10000,0.90,63,1,1,1356,66,22,0
lower26,regex,512,16,10000,0.90,63,0,0,,,,0
lower26,regex,512,16,10000,0.90,64,1,1,1356,66,22,0
lower26,regex,512,16,10000,0.90,64,0,0,,,,0
lower26,regex,512,16,10000,0.90,65,1,1,1356,66,22,0
lower26,regex,512,16,10000,0.90,65,0,0,,,,0
lower26,regex,512,16,10000,0.90,66,1,1,1356,66,22,0
lower26,regex,512,16,10000,0.90,66,0,0,,,,0
lower26,regex,512,16,10000,0.90,67,1,1,1356,66,22,0
lower26,regex,512,16,10000,0.90,67,0,0,,,,0
lower26,regex,512,16,10000,0.90,68,1,1,1356,66,22,0
lower26,regex,512,16,10000,0.90,68,0,0,,,,0
lower26,regex,512,16,10000,0.90,69,1,1,1356,66,22,0
lower26,regex,512,16,10000,0.90,69,0,0,,,,0
lower26,regex,512,16,10000,0.90,70,1,1,1356,66,22,0
lower26,regex,512,16,10000,0.90,70,0,0,,,,0
lower26,regex,512,16,10000,0.90,71,1,1,1356,66,22,0
lower26,regex,512,16,10000,0.90,71,0,0,,,,0
lower26,regex,512,16,10000,0.90,72,1,1,1356,66,22,0
lower26,regex,512,16,10000,0.90,72,0,0,,,,0
lower26,regex,512,16,10000,0.90,73,1,1,1356,66,22,0
lower26,regex,512,16,10000,0.90,73,0,0,,,,0
lower26,regex,512,16,10000,0.90,74,1,1,1356,66,22,0
lower26,regex,512,16,10000,0.90,74,0,0,,,,0
lower26,regex,512,16,10000,0.90,75,1,1,1356,66,22,0
lower26,regex,512,16,10000,0.90,75,0,0,,,,0
lower26,regex,512,16,10000,0.90,76,1,1,1356,66,22,0
lower26,regex,512,16,10000,0.90,76,0,0,,,,0
lower26,regex,512,16,10000,0.90,77,1,1,1356,66,22,0
lower26,regex,512,16,10000,0.90,77,0,0,,,,0
lower26,regex,512,16,10000,0.90,78,1,1,1356,66,22,0
lower26,regex,512,16,10000,0.90,78,0,0,,,,0
lower26,regex,512,16,10000,0.90,79,1,1,1356,66,22,0
lower26,regex,512,16,10000,0.90,79,0,0,,,,0
lower26,regex,512,16,10000,0.90,80,1,1,1356,66,22,0
lower26,regex,512,16,10000,0.90,80,0,0,,,,0
lower26,regex,512,16,10000,0.90,81,1,1,1356,66,22,0
lower26,regex,512,16,10000,0.90,81,0,0,,,,0
lower26,regex,512,16,10000,0.90,82,1,1,1356,66,22,0
lower26,regex,512,16,10000,0.90,82,0,0,,,,0
lower26,regex,512,16,10000,0.90,83,1,1,1356,66,22,0
lower26,regex,512,16,10000,0.90,83,0,0,,,,0
lower26,regex,512,16,10000,0.90,84,1,1,1356,66,22,0
lower26,regex,512,16,10000,0.90,84,0,0,,,,0
lower26,regex,512,16,10000,0.90,85,1,1,1356,66,22,0
lower26,regex,512,16,10000,0.90,85,0,0,,,,0
lower26,regex,512,16,10000,0.90,86,1,1,1356,66,22,0
lower26,regex,512,16,10000,0.90,86,0,0,,,,0
lower26,regex,512,16,10000,0.90,87,1,1,1356,66,22,0
lower26,regex,512,16,10000,0.90,87,0,0,,,,0
lower26,regex,512,16,10000,0.90,88,1,1,1356,66,22,0
lower26,regex,512,16,10000,0.90,88,0,0,,,,0
lower26,regex,512,16,10000,0.90,89,1,1,1356,66,22,0
lower26,regex,512,16,10000,0.90,89,0,0,,,,0
lower26,regex,512,16,10000,0.90,90,1,1,1356,66,22,0
lower26,regex,512,16,10000,0.90,90,0,0,,,,0
lower26,regex,512,16,10000,0.90,91,1,1,1356,66,22,0
lower26,regex,512,16,10000,0.90,91,0,0,,,,0
lower26,regex,512,16,10000,0.90,92,1,1,1356,66,22,0
lower26,regex,512,16,10000,0.90,92,0,0,,,,0
lower26,regex,512,16,10000,0.90,93,1,1,1356,66,22,0
lower26,regex,512,16,10000,0.90,93,0,0,,,,0
lower26,regex,512,16,10000,0.90,94,1,1,1356,66,22,0
lower26,regex,512,16,10000,0.90,94,0,0,,,,0
lower26,regex,512,16,10000,0.90,95,1,1,1356,66,22,0
lower26,regex,512,16,10000,0.90,95,0,0,,,,0
lower26,regex,512,16,10000,0.90,96,1,1,1356,66,22,0
lower26,regex,512,16,10000,0.90,96,0,0,,,,0
lower26,regex,512,16,10000,0.90,97,1,1,1356,66,22,0
lower26,regex,512,16,10000,0.90,97,0,0,,,,0
lower26,regex,512,16,10000,0.90,98,1,1,1356,66,22,0
lower26,regex,512,16,10000,0.90,98,0,0,,,,0
lower26,regex,512,16,10000,0.90,99,1,1,1356,66,22,0
lower26,regex,512,16,10000,0.90,99,0,0,,,,0
lower26,regex,512,16,10000,0.90,100,1,1,1356,66,22,0
lower26,regex,512,16,10000,0.90,100,0,0,,,,0
lower26,regex,512,16,10000,0.95,1,1,1,1356,66,22,0
lower26,regex,512,16,10000,0.95,1,0,0,,,,0
lower26,regex,512,16,10000,0.95,2,1,1,1356,66,22,0
lower26,regex,512,16,10000,0.95,2,0,0,,,,0
lower26,regex,512,16,10000,0.95,3,1,1,1356,66,22,0
lower26,regex,512,16,10000,0.95,3,0,0,,,,0
lower26,regex,512,16,10000,0.95,4,1,1,1356,66,22,0
lower26,regex,512,16,10000,0.95,4,0,0,,,,0
lower26,regex,512,16,10000,0.95,5,1,1,1356,66,22,0
lower26,regex,512,16,10000,0.95,5,0,0,,,,0
lower26,regex,512,16,10000,0.95,6,1,1,1356,66,22,0
lower26,regex,512,16,10000,0.95,6,0,0,,,,0
lower26,regex,512,16,10000,0.95,7,1,1,1356,66,22,0
lower26,regex,512,16,10000,0.95,7,0,0,,,,0
lower26,regex,512,16,10000,0.95,8,1,1,1356,66,22,0
lower26,regex,512,16,10000,0.95,8,0,0,,,,0
lower26,regex,512,16,10000,0.95,9,1,1,1356,66,22,0
lower26,regex,512,16,10000,0.95,9,0,0,,,,0
lower26,regex,512,16,10000,0.95,10,1,1,1356,66,22,0
lower26,regex,512,16,10000,0.95,10,0,0,,,,0
lower26,regex,512,16,10000,0.95,11,1,1,1356,66,22,0
lower26,regex,512,16,10000,0.95,11,0,0,,,,0
lower26,regex,512,16,10000,0.95,12,1,1,1356,66,22,0
lower26,regex,512,16,10000,0.95,12,0,0,,,,0
lower26,regex,512,16,10000,0.95,13,1,1,1356,66,22,0
lower26,regex,512,16,10000,0.95,13,0,0,,,,0
lower26,regex,512,16,10000,0.95,14,1,1,1356,66,22,0
lower26,regex,512,16,10000,0.95,14,0,0,,,,0
lower26,regex,512,16,10000,0.95,15,1,1,1356,66,22,0
lower26,regex,512,16,10000,0.95,15,0,0,,,,0
lower26,regex,512,16,10000,0.95,16,1,1,1356,66,22,0
lower26,regex,512,16,10000,0.95,16,0,0,,,,0
lower26,regex,512,16,10000,0.95,17,1,1,1356,66,22,0
lower26,regex,512,16,10000,0.95,17,0,0,,,,0
lower26,regex,512,16,10000,0.95,18,1,1,1356,66,22,0
lower26,regex,512,16,10000,0.95,18,0,0,,,,0
lower26,regex,512,16,10000,0.95,19,1,1,1356,66,22,0
lower26,regex,512,16,10000,0.95,19,0,0,,,,0
lower26,regex,512,16,10000,0.95,20,1,1,1356,66,22,0
lower26,regex,512,16,10000,0.95,20,0,0,,,,0
lower26,regex,512,16,10000,0.95,21,1,1,1356,66,22,0
lower26,regex,512,16,10000,0.95,21,0,0,,,,0
lower26,regex,512,16,10000,0.95,22,1,1,1356,66,22,0
lower26,regex,512,16,10000,0.95,22,0,0,,,,0
lower26,regex,512,16,10000,0.95,23,1,1,1356,66,22,0
lower26,regex,512,16,10000,0.95,23,0,0,,,,0
lower26,regex,512,16,10000,0.95,24,1,1,1356,66,22,0
lower26,regex,512,16,10000,0.95,24,0,0,,,,0
lower26,regex,512,16,10000,0.95,25,1,1,1356,66,22,0
lower26,regex,512,16,10000,0.95,25,0,0,,,,0
lower26,regex,512,16,10000,0.95,26,1,1,1356,66,22,0
lower26,regex,512,16,10000,0.95,26,0,0,,,,0
lower26,regex,512,16,10000,0.95,27,1,1,1356,66,22,0
lower26,regex,512,16,10000,0.95,27,0,0,,,,0
lower26,regex,512,16,10000,0.95,28,1,1,1356,66,22,0
lower26,regex,512,16,10000,0.95,28,0,0,,,,0
lower26,regex,512,16,10000,0.95,29,1,1,1356,66,22,0
lower26,regex,512,16,10000,0.95,29,0,0,,,,0
lower26,regex,512,16,10000,0.95,30,1,1,1356,66,22,0
lower26,regex,512,16,10000,0.95,30,0,0,,,,0
lower26,regex,512,16,10000,0.95,31,1,1,1356,66,22,0
lower26,regex,512,16,10000,0.95,31,0,0,,,,0
lower26,regex,512,16,10000,0.95,32,1,1,1356,66,22,0
lower26,regex,512,16,10000,0.95,32,0,0,,,,0
lower26,regex,512,16,10000,0.95,33,1,1,1356,66,22,0
lower26,regex,512,16,10000,0.95,33,0,0,,,,0
lower26,regex,512,16,10000,0.95,34,1,1,1356,66,22,0
lower26,regex,512,16,10000,0.95,34,0,0,,,,0
lower26,regex,512,16,10000,0.95,35,1,1,1356,66,22,0
lower26,regex,512,16,10000,0.95,35,0,0,,,,0
lower26,regex,512,16,10000,0.95,36,1,1,1356,66,22,0
lower26,regex,512,16,10000,0.95,36,0,0,,,,0
lower26,regex,512,16,10000,0.95,37,1,1,1356,66,22,0
lower26,regex,512,16,10000,0.95,37,0,0,,,,0
lower26,regex,512,16,10000,0.95,38,1,1,1356,66,22,0
lower26,regex,512,16,10000,0.95,38,0,0,,,,0
lower26,regex,512,16,10000,0.95,39,1,1,1356,66,22,0
lower26,regex,512,16,10000,0.95,39,0,0,,,,0
lower26,regex,512,16,10000,0.95,40,1,1,1356,66,22,0
lower26,regex,512,16,10000,0.95,40,0,0,,,,0
lower26,regex,512,16,10000,0.95,41,1,1,1356,66,22,0
lower26,regex,512,16,10000,0.95,41,0,0,,,,0
lower26,regex,512,16,10000,0.95,42,1,1,1356,66,22,0
lower26,regex,512,16,10000,0.95,42,0,0,,,,0
lower26,regex,512,16,10000,0.95,43,1,1,1356,66,22,0
lower26,regex,512,16,10000,0.95,43,0,0,,,,0
lower26,regex,512,16,10000,0.95,44,1,1,1356,66,22,0
lower26,regex,512,16,10000,0.95,44,0,0,,,,0
lower26,regex,512,16,10000,0.95,45,1,1,1356,66,22,0
lower26,regex,512,16,10000,0.95,45,0,0,,,,0
lower26,regex,512,16,10000,0.95,46,1,1,1356,66,22,0
lower26,regex,512,16,10000,0.95,46,0,0,,,,0
lower26,regex,512,16,10000,0.95,47,1,1,1356,66,22,0
lower26,regex,512,16,10000,0.95,47,0,0,,,,0
lower26,regex,512,16,10000,0.95,48,1,1,1356,66,22,0
lower26,regex,512,16,10000,0.95,48,0,0,,,,0
lower26,regex,512,16,10000,0.95,49,1,1,1356,66,22,0
lower26,regex,512,16,10000,0.95,49,0,0,,,,0
lower26,regex,512,16,10000,0.95,50,1,1,1356,66,22,0
lower26,regex,512,16,10000,0.95,50,0,0,,,,0
lower26,regex,512,16,10000,0.95,51,1,1,1356,66,22,0
lower26,regex,512,16,10000,0.95,51,0,0,,,,0
lower26,regex,512,16,10000,0.95,52,1,1,1356,66,22,0
lower26,regex,512,16,10000,0.95,52,0,0,,,,0
lower26,regex,512,16,10000,0.95,53,1,1,1356,66,22,0
lower26,regex,512,16,10000,0.95,53,0,0,,,,0
lower26,regex,512,16,10000,0.95,54,1,1,1356,66,22,0
lower26,regex,512,16,10000,0.95,54,0,0,,,,0
lower26,regex,512,16,10000,0.95,55,1,1,1356,66,22,0
lower26,regex,512,16,10000,0.95,55,0,0,,,,0
lower26,regex,512,16,10000,0.95,56,1,1,1356,66,22,0
lower26,regex,512,16,10000,0.95,56,0,0,,,,0
lower26,regex,512,16,10000,0.95,57,1,1,1356,66,22,0
lower26,regex,512,16,10000,0.95,57,0,0,,,,0
lower26,regex,512,16,10000,0.95,58,1,1,1356,66,22,0
lower26,regex,512,16,10000,0.95,58,0,0,,,,0
lower26,regex,512,16,10000,0.95,59,1,1,1356,66,22,0
lower26,regex,512,16,10000,0.95,59,0,0,,,,0
lower26,regex,512,16,10000,0.95,60,1,1,1356,66,22,0
lower26,regex,512,16,10000,0.95,60,0,0,,,,0
lower26,regex,512,16,10000,0.95,61,1,1,1356,66,22,0
lower26,regex,512,16,10000,0.95,61,0,0,,,,0
lower26,regex,512,16,10000,0.95,62,1,1,1356,66,22,0
lower26,regex,512,16,10000,0.95,62,0,0,,,,0
lower26,regex,512,16,10000,0.95,63,1,1,1356,66,22,0
lower26,regex,512,16,10000,0.95,63,0,0,,,,0
lower26,regex,512,16,10000,0.95,64,1,1,1356,66,22,0
lower26,regex,512,16,10000,0.95,64,0,0,,,,0
lower26,regex,512,16,10000,0.95,65,1,1,1356,66,22,0
lower26,regex,512,16,10000,0.95,65,0,0,,,,0
lower26,regex,512,16,10000,0.95,66,1,1,1356,66,22,0
lower26,regex,512,16,10000,0.95,66,0,0,,,,0
lower26,regex,512,16,10000,0.95,67,1,1,1356,66,22,0
lower26,regex,512,16,10000,0.95,67,0,0,,,,0
lower26,regex,512,16,10000,0.95,68,1,1,1356,66,22,0
lower26,regex,512,16,10000,0.95,68,0,0,,,,0
lower26,regex,512,16,10000,0.95,69,1,1,1356,66,22,0
lower26,regex,512,16,10000,0.95,69,0,0,,,,0
lower26,regex,512,16,10000,0.95,70,1,1,1356,66,22,0
lower26,regex,512,16,10000,0.95,70,0,0,,,,0
lower26,regex,512,16,10000,0.95,71,1,1,1356,66,22,0
lower26,regex,512,16,10000,0.95,71,0,0,,,,0
lower26,regex,512,16,10000,0.95,72,1,1,1356,66,22,0
lower26,regex,512,16,10000,0.95,72,0,0,,,,0
lower26,regex,512,16,10000,0.95,73,1,1,1356,66,22,0
lower26,regex,512,16,10000,0.95,73,0,0,,,,0
lower26,regex,512,16,10000,0.95,74,1,1,1356,66,22,0
lower26,regex,512,16,10000,0.95,74,0,0,,,,0
lower26,regex,512,16,10000,0.95,75,1,1,1356,66,22,0
lower26,regex,512,16,10000,0.95,75,0,0,,,,0
lower26,regex,512,16,10000,0.95,76,1,1,1356,66,22,0
lower26,regex,512,16,10000,0.95,76,0,0,,,,0
lower26,regex,512,16,10000,0.95,77,1,1,1356,66,22,0
lower26,regex,512,16,10000,0.95,77,0,0,,,,0
lower26,regex,512,16,10000,0.95,78,1,1,1356,66,22,0
lower26,regex,512,16,10000,0.95,78,0,0,,,,0
lower26,regex,512,16,10000,0.95,79,1,1,1356,66,22,0
lower26,regex,512,16,10000,0.95,79,0,0,,,,0
lower26,regex,512,16,10000,0.95,80,1,1,1356,66,22,0
lower26,regex,512,16,10000,0.95,80,0,0,,,,0
lower26,regex,512,16,10000,0.95,81,1,1,1356,66,22,0
lower26,regex,512,16,10000,0.95,81,0,0,,,,0
lower26,regex,512,16,10000,0.95,82,1,1,1356,66,22,0
lower26,regex,512,16,10000,0.95,82,0,0,,,,0
lower26,regex,512,16,10000,0.95,83,1,1,1356,66,22,0
lower26,regex,512,16,10000,0.95,83,0,0,,,,0
lower26,regex,512,16,10000,0.95,84,1,1,1356,66,22,0
lower26,regex,512,16,10000,0.95,84,0,0,,,,0
lower26,regex,512,16,10000,0.95,85,1,1,1356,66,22,0
lower26,regex,512,16,10000,0.95,85,0,0,,,,0
lower26,regex,512,16,10000,0.95,86,1,1,1356,66,22,0
lower26,regex,512,16,10000,0.95,86,0,0,,,,0
lower26,regex,512,16,10000,0.95,87,1,1,1356,66,22,0
lower26,regex,512,16,10000,0.95,87,0,0,,,,0
lower26,regex,512,16,10000,0.95,88,1,1,1356,66,22,0
lower26,regex,512,16,10000,0.95,88,0,0,,,,0
lower26,regex,512,16,10000,0.95,89,1,1,1356,66,22,0
lower26,regex,512,16,10000,0.95,89,0,0,,,,0
lower26,regex,512,16,10000,0.95,90,1,1,1356,66,22,0
lower26,regex,512,16,10000,0.95,90,0,0,,,,0
lower26,regex,512,16,10000,0.95,91,1,1,1356,66,22,0
lower26,regex,512,16,10000,0.95,91,0,0,,,,0
lower26,regex,512,16,10000,0.95,92,1,1,1356,66,22,0
lower26,regex,512,16,10000,0.95,92,0,0,,,,0
lower26,regex,512,16,10000,0.95,93,1,1,1356,66,22,0
lower26,regex,512,16,10000,0.95,93,0,0,,,,0
lower26,regex,512,16,10000,0.95,94,1,1,1356,66,22,0
lower26,regex,512,16,10000,0.95,94,0,0,,,,0
lower26,regex,512,16,10000,0.95,95,1,1,1356,66,22,0
lower26,regex,512,16,10000,0.95,95,0,0,,,,0
lower26,regex,512,16,10000,0.95,96,1,1,1356,66,22,0
lower26,regex,512,16,10000,0.95,96,0,0,,,,0
lower26,regex,512,16,10000,0.95,97,1,1,1356,66,22,0
lower26,regex,512,16,10000,0.95,97,0,0,,,,0
lower26,regex,512,16,10000,0.95,98,1,1,1356,66,22,0
lower26,regex,512,16,10000,0.95,98,0,0,,,,0
lower26,regex,512,16,10000,0.95,99,1,1,1356,66,22,0
lower26,regex,512,16,10000,0.95,99,0,0,,,,0
lower26,regex,512,16,10000,0.95,100,1,1,1356,66,22,0
lower26,regex,512,16,10000,0.95,100,0,0,,,,0
lower26,regex,1024,32,10000,0.50,1,1,1,1356,144,48,0
lower26,regex,1024,32,10000,0.50,1,0,0,,,,0
lower26,regex,1024,32,10000,0.50,2,1,1,1356,144,48,0
lower26,regex,1024,32,10000,0.50,2,0,0,,,,0
lower26,regex,1024,32,10000,0.50,3,1,1,1356,144,48,0
lower26,regex,1024,32,10000,0.50,3,0,0,,,,0
lower26,regex,1024,32,10000,0.50,4,1,1,1356,144,48,0
lower26,regex,1024,32,10000,0.50,4,0,0,,,,0
lower26,regex,1024,32,10000,0.50,5,1,1,1356,144,48,0
lower26,regex,1024,32,10000,0.50,5,0,0,,,,0
lower26,regex,1024,32,10000,0.50,6,1,1,1356,144,48,0
lower26,regex,1024,32,10000,0.50,6,0,0,,,,0
lower26,regex,1024,32,10000,0.50,7,1,1,1356,144,48,0
lower26,regex,1024,32,10000,0.50,7,0,0,,,,0
lower26,regex,1024,32,10000,0.50,8,1,1,1356,144,48,0
lower26,regex,1024,32,10000,0.50,8,0,0,,,,0
lower26,regex,1024,32,10000,0.50,9,1,1,1356,144,48,0
lower26,regex,1024,32,10000,0.50,9,0,0,,,,0
lower26,regex,1024,32,10000,0.50,10,1,1,1356,144,48,0
lower26,regex,1024,32,10000,0.50,10,0,0,,,,0
lower26,regex,1024,32,10000,0.50,11,1,1,1356,144,48,0
lower26,regex,1024,32,10000,0.50,11,0,0,,,,0
lower26,regex,1024,32,10000,0.50,12,1,1,1356,144,48,0
lower26,regex,1024,32,10000,0.50,12,0,0,,,,0
lower26,regex,1024,32,10000,0.50,13,1,1,1356,144,48,0
lower26,regex,1024,32,10000,0.50,13,0,0,,,,0
lower26,regex,1024,32,10000,0.50,14,1,1,1356,144,48,0
lower26,regex,1024,32,10000,0.50,14,0,0,,,,0
lower26,regex,1024,32,10000,0.50,15,1,1,1356,144,48,0
lower26,regex,1024,32,10000,0.50,15,0,0,,,,0
lower26,regex,1024,32,10000,0.50,16,1,1,1356,144,48,0
lower26,regex,1024,32,10000,0.50,16,0,0,,,,0
lower26,regex,1024,32,10000,0.50,17,1,1,1356,144,48,0
lower26,regex,1024,32,10000,0.50,17,0,0,,,,0
lower26,regex,1024,32,10000,0.50,18,1,1,1356,144,48,0
lower26,regex,1024,32,10000,0.50,18,0,0,,,,0
lower26,regex,1024,32,10000,0.50,19,1,1,1356,144,48,0
lower26,regex,1024,32,10000,0.50,19,0,0,,,,0
lower26,regex,1024,32,10000,0.50,20,1,1,1356,144,48,0
lower26,regex,1024,32,10000,0.50,20,0,0,,,,0
lower26,regex,1024,32,10000,0.50,21,1,1,1356,144,48,0
lower26,regex,1024,32,10000,0.50,21,0,0,,,,0
lower26,regex,1024,32,10000,0.50,22,1,1,1356,144,48,0
lower26,regex,1024,32,10000,0.50,22,0,0,,,,0
lower26,regex,1024,32,10000,0.50,23,1,1,1356,144,48,0
lower26,regex,1024,32,10000,0.50,23,0,0,,,,0
lower26,regex,1024,32,10000,0.50,24,1,1,1356,144,48,0
lower26,regex,1024,32,10000,0.50,24,0,0,,,,0
lower26,regex,1024,32,10000,0.50,25,1,1,1356,144,48,0
lower26,regex,1024,32,10000,0.50,25,0,0,,,,0
lower26,regex,1024,32,10000,0.50,26,1,1,1356,144,48,0
lower26,regex,1024,32,10000,0.50,26,0,0,,,,0
lower26,regex,1024,32,10000,0.50,27,1,1,1356,144,48,0
lower26,regex,1024,32,10000,0.50,27,0,0,,,,0
lower26,regex,1024,32,10000,0.50,28,1,1,1356,144,48,0
lower26,regex,1024,32,10000,0.50,28,0,0,,,,0
lower26,regex,1024,32,10000,0.50,29,1,1,1356,144,48,0
lower26,regex,1024,32,10000,0.50,29,0,0,,,,0
lower26,regex,1024,32,10000,0.50,30,1,1,1356,144,48,0
lower26,regex,1024,32,10000,0.50,30,0,0,,,,0
lower26,regex,1024,32,10000,0.50,31,1,1,1356,144,48,0
lower26,regex,1024,32,10000,0.50,31,0,0,,,,0
lower26,regex,1024,32,10000,0.50,32,1,1,1356,144,48,0
lower26,regex,1024,32,10000,0.50,32,0,0,,,,0
lower26,regex,1024,32,10000,0.50,33,1,1,1356,144,48,0
lower26,regex,1024,32,10000,0.50,33,0,0,,,,0
lower26,regex,1024,32,10000,0.50,34,1,1,1356,144,48,0
lower26,regex,1024,32,10000,0.50,34,0,0,,,,0
lower26,regex,1024,32,10000,0.50,35,1,1,1356,144,48,0
lower26,regex,1024,32,10000,0.50,35,0,0,,,,0
lower26,regex,1024,32,10000,0.50,36,1,1,1356,144,48,0
lower26,regex,1024,32,10000,0.50,36,0,0,,,,0
lower26,regex,1024,32,10000,0.50,37,1,1,1356,144,48,0
lower26,regex,1024,32,10000,0.50,37,0,0,,,,0
lower26,regex,1024,32,10000,0.50,38,1,1,1356,144,48,0
lower26,regex,1024,32,10000,0.50,38,0,0,,,,0
lower26,regex,1024,32,10000,0.50,39,1,1,1356,144,48,0
lower26,regex,1024,32,10000,0.50,39,0,0,,,,0
lower26,regex,1024,32,10000,0.50,40,1,1,1356,144,48,0
lower26,regex,1024,32,10000,0.50,40,0,0,,,,0
lower26,regex,1024,32,10000,0.50,41,1,1,1356,144,48,0
lower26,regex,1024,32,10000,0.50,41,0,0,,,,0
lower26,regex,1024,32,10000,0.50,42,1,1,1356,144,48,0
lower26,regex,1024,32,10000,0.50,42,0,0,,,,0
lower26,regex,1024,32,10000,0.50,43,1,1,1356,144,48,0
lower26,regex,1024,32,10000,0.50,43,0,0,,,,0
lower26,regex,1024,32,10000,0.50,44,1,1,1356,144,48,0
lower26,regex,1024,32,10000,0.50,44,0,0,,,,0
lower26,regex,1024,32,10000,0.50,45,1,1,1356,144,48,0
lower26,regex,1024,32,10000,0.50,45,0,0,,,,0
lower26,regex,1024,32,10000,0.50,46,1,1,1356,144,48,0
lower26,regex,1024,32,10000,0.50,46,0,0,,,,0
lower26,regex,1024,32,10000,0.50,47,1,1,1356,144,48,0
lower26,regex,1024,32,10000,0.50,47,0,0,,,,0
lower26,regex,1024,32,10000,0.50,48,1,1,1356,144,48,0
lower26,regex,1024,32,10000,0.50,48,0,0,,,,0
lower26,regex,1024,32,10000,0.50,49,1,1,1356,144,48,0
lower26,regex,1024,32,10000,0.50,49,0,0,,,,0
lower26,regex,1024,32,10000,0.50,50,1,1,1356,144,48,0
lower26,regex,1024,32,10000,0.50,50,0,0,,,,0
lower26,regex,1024,32,10000,0.50,51,1,1,1356,144,48,0
lower26,regex,1024,32,10000,0.50,51,0,0,,,,0
lower26,regex,1024,32,10000,0.50,52,1,1,1356,144,48,0
lower26,regex,1024,32,10000,0.50,52,0,0,,,,0
lower26,regex,1024,32,10000,0.50,53,1,1,1356,144,48,0
lower26,regex,1024,32,10000,0.50,53,0,0,,,,0
lower26,regex,1024,32,10000,0.50,54,1,1,1356,144,48,0
lower26,regex,1024,32,10000,0.50,54,0,0,,,,0
lower26,regex,1024,32,10000,0.50,55,1,1,1356,144,48,0
lower26,regex,1024,32,10000,0.50,55,0,0,,,,0
lower26,regex,1024,32,10000,0.50,56,1,1,1356,144,48,0
lower26,regex,1024,32,10000,0.50,56,0,0,,,,0
lower26,regex,1024,32,10000,0.50,57,1,1,1356,144,48,0
lower26,regex,1024,32,10000,0.50,57,0,0,,,,0
lower26,regex,1024,32,10000,0.50,58,1,1,1356,144,48,0
lower26,regex,1024,32,10000,0.50,58,0,0,,,,0
lower26,regex,1024,32,10000,0.50,59,1,1,1356,144,48,0
lower26,regex,1024,32,10000,0.50,59,0,0,,,,0
lower26,regex,1024,32,10000,0.50,60,1,1,1356,144,48,0
lower26,regex,1024,32,10000,0.50,60,0,0,,,,0
lower26,regex,1024,32,10000,0.50,61,1,1,1356,144,48,0
lower26,regex,1024,32,10000,0.50,61,0,0,,,,0
lower26,regex,1024,32,10000,0.50,62,1,1,1356,144,48,0
lower26,regex,1024,32,10000,0.50,62,0,0,,,,0
lower26,regex,1024,32,10000,0.50,63,1,1,1356,144,48,0
lower26,regex,1024,32,10000,0.50,63,0,0,,,,0
lower26,regex,1024,32,10000,0.50,64,1,1,1356,144,48,0
lower26,regex,1024,32,10000,0.50,64,0,0,,,,0
lower26,regex,1024,32,10000,0.50,65,1,1,1356,144,48,0
lower26,regex,1024,32,10000,0.50,65,0,0,,,,0
lower26,regex,1024,32,10000,0.50,66,1,1,1356,144,48,0
lower26,regex,1024,32,10000,0.50,66,0,0,,,,0
lower26,regex,1024,32,10000,0.50,67,1,1,1356,144,48,0
lower26,regex,1024,32,10000,0.50,67,0,0,,,,0
lower26,regex,1024,32,10000,0.50,68,1,1,1356,144,48,0
lower26,regex,1024,32,10000,0.50,68,0,0,,,,0
lower26,regex,1024,32,10000,0.50,69,1,1,1356,144,48,0
lower26,regex,1024,32,10000,0.50,69,0,0,,,,0
lower26,regex,1024,32,10000,0.50,70,1,1,1356,144,48,0
lower26,regex,1024,32,10000,0.50,70,0,0,,,,0
lower26,regex,1024,32,10000,0.50,71,1,1,1356,144,48,0
lower26,regex,1024,32,10000,0.50,71,0,0,,,,0
lower26,regex,1024,32,10000,0.50,72,1,1,1356,144,48,0
lower26,regex,1024,32,10000,0.50,72,0,0,,,,0
lower26,regex,1024,32,10000,0.50,73,1,1,1356,144,48,0
lower26,regex,1024,32,10000,0.50,73,0,0,,,,0
lower26,regex,1024,32,10000,0.50,74,1,1,1356,144,48,0
lower26,regex,1024,32,10000,0.50,74,0,0,,,,0
lower26,regex,1024,32,10000,0.50,75,1,1,1356,144,48,0
lower26,regex,1024,32,10000,0.50,75,0,0,,,,0
lower26,regex,1024,32,10000,0.50,76,1,1,1356,144,48,0
lower26,regex,1024,32,10000,0.50,76,0,0,,,,0
lower26,regex,1024,32,10000,0.50,77,1,1,1356,144,48,0
lower26,regex,1024,32,10000,0.50,77,0,0,,,,0
lower26,regex,1024,32,10000,0.50,78,1,1,1356,144,48,0
lower26,regex,1024,32,10000,0.50,78,0,0,,,,0
lower26,regex,1024,32,10000,0.50,79,1,1,1356,144,48,0
lower26,regex,1024,32,10000,0.50,79,0,0,,,,0
lower26,regex,1024,32,10000,0.50,80,1,1,1356,144,48,0
lower26,regex,1024,32,10000,0.50,80,0,0,,,,0
lower26,regex,1024,32,10000,0.50,81,1,1,1356,144,48,0
lower26,regex,1024,32,10000,0.50,81,0,0,,,,0
lower26,regex,1024,32,10000,0.50,82,1,1,1356,144,48,0
lower26,regex,1024,32,10000,0.50,82,0,0,,,,0
lower26,regex,1024,32,10000,0.50,83,1,1,1356,144,48,0
lower26,regex,1024,32,10000,0.50,83,0,0,,,,0
lower26,regex,1024,32,10000,0.50,84,1,1,1356,144,48,0
lower26,regex,1024,32,10000,0.50,84,0,0,,,,0
lower26,regex,1024,32,10000,0.50,85,1,1,1356,144,48,0
lower26,regex,1024,32,10000,0.50,85,0,0,,,,0
lower26,regex,1024,32,10000,0.50,86,1,1,1356,144,48,0
lower26,regex,1024,32,10000,0.50,86,0,0,,,,0
lower26,regex,1024,32,10000,0.50,87,1,1,1356,144,48,0
lower26,regex,1024,32,10000,0.50,87,0,0,,,,0
lower26,regex,1024,32,10000,0.50,88,1,1,1356,144,48,0
lower26,regex,1024,32,10000,0.50,88,0,0,,,,0
lower26,regex,1024,32,10000,0.50,89,1,1,1356,144,48,0
lower26,regex,1024,32,10000,0.50,89,0,0,,,,0
lower26,regex,1024,32,10000,0.50,90,1,1,1356,144,48,0
lower26,regex,1024,32,10000,0.50,90,0,0,,,,0
lower26,regex,1024,32,10000,0.50,91,1,1,1356,144,48,0
lower26,regex,1024,32,10000,0.50,91,0,0,,,,0
lower26,regex,1024,32,10000,0.50,92,1,1,1356,144,48,0
lower26,regex,1024,32,10000,0.50,92,0,0,,,,0
lower26,regex,1024,32,10000,0.50,93,1,1,1356,144,48,0
lower26,regex,1024,32,10000,0.50,93,0,0,,,,0
lower26,regex,1024,32,10000,0.50,94,1,1,1356,144,48,0
lower26,regex,1024,32,10000,0.50,94,0,0,,,,0
lower26,regex,1024,32,10000,0.50,95,1,1,1356,144,48,0
lower26,regex,1024,32,10000,0.50,95,0,0,,,,0
lower26,regex,1024,32,10000,0.50,96,1,1,1356,144,48,0
lower26,regex,1024,32,10000,0.50,96,0,0,,,,0
lower26,regex,1024,32,10000,0.50,97,1,1,1356,144,48,0
lower26,regex,1024,32,10000,0.50,97,0,0,,,,0
lower26,regex,1024,32,10000,0.50,98,1,1,1356,144,48,0
lower26,regex,1024,32,10000,0.50,98,0,0,,,,0
lower26,regex,1024,32,10000,0.50,99,1,1,1356,144,48,0
lower26,regex,1024,32,10000,0.50,99,0,0,,,,0
lower26,regex,1024,32,10000,0.50,100,1,1,1356,144,48,0
lower26,regex,1024,32,10000,0.50,100,0,0,,,,0
lower26,regex,1024,32,10000,0.60,1,1,1,1356,144,48,0
lower26,regex,1024,32,10000,0.60,1,0,0,,,,0
lower26,regex,1024,32,10000,0.60,2,1,1,1356,144,48,0
lower26,regex,1024,32,10000,0.60,2,0,0,,,,0
lower26,regex,1024,32,10000,0.60,3,1,1,1356,144,48,0
lower26,regex,1024,32,10000,0.60,3,0,0,,,,0
lower26,regex,1024,32,10000,0.60,4,1,1,1356,144,48,0
lower26,regex,1024,32,10000,0.60,4,0,0,,,,0
lower26,regex,1024,32,10000,0.60,5,1,1,1356,144,48,0
lower26,regex,1024,32,10000,0.60,5,0,0,,,,0
lower26,regex,1024,32,10000,0.60,6,1,1,1356,144,48,0
lower26,regex,1024,32,10000,0.60,6,0,0,,,,0
lower26,regex,1024,32,10000,0.60,7,1,1,1356,144,48,0
lower26,regex,1024,32,10000,0.60,7,0,0,,,,0
lower26,regex,1024,32,10000,0.60,8,1,1,1356,144,48,0
lower26,regex,1024,32,10000,0.60,8,0,0,,,,0
lower26,regex,1024,32,10000,0.60,9,1,1,1356,144,48,0
lower26,regex,1024,32,10000,0.60,9,0,0,,,,0
lower26,regex,1024,32,10000,0.60,10,1,1,1356,144,48,0
lower26,regex,1024,32,10000,0.60,10,0,0,,,,0
lower26,regex,1024,32,10000,0.60,11,1,1,1356,144,48,0
lower26,regex,1024,32,10000,0.60,11,0,0,,,,0
lower26,regex,1024,32,10000,0.60,12,1,1,1356,144,48,0
lower26,regex,1024,32,10000,0.60,12,0,0,,,,0
lower26,regex,1024,32,10000,0.60,13,1,1,1356,144,48,0
lower26,regex,1024,32,10000,0.60,13,0,0,,,,0
lower26,regex,1024,32,10000,0.60,14,1,1,1356,144,48,0
lower26,regex,1024,32,10000,0.60,14,0,0,,,,0
lower26,regex,1024,32,10000,0.60,15,1,1,1356,144,48,0
lower26,regex,1024,32,10000,0.60,15,0,0,,,,0
lower26,regex,1024,32,10000,0.60,16,1,1,1356,144,48,0
lower26,regex,1024,32,10000,0.60,16,0,0,,,,0
lower26,regex,1024,32,10000,0.60,17,1,1,1356,144,48,0
lower26,regex,1024,32,10000,0.60,17,0,0,,,,0
lower26,regex,1024,32,10000,0.60,18,1,1,1356,144,48,0
lower26,regex,1024,32,10000,0.60,18,0,0,,,,0
lower26,regex,1024,32,10000,0.60,19,1,1,1356,144,48,0
lower26,regex,1024,32,10000,0.60,19,0,0,,,,0
lower26,regex,1024,32,10000,0.60,20,1,1,1356,144,48,0
lower26,regex,1024,32,10000,0.60,20,0,0,,,,0
lower26,regex,1024,32,10000,0.60,21,1,1,1356,144,48,0
lower26,regex,1024,32,10000,0.60,21,0,0,,,,0
lower26,regex,1024,32,10000,0.60,22,1,1,1356,144,48,0
lower26,regex,1024,32,10000,0.60,22,0,0,,,,0
lower26,regex,1024,32,10000,0.60,23,1,1,1356,144,48,0
lower26,regex,1024,32,10000,0.60,23,0,0,,,,0
lower26,regex,1024,32,10000,0.60,24,1,1,1356,144,48,0
lower26,regex,1024,32,10000,0.60,24,0,0,,,,0
lower26,regex,1024,32,10000,0.60,25,1,1,1356,144,48,0
lower26,regex,1024,32,10000,0.60,25,0,0,,,,0
lower26,regex,1024,32,10000,0.60,26,1,1,1356,144,48,0
lower26,regex,1024,32,10000,0.60,26,0,0,,,,0
lower26,regex,1024,32,10000,0.60,27,1,1,1356,144,48,0
lower26,regex,1024,32,10000,0.60,27,0,0,,,,0
lower26,regex,1024,32,10000,0.60,28,1,1,1356,144,48,0
lower26,regex,1024,32,10000,0.60,28,0,0,,,,0
lower26,regex,1024,32,10000,0.60,29,1,1,1356,144,48,0
lower26,regex,1024,32,10000,0.60,29,0,0,,,,0
lower26,regex,1024,32,10000,0.60,30,1,1,1356,144,48,0
lower26,regex,1024,32,10000,0.60,30,0,0,,,,0
lower26,regex,1024,32,10000,0.60,31,1,1,1356,144,48,0
lower26,regex,1024,32,10000,0.60,31,0,0,,,,0
lower26,regex,1024,32,10000,0.60,32,1,1,1356,144,48,0
lower26,regex,1024,32,10000,0.60,32,0,0,,,,0
lower26,regex,1024,32,10000,0.60,33,1,1,1356,144,48,0
lower26,regex,1024,32,10000,0.60,33,0,0,,,,0
lower26,regex,1024,32,10000,0.60,34,1,1,1356,144,48,0
lower26,regex,1024,32,10000,0.60,34,0,0,,,,0
lower26,regex,1024,32,10000,0.60,35,1,1,1356,144,48,0
lower26,regex,1024,32,10000,0.60,35,0,0,,,,0
lower26,regex,1024,32,10000,0.60,36,1,1,1356,144,48,0
lower26,regex,1024,32,10000,0.60,36,0,0,,,,0
lower26,regex,1024,32,10000,0.60,37,1,1,1356,144,48,0
lower26,regex,1024,32,10000,0.60,37,0,0,,,,0
lower26,regex,1024,32,10000,0.60,38,1,1,1356,144,48,0
lower26,regex,1024,32,10000,0.60,38,0,0,,,,0
lower26,regex,1024,32,10000,0.60,39,1,1,1356,144,48,0
lower26,regex,1024,32,10000,0.60,39,0,0,,,,0
lower26,regex,1024,32,10000,0.60,40,1,1,1356,144,48,0
lower26,regex,1024,32,10000,0.60,40,0,0,,,,0
lower26,regex,1024,32,10000,0.60,41,1,1,1356,144,48,0
lower26,regex,1024,32,10000,0.60,41,0,0,,,,0
lower26,regex,1024,32,10000,0.60,42,1,1,1356,144,48,0
lower26,regex,1024,32,10000,0.60,42,0,0,,,,0
lower26,regex,1024,32,10000,0.60,43,1,1,1356,144,48,0
lower26,regex,1024,32,10000,0.60,43,0,0,,,,0
lower26,regex,1024,32,10000,0.60,44,1,1,1356,144,48,0
lower26,regex,1024,32,10000,0.60,44,0,0,,,,0
lower26,regex,1024,32,10000,0.60,45,1,1,1356,144,48,0
lower26,regex,1024,32,10000,0.60,45,0,0,,,,0
lower26,regex,1024,32,10000,0.60,46,1,1,1356,144,48,0
lower26,regex,1024,32,10000,0.60,46,0,0,,,,0
lower26,regex,1024,32,10000,0.60,47,1,1,1356,144,48,0
lower26,regex,1024,32,10000,0.60,47,0,0,,,,0
lower26,regex,1024,32,10000,0.60,48,1,1,1356,144,48,0
lower26,regex,1024,32,10000,0.60,48,0,0,,,,0
lower26,regex,1024,32,10000,0.60,49,1,1,1356,144,48,0
lower26,regex,1024,32,10000,0.60,49,0,0,,,,0
lower26,regex,1024,32,10000,0.60,50,1,1,1356,144,48,0
lower26,regex,1024,32,10000,0.60,50,0,0,,,,0
lower26,regex,1024,32,10000,0.60,51,1,1,1356,144,48,0
lower26,regex,1024,32,10000,0.60,51,0,0,,,,0
lower26,regex,1024,32,10000,0.60,52,1,1,1356,144,48,0
lower26,regex,1024,32,10000,0.60,52,0,0,,,,0
lower26,regex,1024,32,10000,0.60,53,1,1,1356,144,48,0
lower26,regex,1024,32,10000,0.60,53,0,0,,,,0
lower26,regex,1024,32,10000,0.60,54,1,1,1356,144,48,0
lower26,regex,1024,32,10000,0.60,54,0,0,,,,0
lower26,regex,1024,32,10000,0.60,55,1,1,1356,144,48,0
lower26,regex,1024,32,10000,0.60,55,0,0,,,,0
lower26,regex,1024,32,10000,0.60,56,1,1,1356,144,48,0
lower26,regex,1024,32,10000,0.60,56,0,0,,,,0
lower26,regex,1024,32,10000,0.60,57,1,1,1356,144,48,0
lower26,regex,1024,32,10000,0.60,57,0,0,,,,0
lower26,regex,1024,32,10000,0.60,58,1,1,1356,144,48,0
lower26,regex,1024,32,10000,0.60,58,0,0,,,,0
lower26,regex,1024,32,10000,0.60,59,1,1,1356,144,48,0
lower26,regex,1024,32,10000,0.60,59,0,0,,,,0
lower26,regex,1024,32,10000,0.60,60,1,1,1356,144,48,0
lower26,regex,1024,32,10000,0.60,60,0,0,,,,0
lower26,regex,1024,32,10000,0.60,61,1,1,1356,144,48,0
lower26,regex,1024,32,10000,0.60,61,0,0,,,,0
lower26,regex,1024,32,10000,0.60,62,1,1,1356,144,48,0
lower26,regex,1024,32,10000,0.60,62,0,0,,,,0
lower26,regex,1024,32,10000,0.60,63,1,1,1356,144,48,0
lower26,regex,1024,32,10000,0.60,63,0,0,,,,0
lower26,regex,1024,32,10000,0.60,64,1,1,1356,144,48,0
lower26,regex,1024,32,10000,0.60,64,0,0,,,,0
lower26,regex,1024,32,10000,0.60,65,1,1,1356,144,48,0
lower26,regex,1024,32,10000,0.60,65,0,0,,,,0
lower26,regex,1024,32,10000,0.60,66,1,1,1356,144,48,0
lower26,regex,1024,32,10000,0.60,66,0,0,,,,0
lower26,regex,1024,32,10000,0.60,67,1,1,1356,144,48,0
lower26,regex,1024,32,10000,0.60,67,0,0,,,,0
lower26,regex,1024,32,10000,0.60,68,1,1,1356,144,48,0
lower26,regex,1024,32,10000,0.60,68,0,0,,,,0
lower26,regex,1024,32,10000,0.60,69,1,1,1356,144,48,0
lower26,regex,1024,32,10000,0.60,69,0,0,,,,0
lower26,regex,1024,32,10000,0.60,70,1,1,1356,144,48,0
lower26,regex,1024,32,10000,0.60,70,0,0,,,,0
lower26,regex,1024,32,10000,0.60,71,1,1,1356,144,48,0
lower26,regex,1024,32,10000,0.60,71,0,0,,,,0
lower26,regex,1024,32,10000,0.60,72,1,1,1356,144,48,0
lower26,regex,1024,32,10000,0.60,72,0,0,,,,0
lower26,regex,1024,32,10000,0.60,73,1,1,1356,144,48,0
lower26,regex,1024,32,10000,0.60,73,0,0,,,,0
lower26,regex,1024,32,10000,0.60,74,1,1,1356,144,48,0
lower26,regex,1024,32,10000,0.60,74,0,0,,,,0
lower26,regex,1024,32,10000,0.60,75,1,1,1356,144,48,0
lower26,regex,1024,32,10000,0.60,75,0,0,,,,0
lower26,regex,1024,32,10000,0.60,76,1,1,1356,144,48,0
lower26,regex,1024,32,10000,0.60,76,0,0,,,,0
lower26,regex,1024,32,10000,0.60,77,1,1,1356,144,48,0
lower26,regex,1024,32,10000,0.60,77,0,0,,,,0
lower26,regex,1024,32,10000,0.60,78,1,1,1356,144,48,0
lower26,regex,1024,32,10000,0.60,78,0,0,,,,0
lower26,regex,1024,32,10000,0.60,79,1,1,1356,144,48,0
lower26,regex,1024,32,10000,0.60,79,0,0,,,,0
lower26,regex,1024,32,10000,0.60,80,1,1,1356,144,48,0
lower26,regex,1024,32,10000,0.60,80,0,0,,,,0
lower26,regex,1024,32,10000,0.60,81,1,1,1356,144,48,0
lower26,regex,1024,32,10000,0.60,81,0,0,,,,0
lower26,regex,1024,32,10000,0.60,82,1,1,1356,144,48,0
lower26,regex,1024,32,10000,0.60,82,0,0,,,,0
lower26,regex,1024,32,10000,0.60,83,1,1,1356,144,48,0
lower26,regex,1024,32,10000,0.60,83,0,0,,,,0
lower26,regex,1024,32,10000,0.60,84,1,1,1356,144,48,0
lower26,regex,1024,32,10000,0.60,84,0,0,,,,0
lower26,regex,1024,32,10000,0.60,85,1,1,1356,144,48,0
lower26,regex,1024,32,10000,0.60,85,0,0,,,,0
lower26,regex,1024,32,10000,0.60,86,1,1,1356,144,48,0
lower26,regex,1024,32,10000,0.60,86,0,0,,,,0
lower26,regex,1024,32,10000,0.60,87,1,1,1356,144,48,0
lower26,regex,1024,32,10000,0.60,87,0,0,,,,0
lower26,regex,1024,32,10000,0.60,88,1,1,1356,144,48,0
lower26,regex,1024,32,10000,0.60,88,0,0,,,,0
lower26,regex,1024,32,10000,0.60,89,1,1,1356,144,48,0
lower26,regex,1024,32,10000,0.60,89,0,0,,,,0
lower26,regex,1024,32,10000,0.60,90,1,1,1356,144,48,0
lower26,regex,1024,32,10000,0.60,90,0,0,,,,0
lower26,regex,1024,32,10000,0.60,91,1,1,1356,144,48,0
lower26,regex,1024,32,10000,0.60,91,0,0,,,,0
lower26,regex,1024,32,10000,0.60,92,1,1,1356,144,48,0
lower26,regex,1024,32,10000,0.60,92,0,0,,,,0
lower26,regex,1024,32,10000,0.60,93,1,1,1356,144,48,0
lower26,regex,1024,32,10000,0.60,93,0,0,,,,0
lower26,regex,1024,32,10000,0.60,94,1,1,1356,144,48,0
lower26,regex,1024,32,10000,0.60,94,0,0,,,,0
lower26,regex,1024,32,10000,0.60,95,1,1,1356,144,48,0
lower26,regex,1024,32,10000,0.60,95,0,0,,,,0
lower26,regex,1024,32,10000,0.60,96,1,1,1356,144,48,0
lower26,regex,1024,32,10000,0.60,96,0,0,,,,0
lower26,regex,1024,32,10000,0.60,97,1,1,1356,144,48,0
lower26,regex,1024,32,10000,0.60,97,0,0,,,,0
lower26,regex,1024,32,10000,0.60,98,1,1,1356,144,48,0
lower26,regex,1024,32,10000,0.60,98,0,0,,,,0
lower26,regex,1024,32,10000,0.60,99,1,1,1356,144,48,0
lower26,regex,1024,32,10000,0.60,99,0,0,,,,0
lower26,regex,1024,32,10000,0.60,100,1,1,1356,144,48,0
lower26,regex,1024,32,10000,0.60,100,0,0,,,,0
lower26,regex,1024,32,10000,0.70,1,1,1,1356,144,48,0
lower26,regex,1024,32,10000,0.70,1,0,0,,,,0
lower26,regex,1024,32,10000,0.70,2,1,1,1356,144,48,0
lower26,regex,1024,32,10000,0.70,2,0,0,,,,0
lower26,regex,1024,32,10000,0.70,3,1,1,1356,144,48,0
lower26,regex,1024,32,10000,0.70,3,0,0,,,,0
lower26,regex,1024,32,10000,0.70,4,1,1,1356,144,48,0
lower26,regex,1024,32,10000,0.70,4,0,0,,,,0
lower26,regex,1024,32,10000,0.70,5,1,1,1356,144,48,0
lower26,regex,1024,32,10000,0.70,5,0,0,,,,0
lower26,regex,1024,32,10000,0.70,6,1,1,1356,144,48,0
lower26,regex,1024,32,10000,0.70,6,0,0,,,,0
lower26,regex,1024,32,10000,0.70,7,1,1,1356,144,48,0
lower26,regex,1024,32,10000,0.70,7,0,0,,,,0
lower26,regex,1024,32,10000,0.70,8,1,1,1356,144,48,0
lower26,regex,1024,32,10000,0.70,8,0,0,,,,0
lower26,regex,1024,32,10000,0.70,9,1,1,1356,144,48,0
lower26,regex,1024,32,10000,0.70,9,0,0,,,,0
lower26,regex,1024,32,10000,0.70,10,1,1,1356,144,48,0
lower26,regex,1024,32,10000,0.70,10,0,0,,,,0
lower26,regex,1024,32,10000,0.70,11,1,1,1356,144,48,0
lower26,regex,1024,32,10000,0.70,11,0,0,,,,0
lower26,regex,1024,32,10000,0.70,12,1,1,1356,144,48,0
lower26,regex,1024,32,10000,0.70,12,0,0,,,,0
lower26,regex,1024,32,10000,0.70,13,1,1,1356,144,48,0
lower26,regex,1024,32,10000,0.70,13,0,0,,,,0
lower26,regex,1024,32,10000,0.70,14,1,1,1356,144,48,0
lower26,regex,1024,32,10000,0.70,14,0,0,,,,0
lower26,regex,1024,32,10000,0.70,15,1,1,1356,144,48,0
lower26,regex,1024,32,10000,0.70,15,0,0,,,,0
lower26,regex,1024,32,10000,0.70,16,1,1,1356,144,48,0
lower26,regex,1024,32,10000,0.70,16,0,0,,,,0
lower26,regex,1024,32,10000,0.70,17,1,1,1356,144,48,0
lower26,regex,1024,32,10000,0.70,17,0,0,,,,0
lower26,regex,1024,32,10000,0.70,18,1,1,1356,144,48,0
lower26,regex,1024,32,10000,0.70,18,0,0,,,,0
lower26,regex,1024,32,10000,0.70,19,1,1,1356,144,48,0
lower26,regex,1024,32,10000,0.70,19,0,0,,,,0
lower26,regex,1024,32,10000,0.70,20,1,1,1356,144,48,0
lower26,regex,1024,32,10000,0.70,20,0,0,,,,0
lower26,regex,1024,32,10000,0.70,21,1,1,1356,144,48,0
lower26,regex,1024,32,10000,0.70,21,0,0,,,,0
lower26,regex,1024,32,10000,0.70,22,1,1,1356,144,48,0
lower26,regex,1024,32,10000,0.70,22,0,0,,,,0
lower26,regex,1024,32,10000,0.70,23,1,1,1356,144,48,0
lower26,regex,1024,32,10000,0.70,23,0,0,,,,0
lower26,regex,1024,32,10000,0.70,24,1,1,1356,144,48,0
lower26,regex,1024,32,10000,0.70,24,0,0,,,,0
lower26,regex,1024,32,10000,0.70,25,1,1,1356,144,48,0
lower26,regex,1024,32,10000,0.70,25,0,0,,,,0
lower26,regex,1024,32,10000,0.70,26,1,1,1356,144,48,0
lower26,regex,1024,32,10000,0.70,26,0,0,,,,0
lower26,regex,1024,32,10000,0.70,27,1,1,1356,144,48,0
lower26,regex,1024,32,10000,0.70,27,0,0,,,,0
lower26,regex,1024,32,10000,0.70,28,1,1,1356,144,48,0
lower26,regex,1024,32,10000,0.70,28,0,0,,,,0
lower26,regex,1024,32,10000,0.70,29,1,1,1356,144,48,0
lower26,regex,1024,32,10000,0.70,29,0,0,,,,0
lower26,regex,1024,32,10000,0.70,30,1,1,1356,144,48,0
lower26,regex,1024,32,10000,0.70,30,0,0,,,,0
lower26,regex,1024,32,10000,0.70,31,1,1,1356,144,48,0
lower26,regex,1024,32,10000,0.70,31,0,0,,,,0
lower26,regex,1024,32,10000,0.70,32,1,1,1356,144,48,0
lower26,regex,1024,32,10000,0.70,32,0,0,,,,0
lower26,regex,1024,32,10000,0.70,33,1,1,1356,144,48,0
lower26,regex,1024,32,10000,0.70,33,0,0,,,,0
lower26,regex,1024,32,10000,0.70,34,1,1,1356,144,48,0
lower26,regex,1024,32,10000,0.70,34,0,0,,,,0
lower26,regex,1024,32,10000,0.70,35,1,1,1356,144,48,0
lower26,regex,1024,32,10000,0.70,35,0,0,,,,0
lower26,regex,1024,32,10000,0.70,36,1,1,1356,144,48,0
lower26,regex,1024,32,10000,0.70,36,0,0,,,,0
lower26,regex,1024,32,10000,0.70,37,1,1,1356,144,48,0
lower26,regex,1024,32,10000,0.70,37,0,0,,,,0
lower26,regex,1024,32,10000,0.70,38,1,1,1356,144,48,0
lower26,regex,1024,32,10000,0.70,38,0,0,,,,0
lower26,regex,1024,32,10000,0.70,39,1,1,1356,144,48,0
lower26,regex,1024,32,10000,0.70,39,0,0,,,,0
lower26,regex,1024,32,10000,0.70,40,1,1,1356,144,48,0
lower26,regex,1024,32,10000,0.70,40,0,0,,,,0
lower26,regex,1024,32,10000,0.70,41,1,1,1356,144,48,0
lower26,regex,1024,32,10000,0.70,41,0,0,,,,0
lower26,regex,1024,32,10000,0.70,42,1,1,1356,144,48,0
lower26,regex,1024,32,10000,0.70,42,0,0,,,,0
lower26,regex,1024,32,10000,0.70,43,1,1,1356,144,48,0
lower26,regex,1024,32,10000,0.70,43,0,0,,,,0
lower26,regex,1024,32,10000,0.70,44,1,1,1356,144,48,0
lower26,regex,1024,32,10000,0.70,44,0,0,,,,0
lower26,regex,1024,32,10000,0.70,45,1,1,1356,144,48,0
lower26,regex,1024,32,10000,0.70,45,0,0,,,,0
lower26,regex,1024,32,10000,0.70,46,1,1,1356,144,48,0
lower26,regex,1024,32,10000,0.70,46,0,0,,,,0
lower26,regex,1024,32,10000,0.70,47,1,1,1356,144,48,0
lower26,regex,1024,32,10000,0.70,47,0,0,,,,0
lower26,regex,1024,32,10000,0.70,48,1,1,1356,144,48,0
lower26,regex,1024,32,10000,0.70,48,0,0,,,,0
lower26,regex,1024,32,10000,0.70,49,1,1,1356,144,48,0
lower26,regex,1024,32,10000,0.70,49,0,0,,,,0
lower26,regex,1024,32,10000,0.70,50,1,1,1356,144,48,0
lower26,regex,1024,32,10000,0.70,50,0,0,,,,0
lower26,regex,1024,32,10000,0.70,51,1,1,1356,144,48,0
lower26,regex,1024,32,10000,0.70,51,0,0,,,,0
lower26,regex,1024,32,10000,0.70,52,1,1,1356,144,48,0
lower26,regex,1024,32,10000,0.70,52,0,0,,,,0
lower26,regex,1024,32,10000,0.70,53,1,1,1356,144,48,0
lower26,regex,1024,32,10000,0.70,53,0,0,,,,0
lower26,regex,1024,32,10000,0.70,54,1,1,1356,144,48,0
lower26,regex,1024,32,10000,0.70,54,0,0,,,,0
lower26,regex,1024,32,10000,0.70,55,1,1,1356,144,48,0
lower26,regex,1024,32,10000,0.70,55,0,0,,,,0
lower26,regex,1024,32,10000,0.70,56,1,1,1356,144,48,0
lower26,regex,1024,32,10000,0.70,56,0,0,,,,0
lower26,regex,1024,32,10000,0.70,57,1,1,1356,144,48,0
lower26,regex,1024,32,10000,0.70,57,0,0,,,,0
lower26,regex,1024,32,10000,0.70,58,1,1,1356,144,48,0
lower26,regex,1024,32,10000,0.70,58,0,0,,,,0
lower26,regex,1024,32,10000,0.70,59,1,1,1356,144,48,0
lower26,regex,1024,32,10000,0.70,59,0,0,,,,0
lower26,regex,1024,32,10000,0.70,60,1,1,1356,144,48,0
lower26,regex,1024,32,10000,0.70,60,0,0,,,,0
lower26,regex,1024,32,10000,0.70,61,1,1,1356,144,48,0
lower26,regex,1024,32,10000,0.70,61,0,0,,,,0
lower26,regex,1024,32,10000,0.70,62,1,1,1356,144,48,0
lower26,regex,1024,32,10000,0.70,62,0,0,,,,0
lower26,regex,1024,32,10000,0.70,63,1,1,1356,144,48,0
lower26,regex,1024,32,10000,0.70,63,0,0,,,,0
lower26,regex,1024,32,10000,0.70,64,1,1,1356,144,48,0
lower26,regex,1024,32,10000,0.70,64,0,0,,,,0
lower26,regex,1024,32,10000,0.70,65,1,1,1356,144,48,0
lower26,regex,1024,32,10000,0.70,65,0,0,,,,0
lower26,regex,1024,32,10000,0.70,66,1,1,1356,144,48,0
lower26,regex,1024,32,10000,0.70,66,0,0,,,,0
lower26,regex,1024,32,10000,0.70,67,1,1,1356,144,48,0
lower26,regex,1024,32,10000,0.70,67,0,0,,,,0
lower26,regex,1024,32,10000,0.70,68,1,1,1356,144,48,0
lower26,regex,1024,32,10000,0.70,68,0,0,,,,0
lower26,regex,1024,32,10000,0.70,69,1,1,1356,144,48,0
lower26,regex,1024,32,10000,0.70,69,0,0,,,,0
lower26,regex,1024,32,10000,0.70,70,1,1,1356,144,48,0
lower26,regex,1024,32,10000,0.70,70,0,0,,,,0
lower26,regex,1024,32,10000,0.70,71,1,1,1356,144,48,0
lower26,regex,1024,32,10000,0.70,71,0,0,,,,0
lower26,regex,1024,32,10000,0.70,72,1,1,1356,144,48,0
lower26,regex,1024,32,10000,0.70,72,0,0,,,,0
lower26,regex,1024,32,10000,0.70,73,1,1,1356,144,48,0
lower26,regex,1024,32,10000,0.70,73,0,0,,,,0
lower26,regex,1024,32,10000,0.70,74,1,1,1356,144,48,0
lower26,regex,1024,32,10000,0.70,74,0,0,,,,0
lower26,regex,1024,32,10000,0.70,75,1,1,1356,144,48,0
lower26,regex,1024,32,10000,0.70,75,0,0,,,,0
lower26,regex,1024,32,10000,0.70,76,1,1,1356,144,48,0
lower26,regex,1024,32,10000,0.70,76,0,0,,,,0
lower26,regex,1024,32,10000,0.70,77,1,1,1356,144,48,0
lower26,regex,1024,32,10000,0.70,77,0,0,,,,0
lower26,regex,1024,32,10000,0.70,78,1,1,1356,144,48,0
lower26,regex,1024,32,10000,0.70,78,0,0,,,,0
lower26,regex,1024,32,10000,0.70,79,1,1,1356,144,48,0
lower26,regex,1024,32,10000,0.70,79,0,0,,,,0
lower26,regex,1024,32,10000,0.70,80,1,1,1356,144,48,0
lower26,regex,1024,32,10000,0.70,80,0,0,,,,0
lower26,regex,1024,32,10000,0.70,81,1,1,1356,144,48,0
lower26,regex,1024,32,10000,0.70,81,0,0,,,,0
lower26,regex,1024,32,10000,0.70,82,1,1,1356,144,48,0
lower26,regex,1024,32,10000,0.70,82,0,0,,,,0
lower26,regex,1024,32,10000,0.70,83,1,1,1356,144,48,0
lower26,regex,1024,32,10000,0.70,83,0,0,,,,0
lower26,regex,1024,32,10000,0.70,84,1,1,1356,144,48,0
lower26,regex,1024,32,10000,0.70,84,0,0,,,,0
lower26,regex,1024,32,10000,0.70,85,1,1,1356,144,48,0
lower26,regex,1024,32,10000,0.70,85,0,0,,,,0
lower26,regex,1024,32,10000,0.70,86,1,1,1356,144,48,0
lower26,regex,1024,32,10000,0.70,86,0,0,,,,0
lower26,regex,1024,32,10000,0.70,87,1,1,1356,144,48,0
lower26,regex,1024,32,10000,0.70,87,0,0,,,,0
lower26,regex,1024,32,10000,0.70,88,1,1,1356,144,48,0
lower26,regex,1024,32,10000,0.70,88,0,0,,,,0
lower26,regex,1024,32,10000,0.70,89,1,1,1356,144,48,0
lower26,regex,1024,32,10000,0.70,89,0,0,,,,0
lower26,regex,1024,32,10000,0.70,90,1,1,1356,144,48,0
lower26,regex,1024,32,10000,0.70,90,0,0,,,,0
lower26,regex,1024,32,10000,0.70,91,1,1,1356,144,48,0
lower26,regex,1024,32,10000,0.70,91,0,0,,,,0
lower26,regex,1024,32,10000,0.70,92,1,1,1356,144,48,0
lower26,regex,1024,32,10000,0.70,92,0,0,,,,0
lower26,regex,1024,32,10000,0.70,93,1,1,1356,144,48,0
lower26,regex,1024,32,10000,0.70,93,0,0,,,,0
lower26,regex,1024,32,10000,0.70,94,1,1,1356,144,48,0
lower26,regex,1024,32,10000,0.70,94,0,0,,,,0
lower26,regex,1024,32,10000,0.70,95,1,1,1356,144,48,0
lower26,regex,1024,32,10000,0.70,95,0,0,,,,0
lower26,regex,1024,32,10000,0.70,96,1,1,1356,144,48,0
lower26,regex,1024,32,10000,0.70,96,0,0,,,,0
lower26,regex,1024,32,10000,0.70,97,1,1,1356,144,48,0
lower26,regex,1024,32,10000,0.70,97,0,0,,,,0
lower26,regex,1024,32,10000,0.70,98,1,1,1356,144,48,0
lower26,regex,1024,32,10000,0.70,98,0,0,,,,0
lower26,regex,1024,32,10000,0.70,99,1,1,1356,144,48,0
lower26,regex,1024,32,10000,0.70,99,0,0,,,,0
lower26,regex,1024,32,10000,0.70,100,1,1,1356,144,48,0
lower26,regex,1024,32,10000,0.70,100,0,0,,,,0
lower26,regex,1024,32,10000,0.80,1,1,1,1356,144,48,0
lower26,regex,1024,32,10000,0.80,1,0,0,,,,0
lower26,regex,1024,32,10000,0.80,2,1,1,1356,144,48,0
lower26,regex,1024,32,10000,0.80,2,0,0,,,,0
lower26,regex,1024,32,10000,0.80,3,1,1,1356,144,48,0
lower26,regex,1024,32,10000,0.80,3,0,0,,,,0
lower26,regex,1024,32,10000,0.80,4,1,1,1356,144,48,0
lower26,regex,1024,32,10000,0.80,4,0,0,,,,0
lower26,regex,1024,32,10000,0.80,5,1,1,1356,144,48,0
lower26,regex,1024,32,10000,0.80,5,0,0,,,,0
lower26,regex,1024,32,10000,0.80,6,1,1,1356,144,48,0
lower26,regex,1024,32,10000,0.80,6,0,0,,,,0
lower26,regex,1024,32,10000,0.80,7,1,1,1356,144,48,0
lower26,regex,1024,32,10000,0.80,7,0,0,,,,0
lower26,regex,1024,32,10000,0.80,8,1,1,1356,144,48,0
lower26,regex,1024,32,10000,0.80,8,0,0,,,,0
lower26,regex,1024,32,10000,0.80,9,1,1,1356,144,48,0
lower26,regex,1024,32,10000,0.80,9,0,0,,,,0
lower26,regex,1024,32,10000,0.80,10,1,1,1356,144,48,0
lower26,regex,1024,32,10000,0.80,10,0,0,,,,0
lower26,regex,1024,32,10000,0.80,11,1,1,1356,144,48,0
lower26,regex,1024,32,10000,0.80,11,0,0,,,,0
lower26,regex,1024,32,10000,0.80,12,1,1,1356,144,48,0
lower26,regex,1024,32,10000,0.80,12,0,0,,,,0
lower26,regex,1024,32,10000,0.80,13,1,1,1356,144,48,0
lower26,regex,1024,32,10000,0.80,13,0,0,,,,0
lower26,regex,1024,32,10000,0.80,14,1,1,1356,144,48,0
lower26,regex,1024,32,10000,0.80,14,0,0,,,,0
lower26,regex,1024,32,10000,0.80,15,1,1,1356,144,48,0
lower26,regex,1024,32,10000,0.80,15,0,0,,,,0
lower26,regex,1024,32,10000,0.80,16,1,1,1356,144,48,0
lower26,regex,1024,32,10000,0.80,16,0,0,,,,0
lower26,regex,1024,32,10000,0.80,17,1,1,1356,144,48,0
lower26,regex,1024,32,10000,0.80,17,0,0,,,,0
lower26,regex,1024,32,10000,0.80,18,1,1,1356,144,48,0
lower26,regex,1024,32,10000,0.80,18,0,0,,,,0
lower26,regex,1024,32,10000,0.80,19,1,1,1356,144,48,0
lower26,regex,1024,32,10000,0.80,19,0,0,,,,0
lower26,regex,1024,32,10000,0.80,20,1,1,1356,144,48,0
lower26,regex,1024,32,10000,0.80,20,0,0,,,,0
lower26,regex,1024,32,10000,0.80,21,1,1,1356,144,48,0
lower26,regex,1024,32,10000,0.80,21,0,0,,,,0
lower26,regex,1024,32,10000,0.80,22,1,1,1356,144,48,0
lower26,regex,1024,32,10000,0.80,22,0,0,,,,0
lower26,regex,1024,32,10000,0.80,23,1,1,1356,144,48,0
lower26,regex,1024,32,10000,0.80,23,0,0,,,,0
lower26,regex,1024,32,10000,0.80,24,1,1,1356,144,48,0
lower26,regex,1024,32,10000,0.80,24,0,0,,,,0
lower26,regex,1024,32,10000,0.80,25,1,1,1356,144,48,0
lower26,regex,1024,32,10000,0.80,25,0,0,,,,0
lower26,regex,1024,32,10000,0.80,26,1,1,1356,144,48,0
lower26,regex,1024,32,10000,0.80,26,0,0,,,,0
lower26,regex,1024,32,10000,0.80,27,1,1,1356,144,48,0
lower26,regex,1024,32,10000,0.80,27,0,0,,,,0
lower26,regex,1024,32,10000,0.80,28,1,1,1356,144,48,0
lower26,regex,1024,32,10000,0.80,28,0,0,,,,0
lower26,regex,1024,32,10000,0.80,29,1,1,1356,144,48,0
lower26,regex,1024,32,10000,0.80,29,0,0,,,,0
lower26,regex,1024,32,10000,0.80,30,1,1,1356,144,48,0
lower26,regex,1024,32,10000,0.80,30,0,0,,,,0
lower26,regex,1024,32,10000,0.80,31,1,1,1356,144,48,0
lower26,regex,1024,32,10000,0.80,31,0,0,,,,0
lower26,regex,1024,32,10000,0.80,32,1,1,1356,144,48,0
lower26,regex,1024,32,10000,0.80,32,0,0,,,,0
lower26,regex,1024,32,10000,0.80,33,1,1,1356,144,48,0
lower26,regex,1024,32,10000,0.80,33,0,0,,,,0
lower26,regex,1024,32,10000,0.80,34,1,1,1356,144,48,0
lower26,regex,1024,32,10000,0.80,34,0,0,,,,0
lower26,regex,1024,32,10000,0.80,35,1,1,1356,144,48,0
lower26,regex,1024,32,10000,0.80,35,0,0,,,,0
lower26,regex,1024,32,10000,0.80,36,1,1,1356,144,48,0
lower26,regex,1024,32,10000,0.80,36,0,0,,,,0
lower26,regex,1024,32,10000,0.80,37,1,1,1356,144,48,0
lower26,regex,1024,32,10000,0.80,37,0,0,,,,0
lower26,regex,1024,32,10000,0.80,38,1,1,1356,144,48,0
lower26,regex,1024,32,10000,0.80,38,0,0,,,,0
lower26,regex,1024,32,10000,0.80,39,1,1,1356,144,48,0
lower26,regex,1024,32,10000,0.80,39,0,0,,,,0
lower26,regex,1024,32,10000,0.80,40,1,1,1356,144,48,0
lower26,regex,1024,32,10000,0.80,40,0,0,,,,0
lower26,regex,1024,32,10000,0.80,41,1,1,1356,144,48,0
lower26,regex,1024,32,10000,0.80,41,0,0,,,,0
lower26,regex,1024,32,10000,0.80,42,1,1,1356,144,48,0
lower26,regex,1024,32,10000,0.80,42,0,0,,,,0
lower26,regex,1024,32,10000,0.80,43,1,1,1356,144,48,0
lower26,regex,1024,32,10000,0.80,43,0,0,,,,0
lower26,regex,1024,32,10000,0.80,44,1,1,1356,144,48,0
lower26,regex,1024,32,10000,0.80,44,0,0,,,,0
lower26,regex,1024,32,10000,0.80,45,1,1,1356,144,48,0
lower26,regex,1024,32,10000,0.80,45,0,0,,,,0
lower26,regex,1024,32,10000,0.80,46,1,1,1356,144,48,0
lower26,regex,1024,32,10000,0.80,46,0,0,,,,0
lower26,regex,1024,32,10000,0.80,47,1,1,1356,144,48,0
lower26,regex,1024,32,10000,0.80,47,0,0,,,,0
lower26,regex,1024,32,10000,0.80,48,1,1,1356,144,48,0
lower26,regex,1024,32,10000,0.80,48,0,0,,,,0
lower26,regex,1024,32,10000,0.80,49,1,1,1356,144,48,0
lower26,regex,1024,32,10000,0.80,49,0,0,,,,0
lower26,regex,1024,32,10000,0.80,50,1,1,1356,144,48,0
lower26,regex,1024,32,10000,0.80,50,0,0,,,,0
lower26,regex,1024,32,10000,0.80,51,1,1,1356,144,48,0
lower26,regex,1024,32,10000,0.80,51,0,0,,,,0
lower26,regex,1024,32,10000,0.80,52,1,1,1356,144,48,0
lower26,regex,1024,32,10000,0.80,52,0,0,,,,0
lower26,regex,1024,32,10000,0.80,53,1,1,1356,144,48,0
lower26,regex,1024,32,10000,0.80,53,0,0,,,,0
lower26,regex,1024,32,10000,0.80,54,1,1,1356,144,48,0
lower26,regex,1024,32,10000,0.80,54,0,0,,,,0
lower26,regex,1024,32,10000,0.80,55,1,1,1356,144,48,0
lower26,regex,1024,32,10000,0.80,55,0,0,,,,0
lower26,regex,1024,32,10000,0.80,56,1,1,1356,144,48,0
lower26,regex,1024,32,10000,0.80,56,0,0,,,,0
lower26,regex,1024,32,10000,0.80,57,1,1,1356,144,48,0
lower26,regex,1024,32,10000,0.80,57,0,0,,,,0
lower26,regex,1024,32,10000,0.80,58,1,1,1356,144,48,0
lower26,regex,1024,32,10000,0.80,58,0,0,,,,0
lower26,regex,1024,32,10000,0.80,59,1,1,1356,144,48,0
lower26,regex,1024,32,10000,0.80,59,0,0,,,,0
lower26,regex,1024,32,10000,0.80,60,1,1,1356,144,48,0
lower26,regex,1024,32,10000,0.80,60,0,0,,,,0
lower26,regex,1024,32,10000,0.80,61,1,1,1356,144,48,0
lower26,regex,1024,32,10000,0.80,61,0,0,,,,0
lower26,regex,1024,32,10000,0.80,62,1,1,1356,144,48,0
lower26,regex,1024,32,10000,0.80,62,0,0,,,,0
lower26,regex,1024,32,10000,0.80,63,1,1,1356,144,48,0
lower26,regex,1024,32,10000,0.80,63,0,0,,,,0
lower26,regex,1024,32,10000,0.80,64,1,1,1356,144,48,0
lower26,regex,1024,32,10000,0.80,64,0,0,,,,0
lower26,regex,1024,32,10000,0.80,65,1,1,1356,144,48,0
lower26,regex,1024,32,10000,0.80,65,0,0,,,,0
lower26,regex,1024,32,10000,0.80,66,1,1,1356,144,48,0
lower26,regex,1024,32,10000,0.80,66,0,0,,,,0
lower26,regex,1024,32,10000,0.80,67,1,1,1356,144,48,0
lower26,regex,1024,32,10000,0.80,67,0,0,,,,0
lower26,regex,1024,32,10000,0.80,68,1,1,1356,144,48,0
lower26,regex,1024,32,10000,0.80,68,0,0,,,,0
lower26,regex,1024,32,10000,0.80,69,1,1,1356,144,48,0
lower26,regex,1024,32,10000,0.80,69,0,0,,,,0
lower26,regex,1024,32,10000,0.80,70,1,1,1356,144,48,0
lower26,regex,1024,32,10000,0.80,70,0,0,,,,0
lower26,regex,1024,32,10000,0.80,71,1,1,1356,144,48,0
lower26,regex,1024,32,10000,0.80,71,0,0,,,,0
lower26,regex,1024,32,10000,0.80,72,1,1,1356,144,48,0
lower26,regex,1024,32,10000,0.80,72,0,0,,,,0
lower26,regex,1024,32,10000,0.80,73,1,1,1356,144,48,0
lower26,regex,1024,32,10000,0.80,73,0,0,,,,0
lower26,regex,1024,32,10000,0.80,74,1,1,1356,144,48,0
lower26,regex,1024,32,10000,0.80,74,0,0,,,,0
lower26,regex,1024,32,10000,0.80,75,1,1,1356,144,48,0
lower26,regex,1024,32,10000,0.80,75,0,0,,,,0
lower26,regex,1024,32,10000,0.80,76,1,1,1356,144,48,0
lower26,regex,1024,32,10000,0.80,76,0,0,,,,0
lower26,regex,1024,32,10000,0.80,77,1,1,1356,144,48,0
lower26,regex,1024,32,10000,0.80,77,0,0,,,,0
lower26,regex,1024,32,10000,0.80,78,1,1,1356,144,48,0
lower26,regex,1024,32,10000,0.80,78,0,0,,,,0
lower26,regex,1024,32,10000,0.80,79,1,1,1356,144,48,0
lower26,regex,1024,32,10000,0.80,79,0,0,,,,0
lower26,regex,1024,32,10000,0.80,80,1,1,1356,144,48,0
lower26,regex,1024,32,10000,0.80,80,0,0,,,,0
lower26,regex,1024,32,10000,0.80,81,1,1,1356,144,48,0
lower26,regex,1024,32,10000,0.80,81,0,0,,,,0
lower26,regex,1024,32,10000,0.80,82,1,1,1356,144,48,0
lower26,regex,1024,32,10000,0.80,82,0,0,,,,0
lower26,regex,1024,32,10000,0.80,83,1,1,1356,144,48,0
lower26,regex,1024,32,10000,0.80,83,0,0,,,,0
lower26,regex,1024,32,10000,0.80,84,1,1,1356,144,48,0
lower26,regex,1024,32,10000,0.80,84,0,0,,,,0
lower26,regex,1024,32,10000,0.80,85,1,1,1356,144,48,0
lower26,regex,1024,32,10000,0.80,85,0,0,,,,0
lower26,regex,1024,32,10000,0.80,86,1,1,1356,144,48,0
lower26,regex,1024,32,10000,0.80,86,0,0,,,,0
lower26,regex,1024,32,10000,0.80,87,1,1,1356,144,48,0
lower26,regex,1024,32,10000,0.80,87,0,0,,,,0
lower26,regex,1024,32,10000,0.80,88,1,1,1356,144,48,0
lower26,regex,1024,32,10000,0.80,88,0,0,,,,0
lower26,regex,1024,32,10000,0.80,89,1,1,1356,144,48,0
lower26,regex,1024,32,10000,0.80,89,0,0,,,,0
lower26,regex,1024,32,10000,0.80,90,1,1,1356,144,48,0
lower26,regex,1024,32,10000,0.80,90,0,0,,,,0
lower26,regex,1024,32,10000,0.80,91,1,1,1356,144,48,0
lower26,regex,1024,32,10000,0.80,91,0,0,,,,0
lower26,regex,1024,32,10000,0.80,92,1,1,1356,144,48,0
lower26,regex,1024,32,10000,0.80,92,0,0,,,,0
lower26,regex,1024,32,10000,0.80,93,1,1,1356,144,48,0
lower26,regex,1024,32,10000,0.80,93,0,0,,,,0
lower26,regex,1024,32,10000,0.80,94,1,1,1356,144,48,0
lower26,regex,1024,32,10000,0.80,94,0,0,,,,0
lower26,regex,1024,32,10000,0.80,95,1,1,1356,144,48,0
lower26,regex,1024,32,10000,0.80,95,0,0,,,,0
lower26,regex,1024,32,10000,0.80,96,1,1,1356,144,48,0
lower26,regex,1024,32,10000,0.80,96,0,0,,,,0
lower26,regex,1024,32,10000,0.80,97,1,1,1356,144,48,0
lower26,regex,1024,32,10000,0.80,97,0,0,,,,0
lower26,regex,1024,32,10000,0.80,98,1,1,1356,144,48,0
lower26,regex,1024,32,10000,0.80,98,0,0,,,,0
lower26,regex,1024,32,10000,0.80,99,1,1,1356,144,48,0
lower26,regex,1024,32,10000,0.80,99,0,0,,,,0
lower26,regex,1024,32,10000,0.80,100,1,1,1356,144,48,0
lower26,regex,1024,32,10000,0.80,100,0,0,,,,0
lower26,regex,1024,32,10000,0.90,1,1,1,1356,144,48,0
lower26,regex,1024,32,10000,0.90,1,0,0,,,,0
lower26,regex,1024,32,10000,0.90,2,1,1,1356,144,48,0
lower26,regex,1024,32,10000,0.90,2,0,0,,,,0
lower26,regex,1024,32,10000,0.90,3,1,1,1356,144,48,0
lower26,regex,1024,32,10000,0.90,3,0,0,,,,0
lower26,regex,1024,32,10000,0.90,4,1,1,1356,144,48,0
lower26,regex,1024,32,10000,0.90,4,0,0,,,,0
lower26,regex,1024,32,10000,0.90,5,1,1,1356,144,48,0
lower26,regex,1024,32,10000,0.90,5,0,0,,,,0
lower26,regex,1024,32,10000,0.90,6,1,1,1356,144,48,0
lower26,regex,1024,32,10000,0.90,6,0,0,,,,0
lower26,regex,1024,32,10000,0.90,7,1,1,1356,144,48,0
lower26,regex,1024,32,10000,0.90,7,0,0,,,,0
lower26,regex,1024,32,10000,0.90,8,1,1,1356,144,48,0
lower26,regex,1024,32,10000,0.90,8,0,0,,,,0
lower26,regex,1024,32,10000,0.90,9,1,1,1356,144,48,0
lower26,regex,1024,32,10000,0.90,9,0,0,,,,0
lower26,regex,1024,32,10000,0.90,10,1,1,1356,144,48,0
lower26,regex,1024,32,10000,0.90,10,0,0,,,,0
lower26,regex,1024,32,10000,0.90,11,1,1,1356,144,48,0
lower26,regex,1024,32,10000,0.90,11,0,0,,,,0
lower26,regex,1024,32,10000,0.90,12,1,1,1356,144,48,0
lower26,regex,1024,32,10000,0.90,12,0,0,,,,0
lower26,regex,1024,32,10000,0.90,13,1,1,1356,144,48,0
lower26,regex,1024,32,10000,0.90,13,0,0,,,,0
lower26,regex,1024,32,10000,0.90,14,1,1,1356,144,48,0
lower26,regex,1024,32,10000,0.90,14,0,0,,,,0
lower26,regex,1024,32,10000,0.90,15,1,1,1356,144,48,0
lower26,regex,1024,32,10000,0.90,15,0,0,,,,0
lower26,regex,1024,32,10000,0.90,16,1,1,1356,144,48,0
lower26,regex,1024,32,10000,0.90,16,0,0,,,,0
lower26,regex,1024,32,10000,0.90,17,1,1,1356,144,48,0
lower26,regex,1024,32,10000,0.90,17,0,0,,,,0
lower26,regex,1024,32,10000,0.90,18,1,1,1356,144,48,0
lower26,regex,1024,32,10000,0.90,18,0,0,,,,0
lower26,regex,1024,32,10000,0.90,19,1,1,1356,144,48,0
lower26,regex,1024,32,10000,0.90,19,0,0,,,,0
lower26,regex,1024,32,10000,0.90,20,1,1,1356,144,48,0
lower26,regex,1024,32,10000,0.90,20,0,0,,,,0
lower26,regex,1024,32,10000,0.90,21,1,1,1356,144,48,0
lower26,regex,1024,32,10000,0.90,21,0,0,,,,0
lower26,regex,1024,32,10000,0.90,22,1,1,1356,144,48,0
lower26,regex,1024,32,10000,0.90,22,0,0,,,,0
lower26,regex,1024,32,10000,0.90,23,1,1,1356,144,48,0
lower26,regex,1024,32,10000,0.90,23,0,0,,,,0
lower26,regex,1024,32,10000,0.90,24,1,1,1356,144,48,0
lower26,regex,1024,32,10000,0.90,24,0,0,,,,0
lower26,regex,1024,32,10000,0.90,25,1,1,1356,144,48,0
lower26,regex,1024,32,10000,0.90,25,0,0,,,,0
lower26,regex,1024,32,10000,0.90,26,1,1,1356,144,48,0
lower26,regex,1024,32,10000,0.90,26,0,0,,,,0
lower26,regex,1024,32,10000,0.90,27,1,1,1356,144,48,0
lower26,regex,1024,32,10000,0.90,27,0,0,,,,0
lower26,regex,1024,32,10000,0.90,28,1,1,1356,144,48,0
lower26,regex,1024,32,10000,0.90,28,0,0,,,,0
lower26,regex,1024,32,10000,0.90,29,1,1,1356,144,48,0
lower26,regex,1024,32,10000,0.90,29,0,0,,,,0
lower26,regex,1024,32,10000,0.90,30,1,1,1356,144,48,0
lower26,regex,1024,32,10000,0.90,30,0,0,,,,0
lower26,regex,1024,32,10000,0.90,31,1,1,1356,144,48,0
lower26,regex,1024,32,10000,0.90,31,0,0,,,,0
lower26,regex,1024,32,10000,0.90,32,1,1,1356,144,48,0
lower26,regex,1024,32,10000,0.90,32,0,0,,,,0
lower26,regex,1024,32,10000,0.90,33,1,1,1356,144,48,0
lower26,regex,1024,32,10000,0.90,33,0,0,,,,0
lower26,regex,1024,32,10000,0.90,34,1,1,1356,144,48,0
lower26,regex,1024,32,10000,0.90,34,0,0,,,,0
lower26,regex,1024,32,10000,0.90,35,1,1,1356,144,48,0
lower26,regex,1024,32,10000,0.90,35,0,0,,,,0
lower26,regex,1024,32,10000,0.90,36,1,1,1356,144,48,0
lower26,regex,1024,32,10000,0.90,36,0,0,,,,0
lower26,regex,1024,32,10000,0.90,37,1,1,1356,144,48,0
lower26,regex,1024,32,10000,0.90,37,0,0,,,,0
lower26,regex,1024,32,10000,0.90,38,1,1,1356,144,48,0
lower26,regex,1024,32,10000,0.90,38,0,0,,,,0
lower26,regex,1024,32,10000,0.90,39,1,1,1356,144,48,0
lower26,regex,1024,32,10000,0.90,39,0,0,,,,0
lower26,regex,1024,32,10000,0.90,40,1,1,1356,144,48,0
lower26,regex,1024,32,10000,0.90,40,0,0,,,,0
lower26,regex,1024,32,10000,0.90,41,1,1,1356,144,48,0
lower26,regex,1024,32,10000,0.90,41,0,0,,,,0
lower26,regex,1024,32,10000,0.90,42,1,1,1356,144,48,0
lower26,regex,1024,32,10000,0.90,42,0,0,,,,0
lower26,regex,1024,32,10000,0.90,43,1,1,1356,144,48,0
lower26,regex,1024,32,10000,0.90,43,0,0,,,,0
lower26,regex,1024,32,10000,0.90,44,1,1,1356,144,48,0
lower26,regex,1024,32,10000,0.90,44,0,0,,,,0
lower26,regex,1024,32,10000,0.90,45,1,1,1356,144,48,0
lower26,regex,1024,32,10000,0.90,45,0,0,,,,0
lower26,regex,1024,32,10000,0.90,46,1,1,1356,144,48,0
lower26,regex,1024,32,10000,0.90,46,0,0,,,,0
lower26,regex,1024,32,10000,0.90,47,1,1,1356,144,48,0
lower26,regex,1024,32,10000,0.90,47,0,0,,,,0
lower26,regex,1024,32,10000,0.90,48,1,1,1356,144,48,0
lower26,regex,1024,32,10000,0.90,48,0,0,,,,0
lower26,regex,1024,32,10000,0.90,49,1,1,1356,144,48,0
lower26,regex,1024,32,10000,0.90,49,0,0,,,,0
lower26,regex,1024,32,10000,0.90,50,1,1,1356,144,48,0
lower26,regex,1024,32,10000,0.90,50,0,0,,,,0
lower26,regex,1024,32,10000,0.90,51,1,1,1356,144,48,0
lower26,regex,1024,32,10000,0.90,51,0,0,,,,0
lower26,regex,1024,32,10000,0.90,52,1,1,1356,144,48,0
lower26,regex,1024,32,10000,0.90,52,0,0,,,,0
lower26,regex,1024,32,10000,0.90,53,1,1,1356,144,48,0
lower26,regex,1024,32,10000,0.90,53,0,0,,,,0
lower26,regex,1024,32,10000,0.90,54,1,1,1356,144,48,0
lower26,regex,1024,32,10000,0.90,54,0,0,,,,0
lower26,regex,1024,32,10000,0.90,55,1,1,1356,144,48,0
lower26,regex,1024,32,10000,0.90,55,0,0,,,,0
lower26,regex,1024,32,10000,0.90,56,1,1,1356,144,48,0
lower26,regex,1024,32,10000,0.90,56,0,0,,,,0
lower26,regex,1024,32,10000,0.90,57,1,1,1356,144,48,0
lower26,regex,1024,32,10000,0.90,57,0,0,,,,0
lower26,regex,1024,32,10000,0.90,58,1,1,1356,144,48,0
lower26,regex,1024,32,10000,0.90,58,0,0,,,,0
lower26,regex,1024,32,10000,0.90,59,1,1,1356,144,48,0
lower26,regex,1024,32,10000,0.90,59,0,0,,,,0
lower26,regex,1024,32,10000,0.90,60,1,1,1356,144,48,0
lower26,regex,1024,32,10000,0.90,60,0,0,,,,0
lower26,regex,1024,32,10000,0.90,61,1,1,1356,144,48,0
lower26,regex,1024,32,10000,0.90,61,0,0,,,,0
lower26,regex,1024,32,10000,0.90,62,1,1,1356,144,48,0
lower26,regex,1024,32,10000,0.90,62,0,0,,,,0
lower26,regex,1024,32,10000,0.90,63,1,1,1356,144,48,0
lower26,regex,1024,32,10000,0.90,63,0,0,,,,0
lower26,regex,1024,32,10000,0.90,64,1,1,1356,144,48,0
lower26,regex,1024,32,10000,0.90,64,0,0,,,,0
lower26,regex,1024,32,10000,0.90,65,1,1,1356,144,48,0
lower26,regex,1024,32,10000,0.90,65,0,0,,,,0
lower26,regex,1024,32,10000,0.90,66,1,1,1356,144,48,0
lower26,regex,1024,32,10000,0.90,66,0,0,,,,0
lower26,regex,1024,32,10000,0.90,67,1,1,1356,144,48,0
lower26,regex,1024,32,10000,0.90,67,0,0,,,,0
lower26,regex,1024,32,10000,0.90,68,1,1,1356,144,48,0
lower26,regex,1024,32,10000,0.90,68,0,0,,,,0
lower26,regex,1024,32,10000,0.90,69,1,1,1356,144,48,0
lower26,regex,1024,32,10000,0.90,69,0,0,,,,0
lower26,regex,1024,32,10000,0.90,70,1,1,1356,144,48,0
lower26,regex,1024,32,10000,0.90,70,0,0,,,,0
lower26,regex,1024,32,10000,0.90,71,1,1,1356,144,48,0
lower26,regex,1024,32,10000,0.90,71,0,0,,,,0
lower26,regex,1024,32,10000,0.90,72,1,1,1356,144,48,0
lower26,regex,1024,32,10000,0.90,72,0,0,,,,0
lower26,regex,1024,32,10000,0.90,73,1,1,1356,144,48,0
lower26,regex,1024,32,10000,0.90,73,0,0,,,,0
lower26,regex,1024,32,10000,0.90,74,1,1,1356,144,48,0
lower26,regex,1024,32,10000,0.90,74,0,0,,,,0
lower26,regex,1024,32,10000,0.90,75,1,1,1356,144,48,0
lower26,regex,1024,32,10000,0.90,75,0,0,,,,0
lower26,regex,1024,32,10000,0.90,76,1,1,1356,144,48,0
lower26,regex,1024,32,10000,0.90,76,0,0,,,,0
lower26,regex,1024,32,10000,0.90,77,1,1,1356,144,48,0
lower26,regex,1024,32,10000,0.90,77,0,0,,,,0
lower26,regex,1024,32,10000,0.90,78,1,1,1356,144,48,0
lower26,regex,1024,32,10000,0.90,78,0,0,,,,0
lower26,regex,1024,32,10000,0.90,79,1,1,1356,144,48,0
lower26,regex,1024,32,10000,0.90,79,0,0,,,,0
lower26,regex,1024,32,10000,0.90,80,1,1,1356,144,48,0
lower26,regex,1024,32,10000,0.90,80,0,0,,,,0
lower26,regex,1024,32,10000,0.90,81,1,1,1356,144,48,0
lower26,regex,1024,32,10000,0.90,81,0,0,,,,0
lower26,regex,1024,32,10000,0.90,82,1,1,1356,144,48,0
lower26,regex,1024,32,10000,0.90,82,0,0,,,,0
lower26,regex,1024,32,10000,0.90,83,1,1,1356,144,48,0
lower26,regex,1024,32,10000,0.90,83,0,0,,,,0
lower26,regex,1024,32,10000,0.90,84,1,1,1356,144,48,0
lower26,regex,1024,32,10000,0.90,84,0,0,,,,0
lower26,regex,1024,32,10000,0.90,85,1,1,1356,144,48,0
lower26,regex,1024,32,10000,0.90,85,0,0,,,,0
lower26,regex,1024,32,10000,0.90,86,1,1,1356,144,48,0
lower26,regex,1024,32,10000,0.90,86,0,0,,,,0
lower26,regex,1024,32,10000,0.90,87,1,1,1356,144,48,0
lower26,regex,1024,32,10000,0.90,87,0,0,,,,0
lower26,regex,1024,32,10000,0.90,88,1,1,1356,144,48,0
lower26,regex,1024,32,10000,0.90,88,0,0,,,,0
lower26,regex,1024,32,10000,0.90,89,1,1,1356,144,48,0
lower26,regex,1024,32,10000,0.90,89,0,0,,,,0
lower26,regex,1024,32,10000,0.90,90,1,1,1356,144,48,0
lower26,regex,1024,32,10000,0.90,90,0,0,,,,0
lower26,regex,1024,32,10000,0.90,91,1,1,1356,144,48,0
lower26,regex,1024,32,10000,0.90,91,0,0,,,,0
lower26,regex,1024,32,10000,0.90,92,1,1,1356,144,48,0
lower26,regex,1024,32,10000,0.90,92,0,0,,,,0
lower26,regex,1024,32,10000,0.90,93,1,1,1356,144,48,0
lower26,regex,1024,32,10000,0.90,93,0,0,,,,0
lower26,regex,1024,32,10000,0.90,94,1,1,1356,144,48,0
lower26,regex,1024,32,10000,0.90,94,0,0,,,,0
lower26,regex,1024,32,10000,0.90,95,1,1,1356,144,48,0
lower26,regex,1024,32,10000,0.90,95,0,0,,,,0
lower26,regex,1024,32,10000,0.90,96,1,1,1356,144,48,0
lower26,regex,1024,32,10000,0.90,96,0,0,,,,0
lower26,regex,1024,32,10000,0.90,97,1,1,1356,144,48,0
lower26,regex,1024,32,10000,0.90,97,0,0,,,,0
lower26,regex,1024,32,10000,0.90,98,1,1,1356,144,48,0
lower26,regex,1024,32,10000,0.90,98,0,0,,,,0
lower26,regex,1024,32,10000,0.90,99,1,1,1356,144,48,0
lower26,regex,1024,32,10000,0.90,99,0,0,,,,0
lower26,regex,1024,32,10000,0.90,100,1,1,1356,144,48,0
lower26,regex,1024,32,10000,0.90,100,0,0,,,,0
lower26,regex,1024,32,10000,0.95,1,1,1,1356,144,48,0
lower26,regex,1024,32,10000,0.95,1,0,0,,,,0
lower26,regex,1024,32,10000,0.95,2,1,1,1356,144,48,0
lower26,regex,1024,32,10000,0.95,2,0,0,,,,0
lower26,regex,1024,32,10000,0.95,3,1,1,1356,144,48,0
lower26,regex,1024,32,10000,0.95,3,0,0,,,,0
lower26,regex,1024,32,10000,0.95,4,1,1,1356,144,48,0
lower26,regex,1024,32,10000,0.95,4,0,0,,,,0
lower26,regex,1024,32,10000,0.95,5,1,1,1356,144,48,0
lower26,regex,1024,32,10000,0.95,5,0,0,,,,0
lower26,regex,1024,32,10000,0.95,6,1,1,1356,144,48,0
lower26,regex,1024,32,10000,0.95,6,0,0,,,,0
lower26,regex,1024,32,10000,0.95,7,1,1,1356,144,48,0
lower26,regex,1024,32,10000,0.95,7,0,0,,,,0
lower26,regex,1024,32,10000,0.95,8,1,1,1356,144,48,0
lower26,regex,1024,32,10000,0.95,8,0,0,,,,0
lower26,regex,1024,32,10000,0.95,9,1,1,1356,144,48,0
lower26,regex,1024,32,10000,0.95,9,0,0,,,,0
lower26,regex,1024,32,10000,0.95,10,1,1,1356,144,48,0
lower26,regex,1024,32,10000,0.95,10,0,0,,,,0
lower26,regex,1024,32,10000,0.95,11,1,1,1356,144,48,0
lower26,regex,1024,32,10000,0.95,11,0,0,,,,0
lower26,regex,1024,32,10000,0.95,12,1,1,1356,144,48,0
lower26,regex,1024,32,10000,0.95,12,0,0,,,,0
lower26,regex,1024,32,10000,0.95,13,1,1,1356,144,48,0
lower26,regex,1024,32,10000,0.95,13,0,0,,,,0
lower26,regex,1024,32,10000,0.95,14,1,1,1356,144,48,0
lower26,regex,1024,32,10000,0.95,14,0,0,,,,0
lower26,regex,1024,32,10000,0.95,15,1,1,1356,144,48,0
lower26,regex,1024,32,10000,0.95,15,0,0,,,,0
lower26,regex,1024,32,10000,0.95,16,1,1,1356,144,48,0
lower26,regex,1024,32,10000,0.95,16,0,0,,,,0
lower26,regex,1024,32,10000,0.95,17,1,1,1356,144,48,0
lower26,regex,1024,32,10000,0.95,17,0,0,,,,0
lower26,regex,1024,32,10000,0.95,18,1,1,1356,144,48,0
lower26,regex,1024,32,10000,0.95,18,0,0,,,,0
lower26,regex,1024,32,10000,0.95,19,1,1,1356,144,48,0
lower26,regex,1024,32,10000,0.95,19,0,0,,,,0
lower26,regex,1024,32,10000,0.95,20,1,1,1356,144,48,0
lower26,regex,1024,32,10000,0.95,20,0,0,,,,0
lower26,regex,1024,32,10000,0.95,21,1,1,1356,144,48,0
lower26,regex,1024,32,10000,0.95,21,0,0,,,,0
lower26,regex,1024,32,10000,0.95,22,1,1,1356,144,48,0
lower26,regex,1024,32,10000,0.95,22,0,0,,,,0
lower26,regex,1024,32,10000,0.95,23,1,1,1356,144,48,0
lower26,regex,1024,32,10000,0.95,23,0,0,,,,0
lower26,regex,1024,32,10000,0.95,24,1,1,1356,144,48,0
lower26,regex,1024,32,10000,0.95,24,0,0,,,,0
lower26,regex,1024,32,10000,0.95,25,1,1,1356,144,48,0
lower26,regex,1024,32,10000,0.95,25,0,0,,,,0
lower26,regex,1024,32,10000,0.95,26,1,1,1356,144,48,0
lower26,regex,1024,32,10000,0.95,26,0,0,,,,0
lower26,regex,1024,32,10000,0.95,27,1,1,1356,144,48,0
lower26,regex,1024,32,10000,0.95,27,0,0,,,,0
lower26,regex,1024,32,10000,0.95,28,1,1,1356,144,48,0
lower26,regex,1024,32,10000,0.95,28,0,0,,,,0
lower26,regex,1024,32,10000,0.95,29,1,1,1356,144,48,0
lower26,regex,1024,32,10000,0.95,29,0,0,,,,0
lower26,regex,1024,32,10000,0.95,30,1,1,1356,144,48,0
lower26,regex,1024,32,10000,0.95,30,0,0,,,,0
lower26,regex,1024,32,10000,0.95,31,1,1,1356,144,48,0
lower26,regex,1024,32,10000,0.95,31,0,0,,,,0
lower26,regex,1024,32,10000,0.95,32,1,1,1356,144,48,0
lower26,regex,1024,32,10000,0.95,32,0,0,,,,0
lower26,regex,1024,32,10000,0.95,33,1,1,1356,144,48,0
lower26,regex,1024,32,10000,0.95,33,0,0,,,,0
lower26,regex,1024,32,10000,0.95,34,1,1,1356,144,48,0
lower26,regex,1024,32,10000,0.95,34,0,0,,,,0
lower26,regex,1024,32,10000,0.95,35,1,1,1356,144,48,0
lower26,regex,1024,32,10000,0.95,35,0,0,,,,0
lower26,regex,1024,32,10000,0.95,36,1,1,1356,144,48,0
lower26,regex,1024,32,10000,0.95,36,0,0,,,,0
lower26,regex,1024,32,10000,0.95,37,1,1,1356,144,48,0
lower26,regex,1024,32,10000,0.95,37,0,0,,,,0
lower26,regex,1024,32,10000,0.95,38,1,1,1356,144,48,0
lower26,regex,1024,32,10000,0.95,38,0,0,,,,0
lower26,regex,1024,32,10000,0.95,39,1,1,1356,144,48,0
lower26,regex,1024,32,10000,0.95,39,0,0,,,,0
lower26,regex,1024,32,10000,0.95,40,1,1,1356,144,48,0
lower26,regex,1024,32,10000,0.95,40,0,0,,,,0
lower26,regex,1024,32,10000,0.95,41,1,1,1356,144,48,0
lower26,regex,1024,32,10000,0.95,41,0,0,,,,0
lower26,regex,1024,32,10000,0.95,42,1,1,1356,144,48,0
lower26,regex,1024,32,10000,0.95,42,0,0,,,,0
lower26,regex,1024,32,10000,0.95,43,1,1,1356,144,48,0
lower26,regex,1024,32,10000,0.95,43,0,0,,,,0
lower26,regex,1024,32,10000,0.95,44,1,1,1356,144,48,0
lower26,regex,1024,32,10000,0.95,44,0,0,,,,0
lower26,regex,1024,32,10000,0.95,45,1,1,1356,144,48,0
lower26,regex,1024,32,10000,0.95,45,0,0,,,,0
lower26,regex,1024,32,10000,0.95,46,1,1,1356,144,48,0
lower26,regex,1024,32,10000,0.95,46,0,0,,,,0
lower26,regex,1024,32,10000,0.95,47,1,1,1356,144,48,0
lower26,regex,1024,32,10000,0.95,47,0,0,,,,0
lower26,regex,1024,32,10000,0.95,48,1,1,1356,144,48,0
lower26,regex,1024,32,10000,0.95,48,0,0,,,,0
lower26,regex,1024,32,10000,0.95,49,1,1,1356,144,48,0
lower26,regex,1024,32,10000,0.95,49,0,0,,,,0
lower26,regex,1024,32,10000,0.95,50,1,1,1356,144,48,0
lower26,regex,1024,32,10000,0.95,50,0,0,,,,0
lower26,regex,1024,32,10000,0.95,51,1,1,1356,144,48,0
lower26,regex,1024,32,10000,0.95,51,0,0,,,,0
lower26,regex,1024,32,10000,0.95,52,1,1,1356,144,48,0
lower26,regex,1024,32,10000,0.95,52,0,0,,,,0
lower26,regex,1024,32,10000,0.95,53,1,1,1356,144,48,0
lower26,regex,1024,32,10000,0.95,53,0,0,,,,0
lower26,regex,1024,32,10000,0.95,54,1,1,1356,144,48,0
lower26,regex,1024,32,10000,0.95,54,0,0,,,,0
lower26,regex,1024,32,10000,0.95,55,1,1,1356,144,48,0
lower26,regex,1024,32,10000,0.95,55,0,0,,,,0
lower26,regex,1024,32,10000,0.95,56,1,1,1356,144,48,0
lower26,regex,1024,32,10000,0.95,56,0,0,,,,0
lower26,regex,1024,32,10000,0.95,57,1,1,1356,144,48,0
lower26,regex,1024,32,10000,0.95,57,0,0,,,,0
lower26,regex,1024,32,10000,0.95,58,1,1,1356,144,48,0
lower26,regex,1024,32,10000,0.95,58,0,0,,,,0
lower26,regex,1024,32,10000,0.95,59,1,1,1356,144,48,0
lower26,regex,1024,32,10000,0.95,59,0,0,,,,0
lower26,regex,1024,32,10000,0.95,60,1,1,1356,144,48,0
lower26,regex,1024,32,10000,0.95,60,0,0,,,,0
lower26,regex,1024,32,10000,0.95,61,1,1,1356,144,48,0
lower26,regex,1024,32,10000,0.95,61,0,0,,,,0
lower26,regex,1024,32,10000,0.95,62,1,1,1356,144,48,0
lower26,regex,1024,32,10000,0.95,62,0,0,,,,0
lower26,regex,1024,32,10000,0.95,63,1,1,1356,144,48,0
lower26,regex,1024,32,10000,0.95,63,0,0,,,,0
lower26,regex,1024,32,10000,0.95,64,1,1,1356,144,48,0
lower26,regex,1024,32,10000,0.95,64,0,0,,,,0
lower26,regex,1024,32,10000,0.95,65,1,1,1356,144,48,0
lower26,regex,1024,32,10000,0.95,65,0,0,,,,0
lower26,regex,1024,32,10000,0.95,66,1,1,1356,144,48,0
lower26,regex,1024,32,10000,0.95,66,0,0,,,,0
lower26,regex,1024,32,10000,0.95,67,1,1,1356,144,48,0
lower26,regex,1024,32,10000,0.95,67,0,0,,,,0
lower26,regex,1024,32,10000,0.95,68,1,1,1356,144,48,0
lower26,regex,1024,32,10000,0.95,68,0,0,,,,0
lower26,regex,1024,32,10000,0.95,69,1,1,1356,144,48,0
lower26,regex,1024,32,10000,0.95,69,0,0,,,,0
lower26,regex,1024,32,10000,0.95,70,1,1,1356,144,48,0
lower26,regex,1024,32,10000,0.95,70,0,0,,,,0
lower26,regex,1024,32,10000,0.95,71,1,1,1356,144,48,0
lower26,regex,1024,32,10000,0.95,71,0,0,,,,0
lower26,regex,1024,32,10000,0.95,72,1,1,1356,144,48,0
lower26,regex,1024,32,10000,0.95,72,0,0,,,,0
lower26,regex,1024,32,10000,0.95,73,1,1,1356,144,48,0
lower26,regex,1024,32,10000,0.95,73,0,0,,,,0
lower26,regex,1024,32,10000,0.95,74,1,1,1356,144,48,0
lower26,regex,1024,32,10000,0.95,74,0,0,,,,0
lower26,regex,1024,32,10000,0.95,75,1,1,1356,144,48,0
lower26,regex,1024,32,10000,0.95,75,0,0,,,,0
lower26,regex,1024,32,10000,0.95,76,1,1,1356,144,48,0
lower26,regex,1024,32,10000,0.95,76,0,0,,,,0
lower26,regex,1024,32,10000,0.95,77,1,1,1356,144,48,0
lower26,regex,1024,32,10000,0.95,77,0,0,,,,0
lower26,regex,1024,32,10000,0.95,78,1,1,1356,144,48,0
lower26,regex,1024,32,10000,0.95,78,0,0,,,,0
lower26,regex,1024,32,10000,0.95,79,1,1,1356,144,48,0
lower26,regex,1024,32,10000,0.95,79,0,0,,,,0
lower26,regex,1024,32,10000,0.95,80,1,1,1356,144,48,0
lower26,regex,1024,32,10000,0.95,80,0,0,,,,0
lower26,regex,1024,32,10000,0.95,81,1,1,1356,144,48,0
lower26,regex,1024,32,10000,0.95,81,0,0,,,,0
lower26,regex,1024,32,10000,0.95,82,1,1,1356,144,48,0
lower26,regex,1024,32,10000,0.95,82,0,0,,,,0
lower26,regex,1024,32,10000,0.95,83,1,1,1356,144,48,0
lower26,regex,1024,32,10000,0.95,83,0,0,,,,0
lower26,regex,1024,32,10000,0.95,84,1,1,1356,144,48,0
lower26,regex,1024,32,10000,0.95,84,0,0,,,,0
lower26,regex,1024,32,10000,0.95,85,1,1,1356,144,48,0
lower26,regex,1024,32,10000,0.95,85,0,0,,,,0
lower26,regex,1024,32,10000,0.95,86,1,1,1356,144,48,0
lower26,regex,1024,32,10000,0.95,86,0,0,,,,0
lower26,regex,1024,32,10000,0.95,87,1,1,1356,144,48,0
lower26,regex,1024,32,10000,0.95,87,0,0,,,,0
lower26,regex,1024,32,10000,0.95,88,1,1,1356,144,48,0
lower26,regex,1024,32,10000,0.95,88,0,0,,,,0
lower26,regex,1024,32,10000,0.95,89,1,1,1356,144,48,0
lower26,regex,1024,32,10000,0.95,89,0,0,,,,0
lower26,regex,1024,32,10000,0.95,90,1,1,1356,144,48,0
lower26,regex,1024,32,10000,0.95,90,0,0,,,,0
lower26,regex,1024,32,10000,0.95,91,1,1,1356,144,48,0
lower26,regex,1024,32,10000,0.95,91,0,0,,,,0
lower26,regex,1024,32,10000,0.95,92,1,1,1356,144,48,0
lower26,regex,1024,32,10000,0.95,92,0,0,,,,0
lower26,regex,1024,32,10000,0.95,93,1,1,1356,144,48,0
lower26,regex,1024,32,10000,0.95,93,0,0,,,,0
lower26,regex,1024,32,10000,0.95,94,1,1,1356,144,48,0
lower26,regex,1024,32,10000,0.95,94,0,0,,,,0
lower26,regex,1024,32,10000,0.95,95,1,1,1356,144,48,0
lower26,regex,1024,32,10000,0.95,95,0,0,,,,0
lower26,regex,1024,32,10000,0.95,96,1,1,1356,144,48,0
lower26,regex,1024,32,10000,0.95,96,0,0,,,,0
lower26,regex,1024,32,10000,0.95,97,1,1,1356,144,48,0
lower26,regex,1024,32,10000,0.95,97,0,0,,,,0
lower26,regex,1024,32,10000,0.95,98,1,1,1356,144,48,0
lower26,regex,1024,32,10000,0.95,98,0,0,,,,0
lower26,regex,1024,32,10000,0.95,99,1,1,1356,144,48,0
lower26,regex,1024,32,10000,0.95,99,0,0,,,,0
lower26,regex,1024,32,10000,0.95,100,1,1,1356,144,48,0
lower26,regex,1024,32,10000,0.95,100,0,0,,,,0
ascii95,literal,512,16,10000,0.50,1,1,1,1356,9,8,0
ascii95,literal,512,16,10000,0.50,1,0,0,,,,0
ascii95,literal,512,16,10000,0.50,2,1,1,1356,9,8,0
ascii95,literal,512,16,10000,0.50,2,0,0,,,,0
ascii95,literal,512,16,10000,0.50,3,1,1,1356,9,8,0
ascii95,literal,512,16,10000,0.50,3,0,0,,,,0
ascii95,literal,512,16,10000,0.50,4,1,1,1356,9,8,0
ascii95,literal,512,16,10000,0.50,4,0,0,,,,0
ascii95,literal,512,16,10000,0.50,5,1,1,1356,9,8,0
ascii95,literal,512,16,10000,0.50,5,0,0,,,,0
ascii95,literal,512,16,10000,0.50,6,1,1,1356,9,8,0
ascii95,literal,512,16,10000,0.50,6,0,0,,,,0
ascii95,literal,512,16,10000,0.50,7,1,1,1356,9,8,0
ascii95,literal,512,16,10000,0.50,7,0,0,,,,0
ascii95,literal,512,16,10000,0.50,8,1,1,1356,9,8,0
ascii95,literal,512,16,10000,0.50,8,0,0,,,,0
ascii95,literal,512,16,10000,0.50,9,1,1,1356,9,8,0
ascii95,literal,512,16,10000,0.50,9,0,0,,,,0
ascii95,literal,512,16,10000,0.50,10,1,1,1356,9,8,0
ascii95,literal,512,16,10000,0.50,10,0,0,,,,0
ascii95,literal,512,16,10000,0.50,11,1,1,1356,9,8,0
ascii95,literal,512,16,10000,0.50,11,0,0,,,,0
ascii95,literal,512,16,10000,0.50,12,1,1,1356,9,8,0
ascii95,literal,512,16,10000,0.50,12,0,0,,,,0
ascii95,literal,512,16,10000,0.50,13,1,1,1356,9,8,0
ascii95,literal,512,16,10000,0.50,13,0,0,,,,0
ascii95,literal,512,16,10000,0.50,14,1,1,1356,9,8,0
ascii95,literal,512,16,10000,0.50,14,0,0,,,,0
ascii95,literal,512,16,10000,0.50,15,1,1,1356,9,8,0
ascii95,literal,512,16,10000,0.50,15,0,0,,,,0
ascii95,literal,512,16,10000,0.50,16,1,1,1356,9,8,0
ascii95,literal,512,16,10000,0.50,16,0,0,,,,0
ascii95,literal,512,16,10000,0.50,17,1,1,1356,9,8,0
ascii95,literal,512,16,10000,0.50,17,0,0,,,,0
ascii95,literal,512,16,10000,0.50,18,1,1,1356,9,8,0
ascii95,literal,512,16,10000,0.50,18,0,0,,,,0
ascii95,literal,512,16,10000,0.50,19,1,1,1356,9,8,0
ascii95,literal,512,16,10000,0.50,19,0,0,,,,0
ascii95,literal,512,16,10000,0.50,20,1,1,1356,9,8,0
ascii95,literal,512,16,10000,0.50,20,0,0,,,,0
ascii95,literal,512,16,10000,0.50,21,1,1,1356,9,8,0
ascii95,literal,512,16,10000,0.50,21,0,0,,,,0
ascii95,literal,512,16,10000,0.50,22,1,1,1356,9,8,0
ascii95,literal,512,16,10000,0.50,22,0,0,,,,0
ascii95,literal,512,16,10000,0.50,23,1,1,1356,9,8,0
ascii95,literal,512,16,10000,0.50,23,0,0,,,,0
ascii95,literal,512,16,10000,0.50,24,1,1,1356,9,8,0
ascii95,literal,512,16,10000,0.50,24,0,0,,,,0
ascii95,literal,512,16,10000,0.50,25,1,1,1356,9,8,0
ascii95,literal,512,16,10000,0.50,25,0,0,,,,0
ascii95,literal,512,16,10000,0.50,26,1,1,1356,9,8,0
ascii95,literal,512,16,10000,0.50,26,0,0,,,,0
ascii95,literal,512,16,10000,0.50,27,1,1,1356,9,8,0
ascii95,literal,512,16,10000,0.50,27,0,0,,,,0
ascii95,literal,512,16,10000,0.50,28,1,1,1356,9,8,0
ascii95,literal,512,16,10000,0.50,28,0,0,,,,0
ascii95,literal,512,16,10000,0.50,29,1,1,1356,9,8,0
ascii95,literal,512,16,10000,0.50,29,0,0,,,,0
ascii95,literal,512,16,10000,0.50,30,1,1,1356,9,8,0
ascii95,literal,512,16,10000,0.50,30,0,0,,,,0
ascii95,literal,512,16,10000,0.50,31,1,1,1356,9,8,0
ascii95,literal,512,16,10000,0.50,31,0,0,,,,0
ascii95,literal,512,16,10000,0.50,32,1,1,1356,9,8,0
ascii95,literal,512,16,10000,0.50,32,0,0,,,,0
ascii95,literal,512,16,10000,0.50,33,1,1,1356,9,8,0
ascii95,literal,512,16,10000,0.50,33,0,0,,,,0
ascii95,literal,512,16,10000,0.50,34,1,1,1356,9,8,0
ascii95,literal,512,16,10000,0.50,34,0,0,,,,0
ascii95,literal,512,16,10000,0.50,35,1,1,1356,9,8,0
ascii95,literal,512,16,10000,0.50,35,0,0,,,,0
ascii95,literal,512,16,10000,0.50,36,1,1,1356,9,8,0
ascii95,literal,512,16,10000,0.50,36,0,0,,,,0
ascii95,literal,512,16,10000,0.50,37,1,1,1356,9,8,0
ascii95,literal,512,16,10000,0.50,37,0,0,,,,0
ascii95,literal,512,16,10000,0.50,38,1,1,1356,9,8,0
ascii95,literal,512,16,10000,0.50,38,0,0,,,,0
ascii95,literal,512,16,10000,0.50,39,1,1,1356,9,8,0
ascii95,literal,512,16,10000,0.50,39,0,0,,,,0
ascii95,literal,512,16,10000,0.50,40,1,1,1356,9,8,0
ascii95,literal,512,16,10000,0.50,40,0,0,,,,0
ascii95,literal,512,16,10000,0.50,41,1,1,1356,9,8,0
ascii95,literal,512,16,10000,0.50,41,0,0,,,,0
ascii95,literal,512,16,10000,0.50,42,1,1,1356,9,8,0
ascii95,literal,512,16,10000,0.50,42,0,0,,,,0
ascii95,literal,512,16,10000,0.50,43,1,1,1356,9,8,0
ascii95,literal,512,16,10000,0.50,43,0,0,,,,0
ascii95,literal,512,16,10000,0.50,44,1,1,1356,9,8,0
ascii95,literal,512,16,10000,0.50,44,0,0,,,,0
ascii95,literal,512,16,10000,0.50,45,1,1,1356,9,8,0
ascii95,literal,512,16,10000,0.50,45,0,0,,,,0
ascii95,literal,512,16,10000,0.50,46,1,1,1356,9,8,0
ascii95,literal,512,16,10000,0.50,46,0,0,,,,0
ascii95,literal,512,16,10000,0.50,47,1,1,1356,9,8,0
ascii95,literal,512,16,10000,0.50,47,0,0,,,,0
ascii95,literal,512,16,10000,0.50,48,1,1,1356,9,8,0
ascii95,literal,512,16,10000,0.50,48,0,0,,,,0
ascii95,literal,512,16,10000,0.50,49,1,1,1356,9,8,0
ascii95,literal,512,16,10000,0.50,49,0,0,,,,0
ascii95,literal,512,16,10000,0.50,50,1,1,1356,9,8,0
ascii95,literal,512,16,10000,0.50,50,0,0,,,,0
ascii95,literal,512,16,10000,0.50,51,1,1,1356,9,8,0
ascii95,literal,512,16,10000,0.50,51,0,0,,,,0
ascii95,literal,512,16,10000,0.50,52,1,1,1356,9,8,0
ascii95,literal,512,16,10000,0.50,52,0,0,,,,0
ascii95,literal,512,16,10000,0.50,53,1,1,1356,9,8,0
ascii95,literal,512,16,10000,0.50,53,0,0,,,,0
ascii95,literal,512,16,10000,0.50,54,1,1,1356,9,8,0
ascii95,literal,512,16,10000,0.50,54,0,0,,,,0
ascii95,literal,512,16,10000,0.50,55,1,1,1356,9,8,0
ascii95,literal,512,16,10000,0.50,55,0,0,,,,0
ascii95,literal,512,16,10000,0.50,56,1,1,1356,9,8,0
ascii95,literal,512,16,10000,0.50,56,0,0,,,,0
ascii95,literal,512,16,10000,0.50,57,1,1,1356,9,8,0
ascii95,literal,512,16,10000,0.50,57,0,0,,,,0
ascii95,literal,512,16,10000,0.50,58,1,1,1356,9,8,0
ascii95,literal,512,16,10000,0.50,58,0,0,,,,0
ascii95,literal,512,16,10000,0.50,59,1,1,1356,9,8,0
ascii95,literal,512,16,10000,0.50,59,0,0,,,,0
ascii95,literal,512,16,10000,0.50,60,1,1,1356,9,8,0
ascii95,literal,512,16,10000,0.50,60,0,0,,,,0
ascii95,literal,512,16,10000,0.50,61,1,1,1356,9,8,0
ascii95,literal,512,16,10000,0.50,61,0,0,,,,0
ascii95,literal,512,16,10000,0.50,62,1,1,1356,9,8,0
ascii95,literal,512,16,10000,0.50,62,0,0,,,,0
ascii95,literal,512,16,10000,0.50,63,1,1,1356,9,8,0
ascii95,literal,512,16,10000,0.50,63,0,0,,,,0
ascii95,literal,512,16,10000,0.50,64,1,1,1356,9,8,0
ascii95,literal,512,16,10000,0.50,64,0,0,,,,0
ascii95,literal,512,16,10000,0.50,65,1,1,1356,9,8,0
ascii95,literal,512,16,10000,0.50,65,0,0,,,,0
ascii95,literal,512,16,10000,0.50,66,1,1,1356,9,8,0
ascii95,literal,512,16,10000,0.50,66,0,0,,,,0
ascii95,literal,512,16,10000,0.50,67,1,1,1356,9,8,0
ascii95,literal,512,16,10000,0.50,67,0,0,,,,0
ascii95,literal,512,16,10000,0.50,68,1,1,1356,9,8,0
ascii95,literal,512,16,10000,0.50,68,0,0,,,,0
ascii95,literal,512,16,10000,0.50,69,1,1,1356,9,8,0
ascii95,literal,512,16,10000,0.50,69,0,0,,,,0
ascii95,literal,512,16,10000,0.50,70,1,1,1356,9,8,0
ascii95,literal,512,16,10000,0.50,70,0,0,,,,0
ascii95,literal,512,16,10000,0.50,71,1,1,1356,9,8,0
ascii95,literal,512,16,10000,0.50,71,0,0,,,,0
ascii95,literal,512,16,10000,0.50,72,1,1,1356,9,8,0
ascii95,literal,512,16,10000,0.50,72,0,0,,,,0
ascii95,literal,512,16,10000,0.50,73,1,1,1356,9,8,0
ascii95,literal,512,16,10000,0.50,73,0,0,,,,0
ascii95,literal,512,16,10000,0.50,74,1,1,1356,9,8,0
ascii95,literal,512,16,10000,0.50,74,0,0,,,,0
ascii95,literal,512,16,10000,0.50,75,1,1,1356,9,8,0
ascii95,literal,512,16,10000,0.50,75,0,0,,,,0
ascii95,literal,512,16,10000,0.50,76,1,1,1356,9,8,0
ascii95,literal,512,16,10000,0.50,76,0,0,,,,0
ascii95,literal,512,16,10000,0.50,77,1,1,1356,9,8,0
ascii95,literal,512,16,10000,0.50,77,0,0,,,,0
ascii95,literal,512,16,10000,0.50,78,1,1,1356,9,8,0
ascii95,literal,512,16,10000,0.50,78,0,0,,,,0
ascii95,literal,512,16,10000,0.50,79,1,1,1356,9,8,0
ascii95,literal,512,16,10000,0.50,79,0,0,,,,0
ascii95,literal,512,16,10000,0.50,80,1,1,1356,9,8,0
ascii95,literal,512,16,10000,0.50,80,0,0,,,,0
ascii95,literal,512,16,10000,0.50,81,1,1,1356,9,8,0
ascii95,literal,512,16,10000,0.50,81,0,0,,,,0
ascii95,literal,512,16,10000,0.50,82,1,1,1356,9,8,0
ascii95,literal,512,16,10000,0.50,82,0,0,,,,0
ascii95,literal,512,16,10000,0.50,83,1,1,1356,9,8,0
ascii95,literal,512,16,10000,0.50,83,0,0,,,,0
ascii95,literal,512,16,10000,0.50,84,1,1,1356,9,8,0
ascii95,literal,512,16,10000,0.50,84,0,0,,,,0
ascii95,literal,512,16,10000,0.50,85,1,1,1356,9,8,0
ascii95,literal,512,16,10000,0.50,85,0,0,,,,0
ascii95,literal,512,16,10000,0.50,86,1,1,1356,9,8,0
ascii95,literal,512,16,10000,0.50,86,0,0,,,,0
ascii95,literal,512,16,10000,0.50,87,1,1,1356,9,8,0
ascii95,literal,512,16,10000,0.50,87,0,0,,,,0
ascii95,literal,512,16,10000,0.50,88,1,1,1356,9,8,0
ascii95,literal,512,16,10000,0.50,88,0,0,,,,0
ascii95,literal,512,16,10000,0.50,89,1,1,1356,9,8,0
ascii95,literal,512,16,10000,0.50,89,0,0,,,,0
ascii95,literal,512,16,10000,0.50,90,1,1,1356,9,8,0
ascii95,literal,512,16,10000,0.50,90,0,0,,,,0
ascii95,literal,512,16,10000,0.50,91,1,1,1356,9,8,0
ascii95,literal,512,16,10000,0.50,91,0,0,,,,0
ascii95,literal,512,16,10000,0.50,92,1,1,1356,9,8,0
ascii95,literal,512,16,10000,0.50,92,0,0,,,,0
ascii95,literal,512,16,10000,0.50,93,1,1,1356,9,8,0
ascii95,literal,512,16,10000,0.50,93,0,0,,,,0
ascii95,literal,512,16,10000,0.50,94,1,1,1356,9,8,0
ascii95,literal,512,16,10000,0.50,94,0,0,,,,0
ascii95,literal,512,16,10000,0.50,95,1,1,1356,9,8,0
ascii95,literal,512,16,10000,0.50,95,0,0,,,,0
ascii95,literal,512,16,10000,0.50,96,1,1,1356,9,8,0
ascii95,literal,512,16,10000,0.50,96,0,0,,,,0
ascii95,literal,512,16,10000,0.50,97,1,1,1356,9,8,0
ascii95,literal,512,16,10000,0.50,97,0,0,,,,0
ascii95,literal,512,16,10000,0.50,98,1,1,1356,9,8,0
ascii95,literal,512,16,10000,0.50,98,0,0,,,,0
ascii95,literal,512,16,10000,0.50,99,1,1,1356,9,8,0
ascii95,literal,512,16,10000,0.50,99,0,0,,,,0
ascii95,literal,512,16,10000,0.50,100,1,1,1356,9,8,0
ascii95,literal,512,16,10000,0.50,100,0,0,,,,0
ascii95,literal,512,16,10000,0.60,1,1,1,1356,10,9,0
ascii95,literal,512,16,10000,0.60,1,0,0,,,,0
ascii95,literal,512,16,10000,0.60,2,1,1,1356,10,9,0
ascii95,literal,512,16,10000,0.60,2,0,0,,,,0
ascii95,literal,512,16,10000,0.60,3,1,1,1356,10,9,0
ascii95,literal,512,16,10000,0.60,3,0,0,,,,0
ascii95,literal,512,16,10000,0.60,4,1,1,1356,10,9,0
ascii95,literal,512,16,10000,0.60,4,0,0,,,,0
ascii95,literal,512,16,10000,0.60,5,1,1,1356,10,9,0
ascii95,literal,512,16,10000,0.60,5,0,0,,,,0
ascii95,literal,512,16,10000,0.60,6,1,1,1356,10,9,0
ascii95,literal,512,16,10000,0.60,6,0,0,,,,0
ascii95,literal,512,16,10000,0.60,7,1,1,1356,10,9,0
ascii95,literal,512,16,10000,0.60,7,0,0,,,,0
ascii95,literal,512,16,10000,0.60,8,1,1,1356,10,9,0
ascii95,literal,512,16,10000,0.60,8,0,0,,,,0
ascii95,literal,512,16,10000,0.60,9,1,1,1356,10,9,0
ascii95,literal,512,16,10000,0.60,9,0,0,,,,0
ascii95,literal,512,16,10000,0.60,10,1,1,1356,10,9,0
ascii95,literal,512,16,10000,0.60,10,0,0,,,,0
ascii95,literal,512,16,10000,0.60,11,1,1,1356,10,9,0
ascii95,literal,512,16,10000,0.60,11,0,0,,,,0
ascii95,literal,512,16,10000,0.60,12,1,1,1356,10,9,0
ascii95,literal,512,16,10000,0.60,12,0,0,,,,0
ascii95,literal,512,16,10000,0.60,13,1,1,1356,10,9,0
ascii95,literal,512,16,10000,0.60,13,0,0,,,,0
ascii95,literal,512,16,10000,0.60,14,1,1,1356,10,9,0
ascii95,literal,512,16,10000,0.60,14,0,0,,,,0
ascii95,literal,512,16,10000,0.60,15,1,1,1356,10,9,0
ascii95,literal,512,16,10000,0.60,15,0,0,,,,0
ascii95,literal,512,16,10000,0.60,16,1,1,1356,10,9,0
ascii95,literal,512,16,10000,0.60,16,0,0,,,,0
ascii95,literal,512,16,10000,0.60,17,1,1,1356,10,9,0
ascii95,literal,512,16,10000,0.60,17,0,0,,,,0
ascii95,literal,512,16,10000,0.60,18,1,1,1356,10,9,0
ascii95,literal,512,16,10000,0.60,18,0,0,,,,0
ascii95,literal,512,16,10000,0.60,19,1,1,1356,10,9,0
ascii95,literal,512,16,10000,0.60,19,0,0,,,,0
ascii95,literal,512,16,10000,0.60,20,1,1,1356,10,9,0
ascii95,literal,512,16,10000,0.60,20,0,0,,,,0
ascii95,literal,512,16,10000,0.60,21,1,1,1356,10,9,0
ascii95,literal,512,16,10000,0.60,21,0,0,,,,0
ascii95,literal,512,16,10000,0.60,22,1,1,1356,10,9,0
ascii95,literal,512,16,10000,0.60,22,0,0,,,,0
ascii95,literal,512,16,10000,0.60,23,1,1,1356,10,9,0
ascii95,literal,512,16,10000,0.60,23,0,0,,,,0
ascii95,literal,512,16,10000,0.60,24,1,1,1356,10,9,0
ascii95,literal,512,16,10000,0.60,24,0,0,,,,0
ascii95,literal,512,16,10000,0.60,25,1,1,1356,10,9,0
ascii95,literal,512,16,10000,0.60,25,0,0,,,,0
ascii95,literal,512,16,10000,0.60,26,1,1,1356,10,9,0
ascii95,literal,512,16,10000,0.60,26,0,0,,,,0
ascii95,literal,512,16,10000,0.60,27,1,1,1356,10,9,0
ascii95,literal,512,16,10000,0.60,27,0,0,,,,0
ascii95,literal,512,16,10000,0.60,28,1,1,1356,10,9,0
ascii95,literal,512,16,10000,0.60,28,0,0,,,,0
ascii95,literal,512,16,10000,0.60,29,1,1,1356,10,9,0
ascii95,literal,512,16,10000,0.60,29,0,0,,,,0
ascii95,literal,512,16,10000,0.60,30,1,1,1356,10,9,0
ascii95,literal,512,16,10000,0.60,30,0,0,,,,0
ascii95,literal,512,16,10000,0.60,31,1,1,1356,10,9,0
ascii95,literal,512,16,10000,0.60,31,0,0,,,,0
ascii95,literal,512,16,10000,0.60,32,1,1,1356,10,9,0
ascii95,literal,512,16,10000,0.60,32,0,0,,,,0
ascii95,literal,512,16,10000,0.60,33,1,1,1356,10,9,0
ascii95,literal,512,16,10000,0.60,33,0,0,,,,0
ascii95,literal,512,16,10000,0.60,34,1,1,1356,10,9,0
ascii95,literal,512,16,10000,0.60,34,0,0,,,,0
ascii95,literal,512,16,10000,0.60,35,1,1,1356,10,9,0
ascii95,literal,512,16,10000,0.60,35,0,0,,,,0
ascii95,literal,512,16,10000,0.60,36,1,1,1356,10,9,0
ascii95,literal,512,16,10000,0.60,36,0,0,,,,0
ascii95,literal,512,16,10000,0.60,37,1,1,1356,10,9,0
ascii95,literal,512,16,10000,0.60,37,0,0,,,,0
ascii95,literal,512,16,10000,0.60,38,1,1,1356,10,9,0
ascii95,literal,512,16,10000,0.60,38,0,0,,,,0
ascii95,literal,512,16,10000,0.60,39,1,1,1356,10,9,0
ascii95,literal,512,16,10000,0.60,39,0,0,,,,0
ascii95,literal,512,16,10000,0.60,40,1,1,1356,10,9,0
ascii95,literal,512,16,10000,0.60,40,0,0,,,,0
ascii95,literal,512,16,10000,0.60,41,1,1,1356,10,9,0
ascii95,literal,512,16,10000,0.60,41,0,0,,,,0
ascii95,literal,512,16,10000,0.60,42,1,1,1356,10,9,0
ascii95,literal,512,16,10000,0.60,42,0,0,,,,0
ascii95,literal,512,16,10000,0.60,43,1,1,1356,10,9,0
ascii95,literal,512,16,10000,0.60,43,0,0,,,,0
ascii95,literal,512,16,10000,0.60,44,1,1,1356,10,9,0
ascii95,literal,512,16,10000,0.60,44,0,0,,,,0
ascii95,literal,512,16,10000,0.60,45,1,1,1356,10,9,0
ascii95,literal,512,16,10000,0.60,45,0,0,,,,0
ascii95,literal,512,16,10000,0.60,46,1,1,1356,10,9,0
ascii95,literal,512,16,10000,0.60,46,0,0,,,,0
ascii95,literal,512,16,10000,0.60,47,1,1,1356,10,9,0
ascii95,literal,512,16,10000,0.60,47,0,0,,,,0
ascii95,literal,512,16,10000,0.60,48,1,1,1356,10,9,0
ascii95,literal,512,16,10000,0.60,48,0,0,,,,0
ascii95,literal,512,16,10000,0.60,49,1,1,1356,10,9,0
ascii95,literal,512,16,10000,0.60,49,0,0,,,,0
ascii95,literal,512,16,10000,0.60,50,1,1,1356,10,9,0
ascii95,literal,512,16,10000,0.60,50,0,0,,,,0
ascii95,literal,512,16,10000,0.60,51,1,1,1356,10,9,0
ascii95,literal,512,16,10000,0.60,51,0,0,,,,0
ascii95,literal,512,16,10000,0.60,52,1,1,1356,10,9,0
ascii95,literal,512,16,10000,0.60,52,0,0,,,,0
ascii95,literal,512,16,10000,0.60,53,1,1,1356,10,9,0
ascii95,literal,512,16,10000,0.60,53,0,0,,,,0
ascii95,literal,512,16,10000,0.60,54,1,1,1356,10,9,0
ascii95,literal,512,16,10000,0.60,54,0,0,,,,0
ascii95,literal,512,16,10000,0.60,55,1,1,1356,10,9,0
ascii95,literal,512,16,10000,0.60,55,0,0,,,,0
ascii95,literal,512,16,10000,0.60,56,1,1,1356,10,9,0
ascii95,literal,512,16,10000,0.60,56,0,0,,,,0
ascii95,literal,512,16,10000,0.60,57,1,1,1356,10,9,0
ascii95,literal,512,16,10000,0.60,57,0,0,,,,0
ascii95,literal,512,16,10000,0.60,58,1,1,1356,10,9,0
ascii95,literal,512,16,10000,0.60,58,0,0,,,,0
ascii95,literal,512,16,10000,0.60,59,1,1,1356,10,9,0
ascii95,literal,512,16,10000,0.60,59,0,0,,,,0
ascii95,literal,512,16,10000,0.60,60,1,1,1356,10,9,0
ascii95,literal,512,16,10000,0.60,60,0,0,,,,0
ascii95,literal,512,16,10000,0.60,61,1,1,1356,10,9,0
ascii95,literal,512,16,10000,0.60,61,0,0,,,,0
ascii95,literal,512,16,10000,0.60,62,1,1,1356,10,9,0
ascii95,literal,512,16,10000,0.60,62,0,0,,,,0
ascii95,literal,512,16,10000,0.60,63,1,1,1356,10,9,0
ascii95,literal,512,16,10000,0.60,63,0,0,,,,0
ascii95,literal,512,16,10000,0.60,64,1,1,1356,10,9,0
ascii95,literal,512,16,10000,0.60,64,0,0,,,,0
ascii95,literal,512,16,10000,0.60,65,1,1,1356,10,9,0
ascii95,literal,512,16,10000,0.60,65,0,0,,,,0
ascii95,literal,512,16,10000,0.60,66,1,1,1356,10,9,0
ascii95,literal,512,16,10000,0.60,66,0,0,,,,0
ascii95,literal,512,16,10000,0.60,67,1,1,1356,10,9,0
ascii95,literal,512,16,10000,0.60,67,0,0,,,,0
ascii95,literal,512,16,10000,0.60,68,1,1,1356,10,9,0
ascii95,literal,512,16,10000,0.60,68,0,0,,,,0
ascii95,literal,512,16,10000,0.60,69,1,1,1356,10,9,0
ascii95,literal,512,16,10000,0.60,69,0,0,,,,0
ascii95,literal,512,16,10000,0.60,70,1,1,1356,10,9,0
ascii95,literal,512,16,10000,0.60,70,0,0,,,,0
ascii95,literal,512,16,10000,0.60,71,1,1,1356,10,9,0
ascii95,literal,512,16,10000,0.60,71,0,0,,,,0
ascii95,literal,512,16,10000,0.60,72,1,1,1356,10,9,0
ascii95,literal,512,16,10000,0.60,72,0,0,,,,0
ascii95,literal,512,16,10000,0.60,73,1,1,1356,10,9,0
ascii95,literal,512,16,10000,0.60,73,0,0,,,,0
ascii95,literal,512,16,10000,0.60,74,1,1,1356,10,9,0
ascii95,literal,512,16,10000,0.60,74,0,0,,,,0
ascii95,literal,512,16,10000,0.60,75,1,1,1356,10,9,0
ascii95,literal,512,16,10000,0.60,75,0,0,,,,0
ascii95,literal,512,16,10000,0.60,76,1,1,1356,10,9,0
ascii95,literal,512,16,10000,0.60,76,0,0,,,,0
ascii95,literal,512,16,10000,0.60,77,1,1,1356,10,9,0
ascii95,literal,512,16,10000,0.60,77,0,0,,,,0
ascii95,literal,512,16,10000,0.60,78,1,1,1356,10,9,0
ascii95,literal,512,16,10000,0.60,78,0,0,,,,0
ascii95,literal,512,16,10000,0.60,79,1,1,1356,10,9,0
ascii95,literal,512,16,10000,0.60,79,0,0,,,,0
ascii95,literal,512,16,10000,0.60,80,1,1,1356,10,9,0
ascii95,literal,512,16,10000,0.60,80,0,0,,,,0
ascii95,literal,512,16,10000,0.60,81,1,1,1356,10,9,0
ascii95,literal,512,16,10000,0.60,81,0,0,,,,0
ascii95,literal,512,16,10000,0.60,82,1,1,1356,10,9,0
ascii95,literal,512,16,10000,0.60,82,0,0,,,,0
ascii95,literal,512,16,10000,0.60,83,1,1,1356,10,9,0
ascii95,literal,512,16,10000,0.60,83,0,0,,,,0
ascii95,literal,512,16,10000,0.60,84,1,1,1356,10,9,0
ascii95,literal,512,16,10000,0.60,84,0,0,,,,0
ascii95,literal,512,16,10000,0.60,85,1,1,1356,10,9,0
ascii95,literal,512,16,10000,0.60,85,0,0,,,,0
ascii95,literal,512,16,10000,0.60,86,1,1,1356,10,9,0
ascii95,literal,512,16,10000,0.60,86,0,0,,,,0
ascii95,literal,512,16,10000,0.60,87,1,1,1356,10,9,0
ascii95,literal,512,16,10000,0.60,87,0,0,,,,0
ascii95,literal,512,16,10000,0.60,88,1,1,1356,10,9,0
ascii95,literal,512,16,10000,0.60,88,0,0,,,,0
ascii95,literal,512,16,10000,0.60,89,1,1,1356,10,9,0
ascii95,literal,512,16,10000,0.60,89,0,0,,,,0
ascii95,literal,512,16,10000,0.60,90,1,1,1356,10,9,0
ascii95,literal,512,16,10000,0.60,90,0,0,,,,0
ascii95,literal,512,16,10000,0.60,91,1,1,1356,10,9,0
ascii95,literal,512,16,10000,0.60,91,0,0,,,,0
ascii95,literal,512,16,10000,0.60,92,1,1,1356,10,9,0
ascii95,literal,512,16,10000,0.60,92,0,0,,,,0
ascii95,literal,512,16,10000,0.60,93,1,1,1356,10,9,0
ascii95,literal,512,16,10000,0.60,93,0,0,,,,0
ascii95,literal,512,16,10000,0.60,94,1,1,1356,10,9,0
ascii95,literal,512,16,10000,0.60,94,0,0,,,,0
ascii95,literal,512,16,10000,0.60,95,1,1,1356,10,9,0
ascii95,literal,512,16,10000,0.60,95,0,0,,,,0
ascii95,literal,512,16,10000,0.60,96,1,1,1356,10,9,0
ascii95,literal,512,16,10000,0.60,96,0,0,,,,0
ascii95,literal,512,16,10000,0.60,97,1,1,1356,10,9,0
ascii95,literal,512,16,10000,0.60,97,0,0,,,,0
ascii95,literal,512,16,10000,0.60,98,1,1,1356,10,9,0
ascii95,literal,512,16,10000,0.60,98,0,0,,,,0
ascii95,literal,512,16,10000,0.60,99,1,1,1356,10,9,0
ascii95,literal,512,16,10000,0.60,99,0,0,,,,0
ascii95,literal,512,16,10000,0.60,100,1,1,1356,10,9,0
ascii95,literal,512,16,10000,0.60,100,0,0,,,,0
ascii95,literal,512,16,10000,0.70,1,1,1,1356,12,11,0
ascii95,literal,512,16,10000,0.70,1,0,0,,,,0
ascii95,literal,512,16,10000,0.70,2,1,1,1356,12,11,0
ascii95,literal,512,16,10000,0.70,2,0,0,,,,0
ascii95,literal,512,16,10000,0.70,3,1,1,1356,12,11,0
ascii95,literal,512,16,10000,0.70,3,0,0,,,,0
ascii95,literal,512,16,10000,0.70,4,1,1,1356,12,11,0
ascii95,literal,512,16,10000,0.70,4,0,0,,,,0
ascii95,literal,512,16,10000,0.70,5,1,1,1356,12,11,0
ascii95,literal,512,16,10000,0.70,5,0,0,,,,0
ascii95,literal,512,16,10000,0.70,6,1,1,1356,12,11,0
ascii95,literal,512,16,10000,0.70,6,0,0,,,,0
ascii95,literal,512,16,10000,0.70,7,1,1,1356,12,11,0
ascii95,literal,512,16,10000,0.70,7,0,0,,,,0
ascii95,literal,512,16,10000,0.70,8,1,1,1356,12,11,0
ascii95,literal,512,16,10000,0.70,8,0,0,,,,0
ascii95,literal,512,16,10000,0.70,9,1,1,1356,12,11,0
ascii95,literal,512,16,10000,0.70,9,0,0,,,,0
ascii95,literal,512,16,10000,0.70,10,1,1,1356,12,11,0
ascii95,literal,512,16,10000,0.70,10,0,0,,,,0
ascii95,literal,512,16,10000,0.70,11,1,1,1356,12,11,0
ascii95,literal,512,16,10000,0.70,11,0,0,,,,0
ascii95,literal,512,16,10000,0.70,12,1,1,1356,12,11,0
ascii95,literal,512,16,10000,0.70,12,0,0,,,,0
ascii95,literal,512,16,10000,0.70,13,1,1,1356,12,11,0
ascii95,literal,512,16,10000,0.70,13,0,0,,,,0
ascii95,literal,512,16,10000,0.70,14,1,1,1356,12,11,0
ascii95,literal,512,16,10000,0.70,14,0,0,,,,0
ascii95,literal,512,16,10000,0.70,15,1,1,1356,12,11,0
ascii95,literal,512,16,10000,0.70,15,0,0,,,,0
ascii95,literal,512,16,10000,0.70,16,1,1,1356,12,11,0
ascii95,literal,512,16,10000,0.70,16,0,0,,,,0
ascii95,literal,512,16,10000,0.70,17,1,1,1356,12,11,0
ascii95,literal,512,16,10000,0.70,17,0,0,,,,0
ascii95,literal,512,16,10000,0.70,18,1,1,1356,12,11,0
ascii95,literal,512,16,10000,0.70,18,0,0,,,,0
ascii95,literal,512,16,10000,0.70,19,1,1,1356,12,11,0
ascii95,literal,512,16,10000,0.70,19,0,0,,,,0
ascii95,literal,512,16,10000,0.70,20,1,1,1356,12,11,0
ascii95,literal,512,16,10000,0.70,20,0,0,,,,0
ascii95,literal,512,16,10000,0.70,21,1,1,1356,12,11,0
ascii95,literal,512,16,10000,0.70,21,0,0,,,,0
ascii95,literal,512,16,10000,0.70,22,1,1,1356,12,11,0
ascii95,literal,512,16,10000,0.70,22,0,0,,,,0
ascii95,literal,512,16,10000,0.70,23,1,1,1356,12,11,0
ascii95,literal,512,16,10000,0.70,23,0,0,,,,0
ascii95,literal,512,16,10000,0.70,24,1,1,1356,12,11,0
ascii95,literal,512,16,10000,0.70,24,0,0,,,,0
ascii95,literal,512,16,10000,0.70,25,1,1,1356,12,11,0
ascii95,literal,512,16,10000,0.70,25,0,0,,,,0
ascii95,literal,512,16,10000,0.70,26,1,1,1356,12,11,0
ascii95,literal,512,16,10000,0.70,26,0,0,,,,0
ascii95,literal,512,16,10000,0.70,27,1,1,1356,12,11,0
ascii95,literal,512,16,10000,0.70,27,0,0,,,,0
ascii95,literal,512,16,10000,0.70,28,1,1,1356,12,11,0
ascii95,literal,512,16,10000,0.70,28,0,0,,,,0
ascii95,literal,512,16,10000,0.70,29,1,1,1356,12,11,0
ascii95,literal,512,16,10000,0.70,29,0,0,,,,0
ascii95,literal,512,16,10000,0.70,30,1,1,1356,12,11,0
ascii95,literal,512,16,10000,0.70,30,0,0,,,,0
ascii95,literal,512,16,10000,0.70,31,1,1,1356,12,11,0
ascii95,literal,512,16,10000,0.70,31,0,0,,,,0
ascii95,literal,512,16,10000,0.70,32,1,1,1356,12,11,0
ascii95,literal,512,16,10000,0.70,32,0,0,,,,0
ascii95,literal,512,16,10000,0.70,33,1,1,1356,12,11,0
ascii95,literal,512,16,10000,0.70,33,0,0,,,,0
ascii95,literal,512,16,10000,0.70,34,1,1,1356,12,11,0
ascii95,literal,512,16,10000,0.70,34,0,0,,,,0
ascii95,literal,512,16,10000,0.70,35,1,1,1356,12,11,0
ascii95,literal,512,16,10000,0.70,35,0,0,,,,0
ascii95,literal,512,16,10000,0.70,36,1,1,1356,12,11,0
ascii95,literal,512,16,10000,0.70,36,0,0,,,,0
ascii95,literal,512,16,10000,0.70,37,1,1,1356,12,11,0
ascii95,literal,512,16,10000,0.70,37,0,0,,,,0
ascii95,literal,512,16,10000,0.70,38,1,1,1356,12,11,0
ascii95,literal,512,16,10000,0.70,38,0,0,,,,0
ascii95,literal,512,16,10000,0.70,39,1,1,1356,12,11,0
ascii95,literal,512,16,10000,0.70,39,0,0,,,,0
ascii95,literal,512,16,10000,0.70,40,1,1,1356,12,11,0
ascii95,literal,512,16,10000,0.70,40,0,0,,,,0
ascii95,literal,512,16,10000,0.70,41,1,1,1356,12,11,0
ascii95,literal,512,16,10000,0.70,41,0,0,,,,0
ascii95,literal,512,16,10000,0.70,42,1,1,1356,12,11,0
ascii95,literal,512,16,10000,0.70,42,0,0,,,,0
ascii95,literal,512,16,10000,0.70,43,1,1,1356,12,11,0
ascii95,literal,512,16,10000,0.70,43,0,0,,,,0
ascii95,literal,512,16,10000,0.70,44,1,1,1356,12,11,0
ascii95,literal,512,16,10000,0.70,44,0,0,,,,0
ascii95,literal,512,16,10000,0.70,45,1,1,1356,12,11,0
ascii95,literal,512,16,10000,0.70,45,0,0,,,,0
ascii95,literal,512,16,10000,0.70,46,1,1,1356,12,11,0
ascii95,literal,512,16,10000,0.70,46,0,0,,,,0
ascii95,literal,512,16,10000,0.70,47,1,1,1356,12,11,0
ascii95,literal,512,16,10000,0.70,47,0,0,,,,0
ascii95,literal,512,16,10000,0.70,48,1,1,1356,12,11,0
ascii95,literal,512,16,10000,0.70,48,0,0,,,,0
ascii95,literal,512,16,10000,0.70,49,1,1,1356,12,11,0
ascii95,literal,512,16,10000,0.70,49,0,0,,,,0
ascii95,literal,512,16,10000,0.70,50,1,1,1356,12,11,0
ascii95,literal,512,16,10000,0.70,50,0,0,,,,0
ascii95,literal,512,16,10000,0.70,51,1,1,1356,12,11,0
ascii95,literal,512,16,10000,0.70,51,0,0,,,,0
ascii95,literal,512,16,10000,0.70,52,1,1,1356,12,11,0
ascii95,literal,512,16,10000,0.70,52,0,0,,,,0
ascii95,literal,512,16,10000,0.70,53,1,1,1356,12,11,0
ascii95,literal,512,16,10000,0.70,53,0,0,,,,0
ascii95,literal,512,16,10000,0.70,54,1,1,1356,12,11,0
ascii95,literal,512,16,10000,0.70,54,0,0,,,,0
ascii95,literal,512,16,10000,0.70,55,1,1,1356,12,11,0
ascii95,literal,512,16,10000,0.70,55,0,0,,,,0
ascii95,literal,512,16,10000,0.70,56,1,1,1356,12,11,0
ascii95,literal,512,16,10000,0.70,56,0,0,,,,0
ascii95,literal,512,16,10000,0.70,57,1,1,1356,12,11,0
ascii95,literal,512,16,10000,0.70,57,0,0,,,,0
ascii95,literal,512,16,10000,0.70,58,1,1,1356,12,11,0
ascii95,literal,512,16,10000,0.70,58,0,0,,,,0
ascii95,literal,512,16,10000,0.70,59,1,1,1356,12,11,0
ascii95,literal,512,16,10000,0.70,59,0,0,,,,0
ascii95,literal,512,16,10000,0.70,60,1,1,1356,12,11,0
ascii95,literal,512,16,10000,0.70,60,0,0,,,,0
ascii95,literal,512,16,10000,0.70,61,1,1,1356,12,11,0
ascii95,literal,512,16,10000,0.70,61,0,0,,,,0
ascii95,literal,512,16,10000,0.70,62,1,1,1356,12,11,0
ascii95,literal,512,16,10000,0.70,62,0,0,,,,0
ascii95,literal,512,16,10000,0.70,63,1,1,1356,12,11,0
ascii95,literal,512,16,10000,0.70,63,0,0,,,,0
ascii95,literal,512,16,10000,0.70,64,1,1,1356,12,11,0
ascii95,literal,512,16,10000,0.70,64,0,0,,,,0
ascii95,literal,512,16,10000,0.70,65,1,1,1356,12,11,0
ascii95,literal,512,16,10000,0.70,65,0,0,,,,0
ascii95,literal,512,16,10000,0.70,66,1,1,1356,12,11,0
ascii95,literal,512,16,10000,0.70,66,0,0,,,,0
ascii95,literal,512,16,10000,0.70,67,1,1,1356,12,11,0
ascii95,literal,512,16,10000,0.70,67,0,0,,,,0
ascii95,literal,512,16,10000,0.70,68,1,1,1356,12,11,0
ascii95,literal,512,16,10000,0.70,68,0,0,,,,0
ascii95,literal,512,16,10000,0.70,69,1,1,1356,12,11,0
ascii95,literal,512,16,10000,0.70,69,0,0,,,,0
ascii95,literal,512,16,10000,0.70,70,1,1,1356,12,11,0
ascii95,literal,512,16,10000,0.70,70,0,0,,,,0
ascii95,literal,512,16,10000,0.70,71,1,1,1356,12,11,0
ascii95,literal,512,16,10000,0.70,71,0,0,,,,0
ascii95,literal,512,16,10000,0.70,72,1,1,1356,12,11,0
ascii95,literal,512,16,10000,0.70,72,0,0,,,,0
ascii95,literal,512,16,10000,0.70,73,1,1,1356,12,11,0
ascii95,literal,512,16,10000,0.70,73,0,0,,,,0
ascii95,literal,512,16,10000,0.70,74,1,1,1356,12,11,0
ascii95,literal,512,16,10000,0.70,74,0,0,,,,0
ascii95,literal,512,16,10000,0.70,75,1,1,1356,12,11,0
ascii95,literal,512,16,10000,0.70,75,0,0,,,,0
ascii95,literal,512,16,10000,0.70,76,1,1,1356,12,11,0
ascii95,literal,512,16,10000,0.70,76,0,0,,,,0
ascii95,literal,512,16,10000,0.70,77,1,1,1356,12,11,0
ascii95,literal,512,16,10000,0.70,77,0,0,,,,0
ascii95,literal,512,16,10000,0.70,78,1,1,1356,12,11,0
ascii95,literal,512,16,10000,0.70,78,0,0,,,,0
ascii95,literal,512,16,10000,0.70,79,1,1,1356,12,11,0
ascii95,literal,512,16,10000,0.70,79,0,0,,,,0
ascii95,literal,512,16,10000,0.70,80,1,1,1356,12,11,0
ascii95,literal,512,16,10000,0.70,80,0,0,,,,0
ascii95,literal,512,16,10000,0.70,81,1,1,1356,12,11,0
ascii95,literal,512,16,10000,0.70,81,0,0,,,,0
ascii95,literal,512,16,10000,0.70,82,1,1,1356,12,11,0
ascii95,literal,512,16,10000,0.70,82,0,0,,,,0
ascii95,literal,512,16,10000,0.70,83,1,1,1356,12,11,0
ascii95,literal,512,16,10000,0.70,83,0,0,,,,0
ascii95,literal,512,16,10000,0.70,84,1,1,1356,12,11,0
ascii95,literal,512,16,10000,0.70,84,0,0,,,,0
ascii95,literal,512,16,10000,0.70,85,1,1,1356,12,11,0
ascii95,literal,512,16,10000,0.70,85,0,0,,,,0
ascii95,literal,512,16,10000,0.70,86,1,1,1356,12,11,0
ascii95,literal,512,16,10000,0.70,86,0,0,,,,0
ascii95,literal,512,16,10000,0.70,87,1,1,1356,12,11,0
ascii95,literal,512,16,10000,0.70,87,0,0,,,,0
ascii95,literal,512,16,10000,0.70,88,1,1,1356,12,11,0
ascii95,literal,512,16,10000,0.70,88,0,0,,,,0
ascii95,literal,512,16,10000,0.70,89,1,1,1356,12,11,0
ascii95,literal,512,16,10000,0.70,89,0,0,,,,0
ascii95,literal,512,16,10000,0.70,90,1,1,1356,12,11,0
ascii95,literal,512,16,10000,0.70,90,0,0,,,,0
ascii95,literal,512,16,10000,0.70,91,1,1,1356,12,11,0
ascii95,literal,512,16,10000,0.70,91,0,0,,,,0
ascii95,literal,512,16,10000,0.70,92,1,1,1356,12,11,0
ascii95,literal,512,16,10000,0.70,92,0,0,,,,0
ascii95,literal,512,16,10000,0.70,93,1,1,1356,12,11,0
ascii95,literal,512,16,10000,0.70,93,0,0,,,,0
ascii95,literal,512,16,10000,0.70,94,1,1,1356,12,11,0
ascii95,literal,512,16,10000,0.70,94,0,0,,,,0
ascii95,literal,512,16,10000,0.70,95,1,1,1356,12,11,0
ascii95,literal,512,16,10000,0.70,95,0,0,,,,0
ascii95,literal,512,16,10000,0.70,96,1,1,1356,12,11,0
ascii95,literal,512,16,10000,0.70,96,0,0,,,,0
ascii95,literal,512,16,10000,0.70,97,1,1,1356,12,11,0
ascii95,literal,512,16,10000,0.70,97,0,0,,,,0
ascii95,literal,512,16,10000,0.70,98,1,1,1356,12,11,0
ascii95,literal,512,16,10000,0.70,98,0,0,,,,0
ascii95,literal,512,16,10000,0.70,99,1,1,1356,12,11,0
ascii95,literal,512,16,10000,0.70,99,0,0,,,,0
ascii95,literal,512,16,10000,0.70,100,1,1,1356,12,11,0
ascii95,literal,512,16,10000,0.70,100,0,0,,,,0
ascii95,literal,512,16,10000,0.80,1,1,1,1356,13,12,0
ascii95,literal,512,16,10000,0.80,1,0,0,,,,0
ascii95,literal,512,16,10000,0.80,2,1,1,1356,13,12,0
ascii95,literal,512,16,10000,0.80,2,0,0,,,,0
ascii95,literal,512,16,10000,0.80,3,1,1,1356,13,12,0
ascii95,literal,512,16,10000,0.80,3,0,0,,,,0
ascii95,literal,512,16,10000,0.80,4,1,1,1356,13,12,0
ascii95,literal,512,16,10000,0.80,4,0,0,,,,0
ascii95,literal,512,16,10000,0.80,5,1,1,1356,13,12,0
ascii95,literal,512,16,10000,0.80,5,0,0,,,,0
ascii95,literal,512,16,10000,0.80,6,1,1,1356,13,12,0
ascii95,literal,512,16,10000,0.80,6,0,0,,,,0
ascii95,literal,512,16,10000,0.80,7,1,1,1356,13,12,0
ascii95,literal,512,16,10000,0.80,7,0,0,,,,0
ascii95,literal,512,16,10000,0.80,8,1,1,1356,13,12,0
ascii95,literal,512,16,10000,0.80,8,0,0,,,,0
ascii95,literal,512,16,10000,0.80,9,1,1,1356,13,12,0
ascii95,literal,512,16,10000,0.80,9,0,0,,,,0
ascii95,literal,512,16,10000,0.80,10,1,1,1356,13,12,0
ascii95,literal,512,16,10000,0.80,10,0,0,,,,0
ascii95,literal,512,16,10000,0.80,11,1,1,1356,13,12,0
ascii95,literal,512,16,10000,0.80,11,0,0,,,,0
ascii95,literal,512,16,10000,0.80,12,1,1,1356,13,12,0
ascii95,literal,512,16,10000,0.80,12,0,0,,,,0
ascii95,literal,512,16,10000,0.80,13,1,1,1356,13,12,0
ascii95,literal,512,16,10000,0.80,13,0,0,,,,0
ascii95,literal,512,16,10000,0.80,14,1,1,1356,13,12,0
ascii95,literal,512,16,10000,0.80,14,0,0,,,,0
ascii95,literal,512,16,10000,0.80,15,1,1,1356,13,12,0
ascii95,literal,512,16,10000,0.80,15,0,0,,,,0
ascii95,literal,512,16,10000,0.80,16,1,1,1356,13,12,0
ascii95,literal,512,16,10000,0.80,16,0,0,,,,0
ascii95,literal,512,16,10000,0.80,17,1,1,1356,13,12,0
ascii95,literal,512,16,10000,0.80,17,0,0,,,,0
ascii95,literal,512,16,10000,0.80,18,1,1,1356,13,12,0
ascii95,literal,512,16,10000,0.80,18,0,0,,,,0
ascii95,literal,512,16,10000,0.80,19,1,1,1356,13,12,0
ascii95,literal,512,16,10000,0.80,19,0,0,,,,0
ascii95,literal,512,16,10000,0.80,20,1,1,1356,13,12,0
ascii95,literal,512,16,10000,0.80,20,0,0,,,,0
ascii95,literal,512,16,10000,0.80,21,1,1,1356,13,12,0
ascii95,literal,512,16,10000,0.80,21,0,0,,,,0
ascii95,literal,512,16,10000,0.80,22,1,1,1356,13,12,0
ascii95,literal,512,16,10000,0.80,22,0,0,,,,0
ascii95,literal,512,16,10000,0.80,23,1,1,1356,13,12,0
ascii95,literal,512,16,10000,0.80,23,0,0,,,,0
ascii95,literal,512,16,10000,0.80,24,1,1,1356,13,12,0
ascii95,literal,512,16,10000,0.80,24,0,0,,,,0
ascii95,literal,512,16,10000,0.80,25,1,1,1356,13,12,0
ascii95,literal,512,16,10000,0.80,25,0,0,,,,0
ascii95,literal,512,16,10000,0.80,26,1,1,1356,13,12,0
ascii95,literal,512,16,10000,0.80,26,0,0,,,,0
ascii95,literal,512,16,10000,0.80,27,1,1,1356,13,12,0
ascii95,literal,512,16,10000,0.80,27,0,0,,,,0
ascii95,literal,512,16,10000,0.80,28,1,1,1356,13,12,0
ascii95,literal,512,16,10000,0.80,28,0,0,,,,0
ascii95,literal,512,16,10000,0.80,29,1,1,1356,13,12,0
ascii95,literal,512,16,10000,0.80,29,0,0,,,,0
ascii95,literal,512,16,10000,0.80,30,1,1,1356,13,12,0
ascii95,literal,512,16,10000,0.80,30,0,0,,,,0
ascii95,literal,512,16,10000,0.80,31,1,1,1356,13,12,0
ascii95,literal,512,16,10000,0.80,31,0,0,,,,0
ascii95,literal,512,16,10000,0.80,32,1,1,1356,13,12,0
ascii95,literal,512,16,10000,0.80,32,0,0,,,,0
ascii95,literal,512,16,10000,0.80,33,1,1,1356,13,12,0
ascii95,literal,512,16,10000,0.80,33,0,0,,,,0
ascii95,literal,512,16,10000,0.80,34,1,1,1356,13,12,0
ascii95,literal,512,16,10000,0.80,34,0,0,,,,0
ascii95,literal,512,16,10000,0.80,35,1,1,1356,13,12,0
ascii95,literal,512,16,10000,0.80,35,0,0,,,,0
ascii95,literal,512,16,10000,0.80,36,1,1,1356,13,12,0
ascii95,literal,512,16,10000,0.80,36,0,0,,,,0
ascii95,literal,512,16,10000,0.80,37,1,1,1356,13,12,0
ascii95,literal,512,16,10000,0.80,37,0,0,,,,0
ascii95,literal,512,16,10000,0.80,38,1,1,1356,13,12,0
ascii95,literal,512,16,10000,0.80,38,0,0,,,,0
ascii95,literal,512,16,10000,0.80,39,1,1,1356,13,12,0
ascii95,literal,512,16,10000,0.80,39,0,0,,,,0
ascii95,literal,512,16,10000,0.80,40,1,1,1356,13,12,0
ascii95,literal,512,16,10000,0.80,40,0,0,,,,0
ascii95,literal,512,16,10000,0.80,41,1,1,1356,13,12,0
ascii95,literal,512,16,10000,0.80,41,0,0,,,,0
ascii95,literal,512,16,10000,0.80,42,1,1,1356,13,12,0
ascii95,literal,512,16,10000,0.80,42,0,0,,,,0
ascii95,literal,512,16,10000,0.80,43,1,1,1356,13,12,0
ascii95,literal,512,16,10000,0.80,43,0,0,,,,0
ascii95,literal,512,16,10000,0.80,44,1,1,1356,13,12,0
ascii95,literal,512,16,10000,0.80,44,0,0,,,,0
ascii95,literal,512,16,10000,0.80,45,1,1,1356,13,12,0
ascii95,literal,512,16,10000,0.80,45,0,0,,,,0
ascii95,literal,512,16,10000,0.80,46,1,1,1356,13,12,0
ascii95,literal,512,16,10000,0.80,46,0,0,,,,0
ascii95,literal,512,16,10000,0.80,47,1,1,1356,13,12,0
ascii95,literal,512,16,10000,0.80,47,0,0,,,,0
ascii95,literal,512,16,10000,0.80,48,1,1,1356,13,12,0
ascii95,literal,512,16,10000,0.80,48,0,0,,,,0
ascii95,literal,512,16,10000,0.80,49,1,1,1356,13,12,0
ascii95,literal,512,16,10000,0.80,49,0,0,,,,0
ascii95,literal,512,16,10000,0.80,50,1,1,1356,13,12,0
ascii95,literal,512,16,10000,0.80,50,0,0,,,,0
ascii95,literal,512,16,10000,0.80,51,1,1,1356,13,12,0
ascii95,literal,512,16,10000,0.80,51,0,0,,,,0
ascii95,literal,512,16,10000,0.80,52,1,1,1356,13,12,0
ascii95,literal,512,16,10000,0.80,52,0,0,,,,0
ascii95,literal,512,16,10000,0.80,53,1,1,1356,13,12,0
ascii95,literal,512,16,10000,0.80,53,0,0,,,,0
ascii95,literal,512,16,10000,0.80,54,1,1,1356,13,12,0
ascii95,literal,512,16,10000,0.80,54,0,0,,,,0
ascii95,literal,512,16,10000,0.80,55,1,1,1356,13,12,0
ascii95,literal,512,16,10000,0.80,55,0,0,,,,0
ascii95,literal,512,16,10000,0.80,56,1,1,1356,13,12,0
ascii95,literal,512,16,10000,0.80,56,0,0,,,,0
ascii95,literal,512,16,10000,0.80,57,1,1,1356,13,12,0
ascii95,literal,512,16,10000,0.80,57,0,0,,,,0
ascii95,literal,512,16,10000,0.80,58,1,1,1356,13,12,0
ascii95,literal,512,16,10000,0.80,58,0,0,,,,0
ascii95,literal,512,16,10000,0.80,59,1,1,1356,13,12,0
ascii95,literal,512,16,10000,0.80,59,0,0,,,,0
ascii95,literal,512,16,10000,0.80,60,1,1,1356,13,12,0
ascii95,literal,512,16,10000,0.80,60,0,0,,,,0
ascii95,literal,512,16,10000,0.80,61,1,1,1356,13,12,0
ascii95,literal,512,16,10000,0.80,61,0,0,,,,0
ascii95,literal,512,16,10000,0.80,62,1,1,1356,13,12,0
ascii95,literal,512,16,10000,0.80,62,0,0,,,,0
ascii95,literal,512,16,10000,0.80,63,1,1,1356,13,12,0
ascii95,literal,512,16,10000,0.80,63,0,0,,,,0
ascii95,literal,512,16,10000,0.80,64,1,1,1356,13,12,0
ascii95,literal,512,16,10000,0.80,64,0,0,,,,0
ascii95,literal,512,16,10000,0.80,65,1,1,1356,13,12,0
ascii95,literal,512,16,10000,0.80,65,0,0,,,,0
ascii95,literal,512,16,10000,0.80,66,1,1,1356,13,12,0
ascii95,literal,512,16,10000,0.80,66,0,0,,,,0
ascii95,literal,512,16,10000,0.80,67,1,1,1356,13,12,0
ascii95,literal,512,16,10000,0.80,67,0,0,,,,0
ascii95,literal,512,16,10000,0.80,68,1,1,1356,13,12,0
ascii95,literal,512,16,10000,0.80,68,0,0,,,,0
ascii95,literal,512,16,10000,0.80,69,1,1,1356,13,12,0
ascii95,literal,512,16,10000,0.80,69,0,0,,,,0
ascii95,literal,512,16,10000,0.80,70,1,1,1356,13,12,0
ascii95,literal,512,16,10000,0.80,70,0,0,,,,0
ascii95,literal,512,16,10000,0.80,71,1,1,1356,13,12,0
ascii95,literal,512,16,10000,0.80,71,0,0,,,,0
ascii95,literal,512,16,10000,0.80,72,1,1,1356,13,12,0
ascii95,literal,512,16,10000,0.80,72,0,0,,,,0
ascii95,literal,512,16,10000,0.80,73,1,1,1356,13,12,0
ascii95,literal,512,16,10000,0.80,73,0,0,,,,0
ascii95,literal,512,16,10000,0.80,74,1,1,1356,13,12,0
ascii95,literal,512,16,10000,0.80,74,0,0,,,,0
ascii95,literal,512,16,10000,0.80,75,1,1,1356,13,12,0
ascii95,literal,512,16,10000,0.80,75,0,0,,,,0
ascii95,literal,512,16,10000,0.80,76,1,1,1356,13,12,0
ascii95,literal,512,16,10000,0.80,76,0,0,,,,0
ascii95,literal,512,16,10000,0.80,77,1,1,1356,13,12,0
ascii95,literal,512,16,10000,0.80,77,0,0,,,,0
ascii95,literal,512,16,10000,0.80,78,1,1,1356,13,12,0
ascii95,literal,512,16,10000,0.80,78,0,0,,,,0
ascii95,literal,512,16,10000,0.80,79,1,1,1356,13,12,0
ascii95,literal,512,16,10000,0.80,79,0,0,,,,0
ascii95,literal,512,16,10000,0.80,80,1,1,1356,13,12,0
ascii95,literal,512,16,10000,0.80,80,0,0,,,,0
ascii95,literal,512,16,10000,0.80,81,1,1,1356,13,12,0
ascii95,literal,512,16,10000,0.80,81,0,0,,,,0
ascii95,literal,512,16,10000,0.80,82,1,1,1356,13,12,0
ascii95,literal,512,16,10000,0.80,82,0,0,,,,0
ascii95,literal,512,16,10000,0.80,83,1,1,1356,13,12,0
ascii95,literal,512,16,10000,0.80,83,0,0,,,,0
ascii95,literal,512,16,10000,0.80,84,1,1,1356,13,12,0
ascii95,literal,512,16,10000,0.80,84,0,0,,,,0
ascii95,literal,512,16,10000,0.80,85,1,1,1356,13,12,0
ascii95,literal,512,16,10000,0.80,85,0,0,,,,0
ascii95,literal,512,16,10000,0.80,86,1,1,1356,13,12,0
ascii95,literal,512,16,10000,0.80,86,0,0,,,,0
ascii95,literal,512,16,10000,0.80,87,1,1,1356,13,12,0
ascii95,literal,512,16,10000,0.80,87,0,0,,,,0
ascii95,literal,512,16,10000,0.80,88,1,1,1356,13,12,0
ascii95,literal,512,16,10000,0.80,88,0,0,,,,0
ascii95,literal,512,16,10000,0.80,89,1,1,1356,13,12,0
ascii95,literal,512,16,10000,0.80,89,0,0,,,,0
ascii95,literal,512,16,10000,0.80,90,1,1,1356,13,12,0
ascii95,literal,512,16,10000,0.80,90,0,0,,,,0
ascii95,literal,512,16,10000,0.80,91,1,1,1356,13,12,0
ascii95,literal,512,16,10000,0.80,91,0,0,,,,0
ascii95,literal,512,16,10000,0.80,92,1,1,1356,13,12,0
ascii95,literal,512,16,10000,0.80,92,0,0,,,,0
ascii95,literal,512,16,10000,0.80,93,1,1,1356,13,12,0
ascii95,literal,512,16,10000,0.80,93,0,0,,,,0
ascii95,literal,512,16,10000,0.80,94,1,1,1356,13,12,0
ascii95,literal,512,16,10000,0.80,94,0,0,,,,0
ascii95,literal,512,16,10000,0.80,95,1,1,1356,13,12,0
ascii95,literal,512,16,10000,0.80,95,0,0,,,,0
ascii95,literal,512,16,10000,0.80,96,1,1,1356,13,12,0
ascii95,literal,512,16,10000,0.80,96,0,0,,,,0
ascii95,literal,512,16,10000,0.80,97,1,1,1356,13,12,0
ascii95,literal,512,16,10000,0.80,97,0,0,,,,0
ascii95,literal,512,16,10000,0.80,98,1,1,1356,13,12,0
ascii95,literal,512,16,10000,0.80,98,0,0,,,,0
ascii95,literal,512,16,10000,0.80,99,1,1,1356,13,12,0
ascii95,literal,512,16,10000,0.80,99,0,0,,,,0
ascii95,literal,512,16,10000,0.80,100,1,1,1356,13,12,0
ascii95,literal,512,16,10000,0.80,100,0,0,,,,0
ascii95,literal,512,16,10000,0.90,1,1,1,1356,15,14,0
ascii95,literal,512,16,10000,0.90,1,0,0,,,,0
ascii95,literal,512,16,10000,0.90,2,1,1,1356,15,14,0
ascii95,literal,512,16,10000,0.90,2,0,0,,,,0
ascii95,literal,512,16,10000,0.90,3,1,1,1356,15,14,0
ascii95,literal,512,16,10000,0.90,3,0,0,,,,0
ascii95,literal,512,16,10000,0.90,4,1,1,1356,15,14,0
ascii95,literal,512,16,10000,0.90,4,0,0,,,,0
ascii95,literal,512,16,10000,0.90,5,1,1,1356,15,14,0
ascii95,literal,512,16,10000,0.90,5,0,0,,,,0
ascii95,literal,512,16,10000,0.90,6,1,1,1356,15,14,0
ascii95,literal,512,16,10000,0.90,6,0,0,,,,0
ascii95,literal,512,16,10000,0.90,7,1,1,1356,15,14,0
ascii95,literal,512,16,10000,0.90,7,0,0,,,,0
ascii95,literal,512,16,10000,0.90,8,1,1,1356,15,14,0
ascii95,literal,512,16,10000,0.90,8,0,0,,,,0
ascii95,literal,512,16,10000,0.90,9,1,1,1356,15,14,0
ascii95,literal,512,16,10000,0.90,9,0,0,,,,0
ascii95,literal,512,16,10000,0.90,10,1,1,1356,15,14,0
ascii95,literal,512,16,10000,0.90,10,0,0,,,,0
ascii95,literal,512,16,10000,0.90,11,1,1,1356,15,14,0
ascii95,literal,512,16,10000,0.90,11,0,0,,,,0
ascii95,literal,512,16,10000,0.90,12,1,1,1356,15,14,0
ascii95,literal,512,16,10000,0.90,12,0,0,,,,0
ascii95,literal,512,16,10000,0.90,13,1,1,1356,15,14,0
ascii95,literal,512,16,10000,0.90,13,0,0,,,,0
ascii95,literal,512,16,10000,0.90,14,1,1,1356,15,14,0
ascii95,literal,512,16,10000,0.90,14,0,0,,,,0
ascii95,literal,512,16,10000,0.90,15,1,1,1356,15,14,0
ascii95,literal,512,16,10000,0.90,15,0,0,,,,0
ascii95,literal,512,16,10000,0.90,16,1,1,1356,15,14,0
ascii95,literal,512,16,10000,0.90,16,0,0,,,,0
ascii95,literal,512,16,10000,0.90,17,1,1,1356,15,14,0
ascii95,literal,512,16,10000,0.90,17,0,0,,,,0
ascii95,literal,512,16,10000,0.90,18,1,1,1356,15,14,0
ascii95,literal,512,16,10000,0.90,18,0,0,,,,0
ascii95,literal,512,16,10000,0.90,19,1,1,1356,15,14,0
ascii95,literal,512,16,10000,0.90,19,0,0,,,,0
ascii95,literal,512,16,10000,0.90,20,1,1,1356,15,14,0
ascii95,literal,512,16,10000,0.90,20,0,0,,,,0
ascii95,literal,512,16,10000,0.90,21,1,1,1356,15,14,0
ascii95,literal,512,16,10000,0.90,21,0,0,,,,0
ascii95,literal,512,16,10000,0.90,22,1,1,1356,15,14,0
ascii95,literal,512,16,10000,0.90,22,0,0,,,,0
ascii95,literal,512,16,10000,0.90,23,1,1,1356,15,14,0
ascii95,literal,512,16,10000,0.90,23,0,0,,,,0
ascii95,literal,512,16,10000,0.90,24,1,1,1356,15,14,0
ascii95,literal,512,16,10000,0.90,24,0,0,,,,0
ascii95,literal,512,16,10000,0.90,25,1,1,1356,15,14,0
ascii95,literal,512,16,10000,0.90,25,0,0,,,,0
ascii95,literal,512,16,10000,0.90,26,1,1,1356,15,14,0
ascii95,literal,512,16,10000,0.90,26,0,0,,,,0
ascii95,literal,512,16,10000,0.90,27,1,1,1356,15,14,0
ascii95,literal,512,16,10000,0.90,27,0,0,,,,0
ascii95,literal,512,16,10000,0.90,28,1,1,1356,15,14,0
ascii95,literal,512,16,10000,0.90,28,0,0,,,,0
ascii95,literal,512,16,10000,0.90,29,1,1,1356,15,14,0
ascii95,literal,512,16,10000,0.90,29,0,0,,,,0
ascii95,literal,512,16,10000,0.90,30,1,1,1356,15,14,0
ascii95,literal,512,16,10000,0.90,30,0,0,,,,0
ascii95,literal,512,16,10000,0.90,31,1,1,1356,15,14,0
ascii95,literal,512,16,10000,0.90,31,0,0,,,,0
ascii95,literal,512,16,10000,0.90,32,1,1,1356,15,14,0
ascii95,literal,512,16,10000,0.90,32,0,0,,,,0
ascii95,literal,512,16,10000,0.90,33,1,1,1356,15,14,0
ascii95,literal,512,16,10000,0.90,33,0,0,,,,0
ascii95,literal,512,16,10000,0.90,34,1,1,1356,15,14,0
ascii95,literal,512,16,10000,0.90,34,0,0,,,,0
ascii95,literal,512,16,10000,0.90,35,1,1,1356,15,14,0
ascii95,literal,512,16,10000,0.90,35,0,0,,,,0
ascii95,literal,512,16,10000,0.90,36,1,1,1356,15,14,0
ascii95,literal,512,16,10000,0.90,36,0,0,,,,0
ascii95,literal,512,16,10000,0.90,37,1,1,1356,15,14,0
ascii95,literal,512,16,10000,0.90,37,0,0,,,,0
ascii95,literal,512,16,10000,0.90,38,1,1,1356,15,14,0
ascii95,literal,512,16,10000,0.90,38,0,0,,,,0
ascii95,literal,512,16,10000,0.90,39,1,1,1356,15,14,0
ascii95,literal,512,16,10000,0.90,39,0,0,,,,0
ascii95,literal,512,16,10000,0.90,40,1,1,1356,15,14,0
ascii95,literal,512,16,10000,0.90,40,0,0,,,,0
ascii95,literal,512,16,10000,0.90,41,1,1,1356,15,14,0
ascii95,literal,512,16,10000,0.90,41,0,0,,,,0
ascii95,literal,512,16,10000,0.90,42,1,1,1356,15,14,0
ascii95,literal,512,16,10000,0.90,42,0,0,,,,0
ascii95,literal,512,16,10000,0.90,43,1,1,1356,15,14,0
ascii95,literal,512,16,10000,0.90,43,0,0,,,,0
ascii95,literal,512,16,10000,0.90,44,1,1,1356,15,14,0
ascii95,literal,512,16,10000,0.90,44,0,0,,,,0
ascii95,literal,512,16,10000,0.90,45,1,1,1356,15,14,0
ascii95,literal,512,16,10000,0.90,45,0,0,,,,0
ascii95,literal,512,16,10000,0.90,46,1,1,1356,15,14,0
ascii95,literal,512,16,10000,0.90,46,0,0,,,,0
ascii95,literal,512,16,10000,0.90,47,1,1,1356,15,14,0
ascii95,literal,512,16,10000,0.90,47,0,0,,,,0
ascii95,literal,512,16,10000,0.90,48,1,1,1356,15,14,0
ascii95,literal,512,16,10000,0.90,48,0,0,,,,0
ascii95,literal,512,16,10000,0.90,49,1,1,1356,15,14,0
ascii95,literal,512,16,10000,0.90,49,0,0,,,,0
ascii95,literal,512,16,10000,0.90,50,1,1,1356,15,14,0
ascii95,literal,512,16,10000,0.90,50,0,0,,,,0
ascii95,literal,512,16,10000,0.90,51,1,1,1356,15,14,0
ascii95,literal,512,16,10000,0.90,51,0,0,,,,0
ascii95,literal,512,16,10000,0.90,52,1,1,1356,15,14,0
ascii95,literal,512,16,10000,0.90,52,0,0,,,,0
ascii95,literal,512,16,10000,0.90,53,1,1,1356,15,14,0
ascii95,literal,512,16,10000,0.90,53,0,0,,,,0
ascii95,literal,512,16,10000,0.90,54,1,1,1356,15,14,0
ascii95,literal,512,16,10000,0.90,54,0,0,,,,0
ascii95,literal,512,16,10000,0.90,55,1,1,1356,15,14,0
ascii95,literal,512,16,10000,0.90,55,0,0,,,,0
ascii95,literal,512,16,10000,0.90,56,1,1,1356,15,14,0
ascii95,literal,512,16,10000,0.90,56,0,0,,,,0
ascii95,literal,512,16,10000,0.90,57,1,1,1356,15,14,0
ascii95,literal,512,16,10000,0.90,57,0,0,,,,0
ascii95,literal,512,16,10000,0.90,58,1,1,1356,15,14,0
ascii95,literal,512,16,10000,0.90,58,0,0,,,,0
ascii95,literal,512,16,10000,0.90,59,1,1,1356,15,14,0
ascii95,literal,512,16,10000,0.90,59,0,0,,,,0
ascii95,literal,512,16,10000,0.90,60,1,1,1356,15,14,0
ascii95,literal,512,16,10000,0.90,60,0,0,,,,0
ascii95,literal,512,16,10000,0.90,61,1,1,1356,15,14,0
ascii95,literal,512,16,10000,0.90,61,0,0,,,,0
ascii95,literal,512,16,10000,0.90,62,1,1,1356,15,14,0
ascii95,literal,512,16,10000,0.90,62,0,0,,,,0
ascii95,literal,512,16,10000,0.90,63,1,1,1356,15,14,0
ascii95,literal,512,16,10000,0.90,63,0,0,,,,0
ascii95,literal,512,16,10000,0.90,64,1,1,1356,15,14,0
ascii95,literal,512,16,10000,0.90,64,0,0,,,,0
ascii95,literal,512,16,10000,0.90,65,1,1,1356,15,14,0
ascii95,literal,512,16,10000,0.90,65,0,0,,,,0
ascii95,literal,512,16,10000,0.90,66,1,1,1356,15,14,0
ascii95,literal,512,16,10000,0.90,66,0,0,,,,0
ascii95,literal,512,16,10000,0.90,67,1,1,1356,15,14,0
ascii95,literal,512,16,10000,0.90,67,0,0,,,,0
ascii95,literal,512,16,10000,0.90,68,1,1,1356,15,14,0
ascii95,literal,512,16,10000,0.90,68,0,0,,,,0
ascii95,literal,512,16,10000,0.90,69,1,1,1356,15,14,0
ascii95,literal,512,16,10000,0.90,69,0,0,,,,0
ascii95,literal,512,16,10000,0.90,70,1,1,1356,15,14,0
ascii95,literal,512,16,10000,0.90,70,0,0,,,,0
ascii95,literal,512,16,10000,0.90,71,1,1,1356,15,14,0
ascii95,literal,512,16,10000,0.90,71,0,0,,,,0
ascii95,literal,512,16,10000,0.90,72,1,1,1356,15,14,0
ascii95,literal,512,16,10000,0.90,72,0,0,,,,0
ascii95,literal,512,16,10000,0.90,73,1,1,1356,15,14,0
ascii95,literal,512,16,10000,0.90,73,0,0,,,,0
ascii95,literal,512,16,10000,0.90,74,1,1,1356,15,14,0
ascii95,literal,512,16,10000,0.90,74,0,0,,,,0
ascii95,literal,512,16,10000,0.90,75,1,1,1356,15,14,0
ascii95,literal,512,16,10000,0.90,75,0,0,,,,0
ascii95,literal,512,16,10000,0.90,76,1,1,1356,15,14,0
ascii95,literal,512,16,10000,0.90,76,0,0,,,,0
ascii95,literal,512,16,10000,0.90,77,1,1,1356,15,14,0
ascii95,literal,512,16,10000,0.90,77,0,0,,,,0
ascii95,literal,512,16,10000,0.90,78,1,1,1356,15,14,0
ascii95,literal,512,16,10000,0.90,78,0,0,,,,0
ascii95,literal,512,16,10000,0.90,79,1,1,1356,15,14,0
ascii95,literal,512,16,10000,0.90,79,0,0,,,,0
ascii95,literal,512,16,10000,0.90,80,1,1,1356,15,14,0
ascii95,literal,512,16,10000,0.90,80,0,0,,,,0
ascii95,literal,512,16,10000,0.90,81,1,1,1356,15,14,0
ascii95,literal,512,16,10000,0.90,81,0,0,,,,0
ascii95,literal,512,16,10000,0.90,82,1,1,1356,15,14,0
ascii95,literal,512,16,10000,0.90,82,0,0,,,,0
ascii95,literal,512,16,10000,0.90,83,1,1,1356,15,14,0
ascii95,literal,512,16,10000,0.90,83,0,0,,,,0
ascii95,literal,512,16,10000,0.90,84,1,1,1356,15,14,0
ascii95,literal,512,16,10000,0.90,84,0,0,,,,0
ascii95,literal,512,16,10000,0.90,85,1,1,1356,15,14,0
ascii95,literal,512,16,10000,0.90,85,0,0,,,,0
ascii95,literal,512,16,10000,0.90,86,1,1,1356,15,14,0
ascii95,literal,512,16,10000,0.90,86,0,0,,,,0
ascii95,literal,512,16,10000,0.90,87,1,1,1356,15,14,0
ascii95,literal,512,16,10000,0.90,87,0,0,,,,0
ascii95,literal,512,16,10000,0.90,88,1,1,1356,15,14,0
ascii95,literal,512,16,10000,0.90,88,0,0,,,,0
ascii95,literal,512,16,10000,0.90,89,1,1,1356,15,14,0
ascii95,literal,512,16,10000,0.90,89,0,0,,,,0
ascii95,literal,512,16,10000,0.90,90,1,1,1356,15,14,0
ascii95,literal,512,16,10000,0.90,90,0,0,,,,0
ascii95,literal,512,16,10000,0.90,91,1,1,1356,15,14,0
ascii95,literal,512,16,10000,0.90,91,0,0,,,,0
ascii95,literal,512,16,10000,0.90,92,1,1,1356,15,14,0
ascii95,literal,512,16,10000,0.90,92,0,0,,,,0
ascii95,literal,512,16,10000,0.90,93,1,1,1356,15,14,0
ascii95,literal,512,16,10000,0.90,93,0,0,,,,0
ascii95,literal,512,16,10000,0.90,94,1,1,1356,15,14,0
ascii95,literal,512,16,10000,0.90,94,0,0,,,,0
ascii95,literal,512,16,10000,0.90,95,1,1,1356,15,14,0
ascii95,literal,512,16,10000,0.90,95,0,0,,,,0
ascii95,literal,512,16,10000,0.90,96,1,1,1356,15,14,0
ascii95,literal,512,16,10000,0.90,96,0,0,,,,0
ascii95,literal,512,16,10000,0.90,97,1,1,1356,15,14,0
ascii95,literal,512,16,10000,0.90,97,0,0,,,,0
ascii95,literal,512,16,10000,0.90,98,1,1,1356,15,14,0
ascii95,literal,512,16,10000,0.90,98,0,0,,,,0
ascii95,literal,512,16,10000,0.90,99,1,1,1356,15,14,0
ascii95,literal,512,16,10000,0.90,99,0,0,,,,0
ascii95,literal,512,16,10000,0.90,100,1,1,1356,15,14,0
ascii95,literal,512,16,10000,0.90,100,0,0,,,,0
ascii95,literal,512,16,10000,0.95,1,1,1,1356,16,15,0
ascii95,literal,512,16,10000,0.95,1,0,0,,,,0
ascii95,literal,512,16,10000,0.95,2,1,1,1356,16,15,0
ascii95,literal,512,16,10000,0.95,2,0,0,,,,0
ascii95,literal,512,16,10000,0.95,3,1,1,1356,16,15,0
ascii95,literal,512,16,10000,0.95,3,0,0,,,,0
ascii95,literal,512,16,10000,0.95,4,1,1,1356,16,15,0
ascii95,literal,512,16,10000,0.95,4,0,0,,,,0
ascii95,literal,512,16,10000,0.95,5,1,1,1356,16,15,0
ascii95,literal,512,16,10000,0.95,5,0,0,,,,0
ascii95,literal,512,16,10000,0.95,6,1,1,1356,16,15,0
ascii95,literal,512,16,10000,0.95,6,0,0,,,,0
ascii95,literal,512,16,10000,0.95,7,1,1,1356,16,15,0
ascii95,literal,512,16,10000,0.95,7,0,0,,,,0
ascii95,literal,512,16,10000,0.95,8,1,1,1356,16,15,0
ascii95,literal,512,16,10000,0.95,8,0,0,,,,0
ascii95,literal,512,16,10000,0.95,9,1,1,1356,16,15,0
ascii95,literal,512,16,10000,0.95,9,0,0,,,,0
ascii95,literal,512,16,10000,0.95,10,1,1,1356,16,15,0
ascii95,literal,512,16,10000,0.95,10,0,0,,,,0
ascii95,literal,512,16,10000,0.95,11,1,1,1356,16,15,0
ascii95,literal,512,16,10000,0.95,11,0,0,,,,0
ascii95,literal,512,16,10000,0.95,12,1,1,1356,16,15,0
ascii95,literal,512,16,10000,0.95,12,0,0,,,,0
ascii95,literal,512,16,10000,0.95,13,1,1,1356,16,15,0
ascii95,literal,512,16,10000,0.95,13,0,0,,,,0
ascii95,literal,512,16,10000,0.95,14,1,1,1356,16,15,0
ascii95,literal,512,16,10000,0.95,14,0,0,,,,0
ascii95,literal,512,16,10000,0.95,15,1,1,1356,16,15,0
ascii95,literal,512,16,10000,0.95,15,0,0,,,,0
ascii95,literal,512,16,10000,0.95,16,1,1,1356,16,15,0
ascii95,literal,512,16,10000,0.95,16,0,0,,,,0
ascii95,literal,512,16,10000,0.95,17,1,1,1356,16,15,0
ascii95,literal,512,16,10000,0.95,17,0,0,,,,0
ascii95,literal,512,16,10000,0.95,18,1,1,1356,16,15,0
ascii95,literal,512,16,10000,0.95,18,0,0,,,,0
ascii95,literal,512,16,10000,0.95,19,1,1,1356,16,15,0
ascii95,literal,512,16,10000,0.95,19,0,0,,,,0
ascii95,literal,512,16,10000,0.95,20,1,1,1356,16,15,0
ascii95,literal,512,16,10000,0.95,20,0,0,,,,0
ascii95,literal,512,16,10000,0.95,21,1,1,1356,16,15,0
ascii95,literal,512,16,10000,0.95,21,0,0,,,,0
ascii95,literal,512,16,10000,0.95,22,1,1,1356,16,15,0
ascii95,literal,512,16,10000,0.95,22,0,0,,,,0
ascii95,literal,512,16,10000,0.95,23,1,1,1356,16,15,0
ascii95,literal,512,16,10000,0.95,23,0,0,,,,0
ascii95,literal,512,16,10000,0.95,24,1,1,1356,16,15,0
ascii95,literal,512,16,10000,0.95,24,0,0,,,,0
ascii95,literal,512,16,10000,0.95,25,1,1,1356,16,15,0
ascii95,literal,512,16,10000,0.95,25,0,0,,,,0
ascii95,literal,512,16,10000,0.95,26,1,1,1356,16,15,0
ascii95,literal,512,16,10000,0.95,26,0,0,,,,0
ascii95,literal,512,16,10000,0.95,27,1,1,1356,16,15,0
ascii95,literal,512,16,10000,0.95,27,0,0,,,,0
ascii95,literal,512,16,10000,0.95,28,1,1,1356,16,15,0
ascii95,literal,512,16,10000,0.95,28,0,0,,,,0
ascii95,literal,512,16,10000,0.95,29,1,1,1356,16,15,0
ascii95,literal,512,16,10000,0.95,29,0,0,,,,0
ascii95,literal,512,16,10000,0.95,30,1,1,1356,16,15,0
ascii95,literal,512,16,10000,0.95,30,0,0,,,,0
ascii95,literal,512,16,10000,0.95,31,1,1,1356,16,15,0
ascii95,literal,512,16,10000,0.95,31,0,0,,,,0
ascii95,literal,512,16,10000,0.95,32,1,1,1356,16,15,0
ascii95,literal,512,16,10000,0.95,32,0,0,,,,0
ascii95,literal,512,16,10000,0.95,33,1,1,1356,16,15,0
ascii95,literal,512,16,10000,0.95,33,0,0,,,,0
ascii95,literal,512,16,10000,0.95,34,1,1,1356,16,15,0
ascii95,literal,512,16,10000,0.95,34,0,0,,,,0
ascii95,literal,512,16,10000,0.95,35,1,1,1356,16,15,0
ascii95,literal,512,16,10000,0.95,35,0,0,,,,0
ascii95,literal,512,16,10000,0.95,36,1,1,1356,16,15,0
ascii95,literal,512,16,10000,0.95,36,0,0,,,,0
ascii95,literal,512,16,10000,0.95,37,1,1,1356,16,15,0
ascii95,literal,512,16,10000,0.95,37,0,0,,,,0
ascii95,literal,512,16,10000,0.95,38,1,1,1356,16,15,0
ascii95,literal,512,16,10000,0.95,38,0,0,,,,0
ascii95,literal,512,16,10000,0.95,39,1,1,1356,16,15,0
ascii95,literal,512,16,10000,0.95,39,0,0,,,,0
ascii95,literal,512,16,10000,0.95,40,1,1,1356,16,15,0
ascii95,literal,512,16,10000,0.95,40,0,0,,,,0
ascii95,literal,512,16,10000,0.95,41,1,1,1356,16,15,0
ascii95,literal,512,16,10000,0.95,41,0,0,,,,0
ascii95,literal,512,16,10000,0.95,42,1,1,1356,16,15,0
ascii95,literal,512,16,10000,0.95,42,0,0,,,,0
ascii95,literal,512,16,10000,0.95,43,1,1,1356,16,15,0
ascii95,literal,512,16,10000,0.95,43,0,0,,,,0
ascii95,literal,512,16,10000,0.95,44,1,1,1356,16,15,0
ascii95,literal,512,16,10000,0.95,44,0,0,,,,0
ascii95,literal,512,16,10000,0.95,45,1,1,1356,16,15,0
ascii95,literal,512,16,10000,0.95,45,0,0,,,,0
ascii95,literal,512,16,10000,0.95,46,1,1,1356,16,15,0
ascii95,literal,512,16,10000,0.95,46,0,0,,,,0
ascii95,literal,512,16,10000,0.95,47,1,1,1356,16,15,0
ascii95,literal,512,16,10000,0.95,47,0,0,,,,0
ascii95,literal,512,16,10000,0.95,48,1,1,1356,16,15,0
ascii95,literal,512,16,10000,0.95,48,0,0,,,,0
ascii95,literal,512,16,10000,0.95,49,1,1,1356,16,15,0
ascii95,literal,512,16,10000,0.95,49,0,0,,,,0
ascii95,literal,512,16,10000,0.95,50,1,1,1356,16,15,0
ascii95,literal,512,16,10000,0.95,50,0,0,,,,0
ascii95,literal,512,16,10000,0.95,51,1,1,1356,16,15,0
ascii95,literal,512,16,10000,0.95,51,0,0,,,,0
ascii95,literal,512,16,10000,0.95,52,1,1,1356,16,15,0
ascii95,literal,512,16,10000,0.95,52,0,0,,,,0
ascii95,literal,512,16,10000,0.95,53,1,1,1356,16,15,0
ascii95,literal,512,16,10000,0.95,53,0,0,,,,0
ascii95,literal,512,16,10000,0.95,54,1,1,1356,16,15,0
ascii95,literal,512,16,10000,0.95,54,0,0,,,,0
ascii95,literal,512,16,10000,0.95,55,1,1,1356,16,15,0
ascii95,literal,512,16,10000,0.95,55,0,0,,,,0
ascii95,literal,512,16,10000,0.95,56,1,1,1356,16,15,0
ascii95,literal,512,16,10000,0.95,56,0,0,,,,0
ascii95,literal,512,16,10000,0.95,57,1,1,1356,16,15,0
ascii95,literal,512,16,10000,0.95,57,0,0,,,,0
ascii95,literal,512,16,10000,0.95,58,1,1,1356,16,15,0
ascii95,literal,512,16,10000,0.95,58,0,0,,,,0
ascii95,literal,512,16,10000,0.95,59,1,1,1356,16,15,0
ascii95,literal,512,16,10000,0.95,59,0,0,,,,0
ascii95,literal,512,16,10000,0.95,60,1,1,1356,16,15,0
ascii95,literal,512,16,10000,0.95,60,0,0,,,,0
ascii95,literal,512,16,10000,0.95,61,1,1,1356,16,15,0
ascii95,literal,512,16,10000,0.95,61,0,0,,,,0
ascii95,literal,512,16,10000,0.95,62,1,1,1356,16,15,0
ascii95,literal,512,16,10000,0.95,62,0,0,,,,0
ascii95,literal,512,16,10000,0.95,63,1,1,1356,16,15,0
ascii95,literal,512,16,10000,0.95,63,0,0,,,,0
ascii95,literal,512,16,10000,0.95,64,1,1,1356,16,15,0
ascii95,literal,512,16,10000,0.95,64,0,0,,,,0
ascii95,literal,512,16,10000,0.95,65,1,1,1356,16,15,0
ascii95,literal,512,16,10000,0.95,65,0,0,,,,0
ascii95,literal,512,16,10000,0.95,66,1,1,1356,16,15,0
ascii95,literal,512,16,10000,0.95,66,0,0,,,,0
ascii95,literal,512,16,10000,0.95,67,1,1,1356,16,15,0
ascii95,literal,512,16,10000,0.95,67,0,0,,,,0
ascii95,literal,512,16,10000,0.95,68,1,1,1356,16,15,0
ascii95,literal,512,16,10000,0.95,68,0,0,,,,0
ascii95,literal,512,16,10000,0.95,69,1,1,1356,16,15,0
ascii95,literal,512,16,10000,0.95,69,0,0,,,,0
ascii95,literal,512,16,10000,0.95,70,1,1,1356,16,15,0
ascii95,literal,512,16,10000,0.95,70,0,0,,,,0
ascii95,literal,512,16,10000,0.95,71,1,1,1356,16,15,0
ascii95,literal,512,16,10000,0.95,71,0,0,,,,0
ascii95,literal,512,16,10000,0.95,72,1,1,1356,16,15,0
ascii95,literal,512,16,10000,0.95,72,0,0,,,,0
ascii95,literal,512,16,10000,0.95,73,1,1,1356,16,15,0
ascii95,literal,512,16,10000,0.95,73,0,0,,,,0
ascii95,literal,512,16,10000,0.95,74,1,1,1356,16,15,0
ascii95,literal,512,16,10000,0.95,74,0,0,,,,0
ascii95,literal,512,16,10000,0.95,75,1,1,1356,16,15,0
ascii95,literal,512,16,10000,0.95,75,0,0,,,,0
ascii95,literal,512,16,10000,0.95,76,1,1,1356,16,15,0
ascii95,literal,512,16,10000,0.95,76,0,0,,,,0
ascii95,literal,512,16,10000,0.95,77,1,1,1356,16,15,0
ascii95,literal,512,16,10000,0.95,77,0,0,,,,0
ascii95,literal,512,16,10000,0.95,78,1,1,1356,16,15,0
ascii95,literal,512,16,10000,0.95,78,0,0,,,,0
ascii95,literal,512,16,10000,0.95,79,1,1,1356,16,15,0
ascii95,literal,512,16,10000,0.95,79,0,0,,,,0
ascii95,literal,512,16,10000,0.95,80,1,1,1356,16,15,0
ascii95,literal,512,16,10000,0.95,80,0,0,,,,0
ascii95,literal,512,16,10000,0.95,81,1,1,1356,16,15,0
ascii95,literal,512,16,10000,0.95,81,0,0,,,,0
ascii95,literal,512,16,10000,0.95,82,1,1,1356,16,15,0
ascii95,literal,512,16,10000,0.95,82,0,0,,,,0
ascii95,literal,512,16,10000,0.95,83,1,1,1356,16,15,0
ascii95,literal,512,16,10000,0.95,83,0,0,,,,0
ascii95,literal,512,16,10000,0.95,84,1,1,1356,16,15,0
ascii95,literal,512,16,10000,0.95,84,0,0,,,,0
ascii95,literal,512,16,10000,0.95,85,1,1,1356,16,15,0
ascii95,literal,512,16,10000,0.95,85,0,0,,,,0
ascii95,literal,512,16,10000,0.95,86,1,1,1356,16,15,0
ascii95,literal,512,16,10000,0.95,86,0,0,,,,0
ascii95,literal,512,16,10000,0.95,87,1,1,1356,16,15,0
ascii95,literal,512,16,10000,0.95,87,0,0,,,,0
ascii95,literal,512,16,10000,0.95,88,1,1,1356,16,15,0
ascii95,literal,512,16,10000,0.95,88,0,0,,,,0
ascii95,literal,512,16,10000,0.95,89,1,1,1356,16,15,0
ascii95,literal,512,16,10000,0.95,89,0,0,,,,0
ascii95,literal,512,16,10000,0.95,90,1,1,1356,16,15,0
ascii95,literal,512,16,10000,0.95,90,0,0,,,,0
ascii95,literal,512,16,10000,0.95,91,1,1,1356,16,15,0
ascii95,literal,512,16,10000,0.95,91,0,0,,,,0
ascii95,literal,512,16,10000,0.95,92,1,1,1356,16,15,0
ascii95,literal,512,16,10000,0.95,92,0,0,,,,0
ascii95,literal,512,16,10000,0.95,93,1,1,1356,16,15,0
ascii95,literal,512,16,10000,0.95,93,0,0,,,,0
ascii95,literal,512,16,10000,0.95,94,1,1,1356,16,15,0
ascii95,literal,512,16,10000,0.95,94,0,0,,,,0
ascii95,literal,512,16,10000,0.95,95,1,1,1356,16,15,0
ascii95,literal,512,16,10000,0.95,95,0,0,,,,0
ascii95,literal,512,16,10000,0.95,96,1,1,1356,16,15,0
ascii95,literal,512,16,10000,0.95,96,0,0,,,,0
ascii95,literal,512,16,10000,0.95,97,1,1,1356,16,15,0
ascii95,literal,512,16,10000,0.95,97,0,0,,,,0
ascii95,literal,512,16,10000,0.95,98,1,1,1356,16,15,0
ascii95,literal,512,16,10000,0.95,98,0,0,,,,0
ascii95,literal,512,16,10000,0.95,99,1,1,1356,16,15,0
ascii95,literal,512,16,10000,0.95,99,0,0,,,,0
ascii95,literal,512,16,10000,0.95,100,1,1,1356,16,15,0
ascii95,literal,512,16,10000,0.95,100,0,0,,,,0
ascii95,literal,1024,32,10000,0.50,1,1,1,1356,17,16,0
ascii95,literal,1024,32,10000,0.50,1,0,0,,,,0
ascii95,literal,1024,32,10000,0.50,2,1,1,1356,17,16,0
ascii95,literal,1024,32,10000,0.50,2,0,0,,,,0
ascii95,literal,1024,32,10000,0.50,3,1,1,1356,17,16,0
ascii95,literal,1024,32,10000,0.50,3,0,0,,,,0
ascii95,literal,1024,32,10000,0.50,4,1,1,1356,17,16,0
ascii95,literal,1024,32,10000,0.50,4,0,0,,,,0
ascii95,literal,1024,32,10000,0.50,5,1,1,1356,17,16,0
ascii95,literal,1024,32,10000,0.50,5,0,0,,,,0
ascii95,literal,1024,32,10000,0.50,6,1,1,1356,17,16,0
ascii95,literal,1024,32,10000,0.50,6,0,0,,,,0
ascii95,literal,1024,32,10000,0.50,7,1,1,1356,17,16,0
ascii95,literal,1024,32,10000,0.50,7,0,0,,,,0
ascii95,literal,1024,32,10000,0.50,8,1,1,1356,17,16,0
ascii95,literal,1024,32,10000,0.50,8,0,0,,,,0
ascii95,literal,1024,32,10000,0.50,9,1,1,1356,17,16,0
ascii95,literal,1024,32,10000,0.50,9,0,0,,,,0
ascii95,literal,1024,32,10000,0.50,10,1,1,1356,17,16,0
ascii95,literal,1024,32,10000,0.50,10,0,0,,,,0
ascii95,literal,1024,32,10000,0.50,11,1,1,1356,17,16,0
ascii95,literal,1024,32,10000,0.50,11,0,0,,,,0
ascii95,literal,1024,32,10000,0.50,12,1,1,1356,17,16,0
ascii95,literal,1024,32,10000,0.50,12,0,0,,,,0
ascii95,literal,1024,32,10000,0.50,13,1,1,1356,17,16,0
ascii95,literal,1024,32,10000,0.50,13,0,0,,,,0
ascii95,literal,1024,32,10000,0.50,14,1,1,1356,17,16,0
ascii95,literal,1024,32,10000,0.50,14,0,0,,,,0
ascii95,literal,1024,32,10000,0.50,15,1,1,1356,17,16,0
ascii95,literal,1024,32,10000,0.50,15,0,0,,,,0
ascii95,literal,1024,32,10000,0.50,16,1,1,1356,17,16,0
ascii95,literal,1024,32,10000,0.50,16,0,0,,,,0
ascii95,literal,1024,32,10000,0.50,17,1,1,1356,17,16,0
ascii95,literal,1024,32,10000,0.50,17,0,0,,,,0
ascii95,literal,1024,32,10000,0.50,18,1,1,1356,17,16,0
ascii95,literal,1024,32,10000,0.50,18,0,0,,,,0
ascii95,literal,1024,32,10000,0.50,19,1,1,1356,17,16,0
ascii95,literal,1024,32,10000,0.50,19,0,0,,,,0
ascii95,literal,1024,32,10000,0.50,20,1,1,1356,17,16,0
ascii95,literal,1024,32,10000,0.50,20,0,0,,,,0
ascii95,literal,1024,32,10000,0.50,21,1,1,1356,17,16,0
ascii95,literal,1024,32,10000,0.50,21,0,0,,,,0
ascii95,literal,1024,32,10000,0.50,22,1,1,1356,17,16,0
ascii95,literal,1024,32,10000,0.50,22,0,0,,,,0
ascii95,literal,1024,32,10000,0.50,23,1,1,1356,17,16,0
ascii95,literal,1024,32,10000,0.50,23,0,0,,,,0
ascii95,literal,1024,32,10000,0.50,24,1,1,1356,17,16,0
ascii95,literal,1024,32,10000,0.50,24,0,0,,,,0
ascii95,literal,1024,32,10000,0.50,25,1,1,1356,17,16,0
ascii95,literal,1024,32,10000,0.50,25,0,0,,,,0
ascii95,literal,1024,32,10000,0.50,26,1,1,1356,17,16,0
ascii95,literal,1024,32,10000,0.50,26,0,0,,,,0
ascii95,literal,1024,32,10000,0.50,27,1,1,1356,17,16,0
ascii95,literal,1024,32,10000,0.50,27,0,0,,,,0
ascii95,literal,1024,32,10000,0.50,28,1,1,1356,17,16,0
ascii95,literal,1024,32,10000,0.50,28,0,0,,,,0
ascii95,literal,1024,32,10000,0.50,29,1,1,1356,17,16,0
ascii95,literal,1024,32,10000,0.50,29,0,0,,,,0
ascii95,literal,1024,32,10000,0.50,30,1,1,1356,17,16,0
ascii95,literal,1024,32,10000,0.50,30,0,0,,,,0
ascii95,literal,1024,32,10000,0.50,31,1,1,1356,17,16,0
ascii95,literal,1024,32,10000,0.50,31,0,0,,,,0
ascii95,literal,1024,32,10000,0.50,32,1,1,1356,17,16,0
ascii95,literal,1024,32,10000,0.50,32,0,0,,,,0
ascii95,literal,1024,32,10000,0.50,33,1,1,1356,17,16,0
ascii95,literal,1024,32,10000,0.50,33,0,0,,,,0
ascii95,literal,1024,32,10000,0.50,34,1,1,1356,17,16,0
ascii95,literal,1024,32,10000,0.50,34,0,0,,,,0
ascii95,literal,1024,32,10000,0.50,35,1,1,1356,17,16,0
ascii95,literal,1024,32,10000,0.50,35,0,0,,,,0
ascii95,literal,1024,32,10000,0.50,36,1,1,1356,17,16,0
ascii95,literal,1024,32,10000,0.50,36,0,0,,,,0
ascii95,literal,1024,32,10000,0.50,37,1,1,1356,17,16,0
ascii95,literal,1024,32,10000,0.50,37,0,0,,,,0
ascii95,literal,1024,32,10000,0.50,38,1,1,1356,17,16,0
ascii95,literal,1024,32,10000,0.50,38,0,0,,,,0
ascii95,literal,1024,32,10000,0.50,39,1,1,1356,17,16,0
ascii95,literal,1024,32,10000,0.50,39,0,0,,,,0
ascii95,literal,1024,32,10000,0.50,40,1,1,1356,17,16,0
ascii95,literal,1024,32,10000,0.50,40,0,0,,,,0
ascii95,literal,1024,32,10000,0.50,41,1,1,1356,17,16,0
ascii95,literal,1024,32,10000,0.50,41,0,0,,,,0
ascii95,literal,1024,32,10000,0.50,42,1,1,1356,17,16,0
ascii95,literal,1024,32,10000,0.50,42,0,0,,,,0
ascii95,literal,1024,32,10000,0.50,43,1,1,1356,17,16,0
ascii95,literal,1024,32,10000,0.50,43,0,0,,,,0
ascii95,literal,1024,32,10000,0.50,44,1,1,1356,17,16,0
ascii95,literal,1024,32,10000,0.50,44,0,0,,,,0
ascii95,literal,1024,32,10000,0.50,45,1,1,1356,17,16,0
ascii95,literal,1024,32,10000,0.50,45,0,0,,,,0
ascii95,literal,1024,32,10000,0.50,46,1,1,1356,17,16,0
ascii95,literal,1024,32,10000,0.50,46,0,0,,,,0
ascii95,literal,1024,32,10000,0.50,47,1,1,1356,17,16,0
ascii95,literal,1024,32,10000,0.50,47,0,0,,,,0
ascii95,literal,1024,32,10000,0.50,48,1,1,1356,17,16,0
ascii95,literal,1024,32,10000,0.50,48,0,0,,,,0
ascii95,literal,1024,32,10000,0.50,49,1,1,1356,17,16,0
ascii95,literal,1024,32,10000,0.50,49,0,0,,,,0
ascii95,literal,1024,32,10000,0.50,50,1,1,1356,17,16,0
ascii95,literal,1024,32,10000,0.50,50,0,0,,,,0
ascii95,literal,1024,32,10000,0.50,51,1,1,1356,17,16,0
ascii95,literal,1024,32,10000,0.50,51,0,0,,,,0
ascii95,literal,1024,32,10000,0.50,52,1,1,1356,17,16,0
ascii95,literal,1024,32,10000,0.50,52,0,0,,,,0
ascii95,literal,1024,32,10000,0.50,53,1,1,1356,17,16,0
ascii95,literal,1024,32,10000,0.50,53,0,0,,,,0
ascii95,literal,1024,32,10000,0.50,54,1,1,1356,17,16,0
ascii95,literal,1024,32,10000,0.50,54,0,0,,,,0
ascii95,literal,1024,32,10000,0.50,55,1,1,1356,17,16,0
ascii95,literal,1024,32,10000,0.50,55,0,0,,,,0
ascii95,literal,1024,32,10000,0.50,56,1,1,1356,17,16,0
ascii95,literal,1024,32,10000,0.50,56,0,0,,,,0
ascii95,literal,1024,32,10000,0.50,57,1,1,1356,17,16,0
ascii95,literal,1024,32,10000,0.50,57,0,0,,,,0
ascii95,literal,1024,32,10000,0.50,58,1,1,1356,17,16,0
ascii95,literal,1024,32,10000,0.50,58,0,0,,,,0
ascii95,literal,1024,32,10000,0.50,59,1,1,1356,17,16,0
ascii95,literal,1024,32,10000,0.50,59,0,0,,,,0
ascii95,literal,1024,32,10000,0.50,60,1,1,1356,17,16,0
ascii95,literal,1024,32,10000,0.50,60,0,0,,,,0
ascii95,literal,1024,32,10000,0.50,61,1,1,1356,17,16,0
ascii95,literal,1024,32,10000,0.50,61,0,0,,,,0
ascii95,literal,1024,32,10000,0.50,62,1,1,1356,17,16,0
ascii95,literal,1024,32,10000,0.50,62,0,0,,,,0
ascii95,literal,1024,32,10000,0.50,63,1,1,1356,17,16,0
ascii95,literal,1024,32,10000,0.50,63,0,0,,,,0
ascii95,literal,1024,32,10000,0.50,64,1,1,1356,17,16,0
ascii95,literal,1024,32,10000,0.50,64,0,0,,,,0
ascii95,literal,1024,32,10000,0.50,65,1,1,1356,17,16,0
ascii95,literal,1024,32,10000,0.50,65,0,0,,,,0
ascii95,literal,1024,32,10000,0.50,66,1,1,1356,17,16,0
ascii95,literal,1024,32,10000,0.50,66,0,0,,,,0
ascii95,literal,1024,32,10000,0.50,67,1,1,1356,17,16,0
ascii95,literal,1024,32,10000,0.50,67,0,0,,,,0
ascii95,literal,1024,32,10000,0.50,68,1,1,1356,17,16,0
ascii95,literal,1024,32,10000,0.50,68,0,0,,,,0
ascii95,literal,1024,32,10000,0.50,69,1,1,1356,17,16,0
ascii95,literal,1024,32,10000,0.50,69,0,0,,,,0
ascii95,literal,1024,32,10000,0.50,70,1,1,1356,17,16,0
ascii95,literal,1024,32,10000,0.50,70,0,0,,,,0
ascii95,literal,1024,32,10000,0.50,71,1,1,1356,17,16,0
ascii95,literal,1024,32,10000,0.50,71,0,0,,,,0
ascii95,literal,1024,32,10000,0.50,72,1,1,1356,17,16,0
ascii95,literal,1024,32,10000,0.50,72,0,0,,,,0
ascii95,literal,1024,32,10000,0.50,73,1,1,1356,17,16,0
ascii95,literal,1024,32,10000,0.50,73,0,0,,,,0
ascii95,literal,1024,32,10000,0.50,74,1,1,1356,17,16,0
ascii95,literal,1024,32,10000,0.50,74,0,0,,,,0
ascii95,literal,1024,32,10000,0.50,75,1,1,1356,17,16,0
ascii95,literal,1024,32,10000,0.50,75,0,0,,,,0
ascii95,literal,1024,32,10000,0.50,76,1,1,1356,17,16,0
ascii95,literal,1024,32,10000,0.50,76,0,0,,,,0
ascii95,literal,1024,32,10000,0.50,77,1,1,1356,17,16,0
ascii95,literal,1024,32,10000,0.50,77,0,0,,,,0
ascii95,literal,1024,32,10000,0.50,78,1,1,1356,17,16,0
ascii95,literal,1024,32,10000,0.50,78,0,0,,,,0
ascii95,literal,1024,32,10000,0.50,79,1,1,1356,17,16,0
ascii95,literal,1024,32,10000,0.50,79,0,0,,,,0
ascii95,literal,1024,32,10000,0.50,80,1,1,1356,17,16,0
ascii95,literal,1024,32,10000,0.50,80,0,0,,,,0
ascii95,literal,1024,32,10000,0.50,81,1,1,1356,17,16,0
ascii95,literal,1024,32,10000,0.50,81,0,0,,,,0
ascii95,literal,1024,32,10000,0.50,82,1,1,1356,17,16,0
ascii95,literal,1024,32,10000,0.50,82,0,0,,,,0
ascii95,literal,1024,32,10000,0.50,83,1,1,1356,17,16,0
ascii95,literal,1024,32,10000,0.50,83,0,0,,,,0
ascii95,literal,1024,32,10000,0.50,84,1,1,1356,17,16,0
ascii95,literal,1024,32,10000,0.50,84,0,0,,,,0
ascii95,literal,1024,32,10000,0.50,85,1,1,1356,17,16,0
ascii95,literal,1024,32,10000,0.50,85,0,0,,,,0
ascii95,literal,1024,32,10000,0.50,86,1,1,1356,17,16,0
ascii95,literal,1024,32,10000,0.50,86,0,0,,,,0
ascii95,literal,1024,32,10000,0.50,87,1,1,1356,17,16,0
ascii95,literal,1024,32,10000,0.50,87,0,0,,,,0
ascii95,literal,1024,32,10000,0.50,88,1,1,1356,17,16,0
ascii95,literal,1024,32,10000,0.50,88,0,0,,,,0
ascii95,literal,1024,32,10000,0.50,89,1,1,1356,17,16,0
ascii95,literal,1024,32,10000,0.50,89,0,0,,,,0
ascii95,literal,1024,32,10000,0.50,90,1,1,1356,17,16,0
ascii95,literal,1024,32,10000,0.50,90,0,0,,,,0
ascii95,literal,1024,32,10000,0.50,91,1,1,1356,17,16,0
ascii95,literal,1024,32,10000,0.50,91,0,0,,,,0
ascii95,literal,1024,32,10000,0.50,92,1,1,1356,17,16,0
ascii95,literal,1024,32,10000,0.50,92,0,0,,,,0
ascii95,literal,1024,32,10000,0.50,93,1,1,1356,17,16,0
ascii95,literal,1024,32,10000,0.50,93,0,0,,,,0
ascii95,literal,1024,32,10000,0.50,94,1,1,1356,17,16,0
ascii95,literal,1024,32,10000,0.50,94,0,0,,,,0
ascii95,literal,1024,32,10000,0.50,95,1,1,1356,17,16,0
ascii95,literal,1024,32,10000,0.50,95,0,0,,,,0
ascii95,literal,1024,32,10000,0.50,96,1,1,1356,17,16,0
ascii95,literal,1024,32,10000,0.50,96,0,0,,,,0
ascii95,literal,1024,32,10000,0.50,97,1,1,1356,17,16,0
ascii95,literal,1024,32,10000,0.50,97,0,0,,,,0
ascii95,literal,1024,32,10000,0.50,98,1,1,1356,17,16,0
ascii95,literal,1024,32,10000,0.50,98,0,0,,,,0
ascii95,literal,1024,32,10000,0.50,99,1,1,1356,17,16,0
ascii95,literal,1024,32,10000,0.50,99,0,0,,,,0
ascii95,literal,1024,32,10000,0.50,100,1,1,1356,17,16,0
ascii95,literal,1024,32,10000,0.50,100,0,0,,,,0
ascii95,literal,1024,32,10000,0.60,1,1,1,1356,20,19,0
ascii95,literal,1024,32,10000,0.60,1,0,0,,,,0
ascii95,literal,1024,32,10000,0.60,2,1,1,1356,20,19,0
ascii95,literal,1024,32,10000,0.60,2,0,0,,,,0
ascii95,literal,1024,32,10000,0.60,3,1,1,1356,20,19,0
ascii95,literal,1024,32,10000,0.60,3,0,0,,,,0
ascii95,literal,1024,32,10000,0.60,4,1,1,1356,20,19,0
ascii95,literal,1024,32,10000,0.60,4,0,0,,,,0
ascii95,literal,1024,32,10000,0.60,5,1,1,1356,20,19,0
ascii95,literal,1024,32,10000,0.60,5,0,0,,,,0
ascii95,literal,1024,32,10000,0.60,6,1,1,1356,20,19,0
ascii95,literal,1024,32,10000,0.60,6,0,0,,,,0
ascii95,literal,1024,32,10000,0.60,7,1,1,1356,20,19,0
ascii95,literal,1024,32,10000,0.60,7,0,0,,,,0
ascii95,literal,1024,32,10000,0.60,8,1,1,1356,20,19,0
ascii95,literal,1024,32,10000,0.60,8,0,0,,,,0
ascii95,literal,1024,32,10000,0.60,9,1,1,1356,20,19,0
ascii95,literal,1024,32,10000,0.60,9,0,0,,,,0
ascii95,literal,1024,32,10000,0.60,10,1,1,1356,20,19,0
ascii95,literal,1024,32,10000,0.60,10,0,0,,,,0
ascii95,literal,1024,32,10000,0.60,11,1,1,1356,20,19,0
ascii95,literal,1024,32,10000,0.60,11,0,0,,,,0
ascii95,literal,1024,32,10000,0.60,12,1,1,1356,20,19,0
ascii95,literal,1024,32,10000,0.60,12,0,0,,,,0
ascii95,literal,1024,32,10000,0.60,13,1,1,1356,20,19,0
ascii95,literal,1024,32,10000,0.60,13,0,0,,,,0
ascii95,literal,1024,32,10000,0.60,14,1,1,1356,20,19,0
ascii95,literal,1024,32,10000,0.60,14,0,0,,,,0
ascii95,literal,1024,32,10000,0.60,15,1,1,1356,20,19,0
ascii95,literal,1024,32,10000,0.60,15,0,0,,,,0
ascii95,literal,1024,32,10000,0.60,16,1,1,1356,20,19,0
ascii95,literal,1024,32,10000,0.60,16,0,0,,,,0
ascii95,literal,1024,32,10000,0.60,17,1,1,1356,20,19,0
ascii95,literal,1024,32,10000,0.60,17,0,0,,,,0
ascii95,literal,1024,32,10000,0.60,18,1,1,1356,20,19,0
ascii95,literal,1024,32,10000,0.60,18,0,0,,,,0
ascii95,literal,1024,32,10000,0.60,19,1,1,1356,20,19,0
ascii95,literal,1024,32,10000,0.60,19,0,0,,,,0
ascii95,literal,1024,32,10000,0.60,20,1,1,1356,20,19,0
ascii95,literal,1024,32,10000,0.60,20,0,0,,,,0
ascii95,literal,1024,32,10000,0.60,21,1,1,1356,20,19,0
ascii95,literal,1024,32,10000,0.60,21,0,0,,,,0
ascii95,literal,1024,32,10000,0.60,22,1,1,1356,20,19,0
ascii95,literal,1024,32,10000,0.60,22,0,0,,,,0
ascii95,literal,1024,32,10000,0.60,23,1,1,1356,20,19,0
ascii95,literal,1024,32,10000,0.60,23,0,0,,,,0
ascii95,literal,1024,32,10000,0.60,24,1,1,1356,20,19,0
ascii95,literal,1024,32,10000,0.60,24,0,0,,,,0
ascii95,literal,1024,32,10000,0.60,25,1,1,1356,20,19,0
ascii95,literal,1024,32,10000,0.60,25,0,0,,,,0
ascii95,literal,1024,32,10000,0.60,26,1,1,1356,20,19,0
ascii95,literal,1024,32,10000,0.60,26,0,0,,,,0
ascii95,literal,1024,32,10000,0.60,27,1,1,1356,20,19,0
ascii95,literal,1024,32,10000,0.60,27,0,0,,,,0
ascii95,literal,1024,32,10000,0.60,28,1,1,1356,20,19,0
ascii95,literal,1024,32,10000,0.60,28,0,0,,,,0
ascii95,literal,1024,32,10000,0.60,29,1,1,1356,20,19,0
ascii95,literal,1024,32,10000,0.60,29,0,0,,,,0
ascii95,literal,1024,32,10000,0.60,30,1,1,1356,20,19,0
ascii95,literal,1024,32,10000,0.60,30,0,0,,,,0
ascii95,literal,1024,32,10000,0.60,31,1,1,1356,20,19,0
ascii95,literal,1024,32,10000,0.60,31,0,0,,,,0
ascii95,literal,1024,32,10000,0.60,32,1,1,1356,20,19,0
ascii95,literal,1024,32,10000,0.60,32,0,0,,,,0
ascii95,literal,1024,32,10000,0.60,33,1,1,1356,20,19,0
ascii95,literal,1024,32,10000,0.60,33,0,0,,,,0
ascii95,literal,1024,32,10000,0.60,34,1,1,1356,20,19,0
ascii95,literal,1024,32,10000,0.60,34,0,0,,,,0
ascii95,literal,1024,32,10000,0.60,35,1,1,1356,20,19,0
ascii95,literal,1024,32,10000,0.60,35,0,0,,,,0
ascii95,literal,1024,32,10000,0.60,36,1,1,1356,20,19,0
ascii95,literal,1024,32,10000,0.60,36,0,0,,,,0
ascii95,literal,1024,32,10000,0.60,37,1,1,1356,20,19,0
ascii95,literal,1024,32,10000,0.60,37,0,0,,,,0
ascii95,literal,1024,32,10000,0.60,38,1,1,1356,20,19,0
ascii95,literal,1024,32,10000,0.60,38,0,0,,,,0
ascii95,literal,1024,32,10000,0.60,39,1,1,1356,20,19,0
ascii95,literal,1024,32,10000,0.60,39,0,0,,,,0
ascii95,literal,1024,32,10000,0.60,40,1,1,1356,20,19,0
ascii95,literal,1024,32,10000,0.60,40,0,0,,,,0
ascii95,literal,1024,32,10000,0.60,41,1,1,1356,20,19,0
ascii95,literal,1024,32,10000,0.60,41,0,0,,,,0
ascii95,literal,1024,32,10000,0.60,42,1,1,1356,20,19,0
ascii95,literal,1024,32,10000,0.60,42,0,0,,,,0
ascii95,literal,1024,32,10000,0.60,43,1,1,1356,20,19,0
ascii95,literal,1024,32,10000,0.60,43,0,0,,,,0
ascii95,literal,1024,32,10000,0.60,44,1,1,1356,20,19,0
ascii95,literal,1024,32,10000,0.60,44,0,0,,,,0
ascii95,literal,1024,32,10000,0.60,45,1,1,1356,20,19,0
ascii95,literal,1024,32,10000,0.60,45,0,0,,,,0
ascii95,literal,1024,32,10000,0.60,46,1,1,1356,20,19,0
ascii95,literal,1024,32,10000,0.60,46,0,0,,,,0
ascii95,literal,1024,32,10000,0.60,47,1,1,1356,20,19,0
ascii95,literal,1024,32,10000,0.60,47,0,0,,,,0
ascii95,literal,1024,32,10000,0.60,48,1,1,1356,20,19,0
ascii95,literal,1024,32,10000,0.60,48,0,0,,,,0
ascii95,literal,1024,32,10000,0.60,49,1,1,1356,20,19,0
ascii95,literal,1024,32,10000,0.60,49,0,0,,,,0
ascii95,literal,1024,32,10000,0.60,50,1,1,1356,20,19,0
ascii95,literal,1024,32,10000,0.60,50,0,0,,,,0
ascii95,literal,1024,32,10000,0.60,51,1,1,1356,20,19,0
ascii95,literal,1024,32,10000,0.60,51,0,0,,,,0
ascii95,literal,1024,32,10000,0.60,52,1,1,1356,20,19,0
ascii95,literal,1024,32,10000,0.60,52,0,0,,,,0
ascii95,literal,1024,32,10000,0.60,53,1,1,1356,20,19,0
ascii95,literal,1024,32,10000,0.60,53,0,0,,,,0
ascii95,literal,1024,32,10000,0.60,54,1,1,1356,20,19,0
ascii95,literal,1024,32,10000,0.60,54,0,0,,,,0
ascii95,literal,1024,32,10000,0.60,55,1,1,1356,20,19,0
ascii95,literal,1024,32,10000,0.60,55,0,0,,,,0
ascii95,literal,1024,32,10000,0.60,56,1,1,1356,20,19,0
ascii95,literal,1024,32,10000,0.60,56,0,0,,,,0
ascii95,literal,1024,32,10000,0.60,57,1,1,1356,20,19,0
ascii95,literal,1024,32,10000,0.60,57,0,0,,,,0
ascii95,literal,1024,32,10000,0.60,58,1,1,1356,20,19,0
ascii95,literal,1024,32,10000,0.60,58,0,0,,,,0
ascii95,literal,1024,32,10000,0.60,59,1,1,1356,20,19,0
ascii95,literal,1024,32,10000,0.60,59,0,0,,,,0
ascii95,literal,1024,32,10000,0.60,60,1,1,1356,20,19,0
ascii95,literal,1024,32,10000,0.60,60,0,0,,,,0
ascii95,literal,1024,32,10000,0.60,61,1,1,1356,20,19,0
ascii95,literal,1024,32,10000,0.60,61,0,0,,,,0
ascii95,literal,1024,32,10000,0.60,62,1,1,1356,20,19,0
ascii95,literal,1024,32,10000,0.60,62,0,0,,,,0
ascii95,literal,1024,32,10000,0.60,63,1,1,1356,20,19,0
ascii95,literal,1024,32,10000,0.60,63,0,0,,,,0
ascii95,literal,1024,32,10000,0.60,64,1,1,1356,20,19,0
ascii95,literal,1024,32,10000,0.60,64,0,0,,,,0
ascii95,literal,1024,32,10000,0.60,65,1,1,1356,20,19,0
ascii95,literal,1024,32,10000,0.60,65,0,0,,,,0
ascii95,literal,1024,32,10000,0.60,66,1,1,1356,20,19,0
ascii95,literal,1024,32,10000,0.60,66,0,0,,,,0
ascii95,literal,1024,32,10000,0.60,67,1,1,1356,20,19,0
ascii95,literal,1024,32,10000,0.60,67,0,0,,,,0
ascii95,literal,1024,32,10000,0.60,68,1,1,1356,20,19,0
ascii95,literal,1024,32,10000,0.60,68,0,0,,,,0
ascii95,literal,1024,32,10000,0.60,69,1,1,1356,20,19,0
ascii95,literal,1024,32,10000,0.60,69,0,0,,,,0
ascii95,literal,1024,32,10000,0.60,70,1,1,1356,20,19,0
ascii95,literal,1024,32,10000,0.60,70,0,0,,,,0
ascii95,literal,1024,32,10000,0.60,71,1,1,1356,20,19,0
ascii95,literal,1024,32,10000,0.60,71,0,0,,,,0
ascii95,literal,1024,32,10000,0.60,72,1,1,1356,20,19,0
ascii95,literal,1024,32,10000,0.60,72,0,0,,,,0
ascii95,literal,1024,32,10000,0.60,73,1,1,1356,20,19,0
ascii95,literal,1024,32,10000,0.60,73,0,0,,,,0
ascii95,literal,1024,32,10000,0.60,74,1,1,1356,20,19,0
ascii95,literal,1024,32,10000,0.60,74,0,0,,,,0
ascii95,literal,1024,32,10000,0.60,75,1,1,1356,20,19,0
ascii95,literal,1024,32,10000,0.60,75,0,0,,,,0
ascii95,literal,1024,32,10000,0.60,76,1,1,1356,20,19,0
ascii95,literal,1024,32,10000,0.60,76,0,0,,,,0
ascii95,literal,1024,32,10000,0.60,77,1,1,1356,20,19,0
ascii95,literal,1024,32,10000,0.60,77,0,0,,,,0
ascii95,literal,1024,32,10000,0.60,78,1,1,1356,20,19,0
ascii95,literal,1024,32,10000,0.60,78,0,0,,,,0
ascii95,literal,1024,32,10000,0.60,79,1,1,1356,20,19,0
ascii95,literal,1024,32,10000,0.60,79,0,0,,,,0
ascii95,literal,1024,32,10000,0.60,80,1,1,1356,20,19,0
ascii95,literal,1024,32,10000,0.60,80,0,0,,,,0
ascii95,literal,1024,32,10000,0.60,81,1,1,1356,20,19,0
ascii95,literal,1024,32,10000,0.60,81,0,0,,,,0
ascii95,literal,1024,32,10000,0.60,82,1,1,1356,20,19,0
ascii95,literal,1024,32,10000,0.60,82,0,0,,,,0
ascii95,literal,1024,32,10000,0.60,83,1,1,1356,20,19,0
ascii95,literal,1024,32,10000,0.60,83,0,0,,,,0
ascii95,literal,1024,32,10000,0.60,84,1,1,1356,20,19,0
ascii95,literal,1024,32,10000,0.60,84,0,0,,,,0
ascii95,literal,1024,32,10000,0.60,85,1,1,1356,20,19,0
ascii95,literal,1024,32,10000,0.60,85,0,0,,,,0
ascii95,literal,1024,32,10000,0.60,86,1,1,1356,20,19,0
ascii95,literal,1024,32,10000,0.60,86,0,0,,,,0
ascii95,literal,1024,32,10000,0.60,87,1,1,1356,20,19,0
ascii95,literal,1024,32,10000,0.60,87,0,0,,,,0
ascii95,literal,1024,32,10000,0.60,88,1,1,1356,20,19,0
ascii95,literal,1024,32,10000,0.60,88,0,0,,,,0
ascii95,literal,1024,32,10000,0.60,89,1,1,1356,20,19,0
ascii95,literal,1024,32,10000,0.60,89,0,0,,,,0
ascii95,literal,1024,32,10000,0.60,90,1,1,1356,20,19,0
ascii95,literal,1024,32,10000,0.60,90,0,0,,,,0
ascii95,literal,1024,32,10000,0.60,91,1,1,1356,20,19,0
ascii95,literal,1024,32,10000,0.60,91,0,0,,,,0
ascii95,literal,1024,32,10000,0.60,92,1,1,1356,20,19,0
ascii95,literal,1024,32,10000,0.60,92,0,0,,,,0
ascii95,literal,1024,32,10000,0.60,93,1,1,1356,20,19,0
ascii95,literal,1024,32,10000,0.60,93,0,0,,,,0
ascii95,literal,1024,32,10000,0.60,94,1,1,1356,20,19,0
ascii95,literal,1024,32,10000,0.60,94,0,0,,,,0
ascii95,literal,1024,32,10000,0.60,95,1,1,1356,20,19,0
ascii95,literal,1024,32,10000,0.60,95,0,0,,,,0
ascii95,literal,1024,32,10000,0.60,96,1,1,1356,20,19,0
ascii95,literal,1024,32,10000,0.60,96,0,0,,,,0
ascii95,literal,1024,32,10000,0.60,97,1,1,1356,20,19,0
ascii95,literal,1024,32,10000,0.60,97,0,0,,,,0
ascii95,literal,1024,32,10000,0.60,98,1,1,1356,20,19,0
ascii95,literal,1024,32,10000,0.60,98,0,0,,,,0
ascii95,literal,1024,32,10000,0.60,99,1,1,1356,20,19,0
ascii95,literal,1024,32,10000,0.60,99,0,0,,,,0
ascii95,literal,1024,32,10000,0.60,100,1,1,1356,20,19,0
ascii95,literal,1024,32,10000,0.60,100,0,0,,,,0
ascii95,literal,1024,32,10000,0.70,1,1,1,1356,23,22,0
ascii95,literal,1024,32,10000,0.70,1,0,0,,,,0
ascii95,literal,1024,32,10000,0.70,2,1,1,1356,23,22,0
ascii95,literal,1024,32,10000,0.70,2,0,0,,,,0
ascii95,literal,1024,32,10000,0.70,3,1,1,1356,23,22,0
ascii95,literal,1024,32,10000,0.70,3,0,0,,,,0
ascii95,literal,1024,32,10000,0.70,4,1,1,1356,23,22,0
ascii95,literal,1024,32,10000,0.70,4,0,0,,,,0
ascii95,literal,1024,32,10000,0.70,5,1,1,1356,23,22,0
ascii95,literal,1024,32,10000,0.70,5,0,0,,,,0
ascii95,literal,1024,32,10000,0.70,6,1,1,1356,23,22,0
ascii95,literal,1024,32,10000,0.70,6,0,0,,,,0
ascii95,literal,1024,32,10000,0.70,7,1,1,1356,23,22,0
ascii95,literal,1024,32,10000,0.70,7,0,0,,,,0
ascii95,literal,1024,32,10000,0.70,8,1,1,1356,23,22,0
ascii95,literal,1024,32,10000,0.70,8,0,0,,,,0
ascii95,literal,1024,32,10000,0.70,9,1,1,1356,23,22,0
ascii95,literal,1024,32,10000,0.70,9,0,0,,,,0
ascii95,literal,1024,32,10000,0.70,10,1,1,1356,23,22,0
ascii95,literal,1024,32,10000,0.70,10,0,0,,,,0
ascii95,literal,1024,32,10000,0.70,11,1,1,1356,23,22,0
ascii95,literal,1024,32,10000,0.70,11,0,0,,,,0
ascii95,literal,1024,32,10000,0.70,12,1,1,1356,23,22,0
ascii95,literal,1024,32,10000,0.70,12,0,0,,,,0
ascii95,literal,1024,32,10000,0.70,13,1,1,1356,23,22,0
ascii95,literal,1024,32,10000,0.70,13,0,0,,,,0
ascii95,literal,1024,32,10000,0.70,14,1,1,1356,23,22,0
ascii95,literal,1024,32,10000,0.70,14,0,0,,,,0
ascii95,literal,1024,32,10000,0.70,15,1,1,1356,23,22,0
ascii95,literal,1024,32,10000,0.70,15,0,0,,,,0
ascii95,literal,1024,32,10000,0.70,16,1,1,1356,23,22,0
ascii95,literal,1024,32,10000,0.70,16,0,0,,,,0
ascii95,literal,1024,32,10000,0.70,17,1,1,1356,23,22,0
ascii95,literal,1024,32,10000,0.70,17,0,0,,,,0
ascii95,literal,1024,32,10000,0.70,18,1,1,1356,23,22,0
ascii95,literal,1024,32,10000,0.70,18,0,0,,,,0
ascii95,literal,1024,32,10000,0.70,19,1,1,1356,23,22,0
ascii95,literal,1024,32,10000,0.70,19,0,0,,,,0
ascii95,literal,1024,32,10000,0.70,20,1,1,1356,23,22,0
ascii95,literal,1024,32,10000,0.70,20,0,0,,,,0
ascii95,literal,1024,32,10000,0.70,21,1,1,1356,23,22,0
ascii95,literal,1024,32,10000,0.70,21,0,0,,,,0
ascii95,literal,1024,32,10000,0.70,22,1,1,1356,23,22,0
ascii95,literal,1024,32,10000,0.70,22,0,0,,,,0
ascii95,literal,1024,32,10000,0.70,23,1,1,1356,23,22,0
ascii95,literal,1024,32,10000,0.70,23,0,0,,,,0
ascii95,literal,1024,32,10000,0.70,24,1,1,1356,23,22,0
ascii95,literal,1024,32,10000,0.70,24,0,0,,,,0
ascii95,literal,1024,32,10000,0.70,25,1,1,1356,23,22,0
ascii95,literal,1024,32,10000,0.70,25,0,0,,,,0
ascii95,literal,1024,32,10000,0.70,26,1,1,1356,23,22,0
ascii95,literal,1024,32,10000,0.70,26,0,0,,,,0
ascii95,literal,1024,32,10000,0.70,27,1,1,1356,23,22,0
ascii95,literal,1024,32,10000,0.70,27,0,0,,,,0
ascii95,literal,1024,32,10000,0.70,28,1,1,1356,23,22,0
ascii95,literal,1024,32,10000,0.70,28,0,0,,,,0
ascii95,literal,1024,32,10000,0.70,29,1,1,1356,23,22,0
ascii95,literal,1024,32,10000,0.70,29,0,0,,,,0
ascii95,literal,1024,32,10000,0.70,30,1,1,1356,23,22,0
ascii95,literal,1024,32,10000,0.70,30,0,0,,,,0
ascii95,literal,1024,32,10000,0.70,31,1,1,1356,23,22,0
ascii95,literal,1024,32,10000,0.70,31,0,0,,,,0
ascii95,literal,1024,32,10000,0.70,32,1,1,1356,23,22,0
ascii95,literal,1024,32,10000,0.70,32,0,0,,,,0
ascii95,literal,1024,32,10000,0.70,33,1,1,1356,23,22,0
ascii95,literal,1024,32,10000,0.70,33,0,0,,,,0
ascii95,literal,1024,32,10000,0.70,34,1,1,1356,23,22,0
ascii95,literal,1024,32,10000,0.70,34,0,0,,,,0
ascii95,literal,1024,32,10000,0.70,35,1,1,1356,23,22,0
ascii95,literal,1024,32,10000,0.70,35,0,0,,,,0
ascii95,literal,1024,32,10000,0.70,36,1,1,1356,23,22,0
ascii95,literal,1024,32,10000,0.70,36,0,0,,,,0
ascii95,literal,1024,32,10000,0.70,37,1,1,1356,23,22,0
ascii95,literal,1024,32,10000,0.70,37,0,0,,,,0
ascii95,literal,1024,32,10000,0.70,38,1,1,1356,23,22,0
ascii95,literal,1024,32,10000,0.70,38,0,0,,,,0
ascii95,literal,1024,32,10000,0.70,39,1,1,1356,23,22,0
ascii95,literal,1024,32,10000,0.70,39,0,0,,,,0
ascii95,literal,1024,32,10000,0.70,40,1,1,1356,23,22,0
ascii95,literal,1024,32,10000,0.70,40,0,0,,,,0
ascii95,literal,1024,32,10000,0.70,41,1,1,1356,23,22,0
ascii95,literal,1024,32,10000,0.70,41,0,0,,,,0
ascii95,literal,1024,32,10000,0.70,42,1,1,1356,23,22,0
ascii95,literal,1024,32,10000,0.70,42,0,0,,,,0
ascii95,literal,1024,32,10000,0.70,43,1,1,1356,23,22,0
ascii95,literal,1024,32,10000,0.70,43,0,0,,,,0
ascii95,literal,1024,32,10000,0.70,44,1,1,1356,23,22,0
ascii95,literal,1024,32,10000,0.70,44,0,0,,,,0
ascii95,literal,1024,32,10000,0.70,45,1,1,1356,23,22,0
ascii95,literal,1024,32,10000,0.70,45,0,0,,,,0
ascii95,literal,1024,32,10000,0.70,46,1,1,1356,23,22,0
ascii95,literal,1024,32,10000,0.70,46,0,0,,,,0
ascii95,literal,1024,32,10000,0.70,47,1,1,1356,23,22,0
ascii95,literal,1024,32,10000,0.70,47,0,0,,,,0
ascii95,literal,1024,32,10000,0.70,48,1,1,1356,23,22,0
ascii95,literal,1024,32,10000,0.70,48,0,0,,,,0
ascii95,literal,1024,32,10000,0.70,49,1,1,1356,23,22,0
ascii95,literal,1024,32,10000,0.70,49,0,0,,,,0
ascii95,literal,1024,32,10000,0.70,50,1,1,1356,23,22,0
ascii95,literal,1024,32,10000,0.70,50,0,0,,,,0
ascii95,literal,1024,32,10000,0.70,51,1,1,1356,23,22,0
ascii95,literal,1024,32,10000,0.70,51,0,0,,,,0
ascii95,literal,1024,32,10000,0.70,52,1,1,1356,23,22,0
ascii95,literal,1024,32,10000,0.70,52,0,0,,,,0
ascii95,literal,1024,32,10000,0.70,53,1,1,1356,23,22,0
ascii95,literal,1024,32,10000,0.70,53,0,0,,,,0
ascii95,literal,1024,32,10000,0.70,54,1,1,1356,23,22,0
ascii95,literal,1024,32,10000,0.70,54,0,0,,,,0
ascii95,literal,1024,32,10000,0.70,55,1,1,1356,23,22,0
ascii95,literal,1024,32,10000,0.70,55,0,0,,,,0
ascii95,literal,1024,32,10000,0.70,56,1,1,1356,23,22,0
ascii95,literal,1024,32,10000,0.70,56,0,0,,,,0
ascii95,literal,1024,32,10000,0.70,57,1,1,1356,23,22,0
ascii95,literal,1024,32,10000,0.70,57,0,0,,,,0
ascii95,literal,1024,32,10000,0.70,58,1,1,1356,23,22,0
ascii95,literal,1024,32,10000,0.70,58,0,0,,,,0
ascii95,literal,1024,32,10000,0.70,59,1,1,1356,23,22,0
ascii95,literal,1024,32,10000,0.70,59,0,0,,,,0
ascii95,literal,1024,32,10000,0.70,60,1,1,1356,23,22,0
ascii95,literal,1024,32,10000,0.70,60,0,0,,,,0
ascii95,literal,1024,32,10000,0.70,61,1,1,1356,23,22,0
ascii95,literal,1024,32,10000,0.70,61,0,0,,,,0
ascii95,literal,1024,32,10000,0.70,62,1,1,1356,23,22,0
ascii95,literal,1024,32,10000,0.70,62,0,0,,,,0
ascii95,literal,1024,32,10000,0.70,63,1,1,1356,23,22,0
ascii95,literal,1024,32,10000,0.70,63,0,0,,,,0
ascii95,literal,1024,32,10000,0.70,64,1,1,1356,23,22,0
ascii95,literal,1024,32,10000,0.70,64,0,0,,,,0
ascii95,literal,1024,32,10000,0.70,65,1,1,1356,23,22,0
ascii95,literal,1024,32,10000,0.70,65,0,0,,,,0
ascii95,literal,1024,32,10000,0.70,66,1,1,1356,23,22,0
ascii95,literal,1024,32,10000,0.70,66,0,0,,,,0
ascii95,literal,1024,32,10000,0.70,67,1,1,1356,23,22,0
ascii95,literal,1024,32,10000,0.70,67,0,0,,,,0
ascii95,literal,1024,32,10000,0.70,68,1,1,1356,23,22,0
ascii95,literal,1024,32,10000,0.70,68,0,0,,,,0
ascii95,literal,1024,32,10000,0.70,69,1,1,1356,23,22,0
ascii95,literal,1024,32,10000,0.70,69,0,0,,,,0
ascii95,literal,1024,32,10000,0.70,70,1,1,1356,23,22,0
ascii95,literal,1024,32,10000,0.70,70,0,0,,,,0
ascii95,literal,1024,32,10000,0.70,71,1,1,1356,23,22,0
ascii95,literal,1024,32,10000,0.70,71,0,0,,,,0
ascii95,literal,1024,32,10000,0.70,72,1,1,1356,23,22,0
ascii95,literal,1024,32,10000,0.70,72,0,0,,,,0
ascii95,literal,1024,32,10000,0.70,73,1,1,1356,23,22,0
ascii95,literal,1024,32,10000,0.70,73,0,0,,,,0
ascii95,literal,1024,32,10000,0.70,74,1,1,1356,23,22,0
ascii95,literal,1024,32,10000,0.70,74,0,0,,,,0
ascii95,literal,1024,32,10000,0.70,75,1,1,1356,23,22,0
ascii95,literal,1024,32,10000,0.70,75,0,0,,,,0
ascii95,literal,1024,32,10000,0.70,76,1,1,1356,23,22,0
ascii95,literal,1024,32,10000,0.70,76,0,0,,,,0
ascii95,literal,1024,32,10000,0.70,77,1,1,1356,23,22,0
ascii95,literal,1024,32,10000,0.70,77,0,0,,,,0
ascii95,literal,1024,32,10000,0.70,78,1,1,1356,23,22,0
ascii95,literal,1024,32,10000,0.70,78,0,0,,,,0
ascii95,literal,1024,32,10000,0.70,79,1,1,1356,23,22,0
ascii95,literal,1024,32,10000,0.70,79,0,0,,,,0
ascii95,literal,1024,32,10000,0.70,80,1,1,1356,23,22,0
ascii95,literal,1024,32,10000,0.70,80,0,0,,,,0
ascii95,literal,1024,32,10000,0.70,81,1,1,1356,23,22,0
ascii95,literal,1024,32,10000,0.70,81,0,0,,,,0
ascii95,literal,1024,32,10000,0.70,82,1,1,1356,23,22,0
ascii95,literal,1024,32,10000,0.70,82,0,0,,,,0
ascii95,literal,1024,32,10000,0.70,83,1,1,1356,23,22,0
ascii95,literal,1024,32,10000,0.70,83,0,0,,,,0
ascii95,literal,1024,32,10000,0.70,84,1,1,1356,23,22,0
ascii95,literal,1024,32,10000,0.70,84,0,0,,,,0
ascii95,literal,1024,32,10000,0.70,85,1,1,1356,23,22,0
ascii95,literal,1024,32,10000,0.70,85,0,0,,,,0
ascii95,literal,1024,32,10000,0.70,86,1,1,1356,23,22,0
ascii95,literal,1024,32,10000,0.70,86,0,0,,,,0
ascii95,literal,1024,32,10000,0.70,87,1,1,1356,23,22,0
ascii95,literal,1024,32,10000,0.70,87,0,0,,,,0
ascii95,literal,1024,32,10000,0.70,88,1,1,1356,23,22,0
ascii95,literal,1024,32,10000,0.70,88,0,0,,,,0
ascii95,literal,1024,32,10000,0.70,89,1,1,1356,23,22,0
ascii95,literal,1024,32,10000,0.70,89,0,0,,,,0
ascii95,literal,1024,32,10000,0.70,90,1,1,1356,23,22,0
ascii95,literal,1024,32,10000,0.70,90,0,0,,,,0
ascii95,literal,1024,32,10000,0.70,91,1,1,1356,23,22,0
ascii95,literal,1024,32,10000,0.70,91,0,0,,,,0
ascii95,literal,1024,32,10000,0.70,92,1,1,1356,23,22,0
ascii95,literal,1024,32,10000,0.70,92,0,0,,,,0
ascii95,literal,1024,32,10000,0.70,93,1,1,1356,23,22,0
ascii95,literal,1024,32,10000,0.70,93,0,0,,,,0
ascii95,literal,1024,32,10000,0.70,94,1,1,1356,23,22,0
ascii95,literal,1024,32,10000,0.70,94,0,0,,,,0
ascii95,literal,1024,32,10000,0.70,95,1,1,1356,23,22,0
ascii95,literal,1024,32,10000,0.70,95,0,0,,,,0
ascii95,literal,1024,32,10000,0.70,96,1,1,1356,23,22,0
ascii95,literal,1024,32,10000,0.70,96,0,0,,,,0
ascii95,literal,1024,32,10000,0.70,97,1,1,1356,23,22,0
ascii95,literal,1024,32,10000,0.70,97,0,0,,,,0
ascii95,literal,1024,32,10000,0.70,98,1,1,1356,23,22,0
ascii95,literal,1024,32,10000,0.70,98,0,0,,,,0
ascii95,literal,1024,32,10000,0.70,99,1,1,1356,23,22,0
ascii95,literal,1024,32,10000,0.70,99,0,0,,,,0
ascii95,literal,1024,32,10000,0.70,100,1,1,1356,23,22,0
ascii95,literal,1024,32,10000,0.70,100,0,0,,,,0
ascii95,literal,1024,32,10000,0.80,1,1,1,1356,26,25,0
ascii95,literal,1024,32,10000,0.80,1,0,0,,,,0
ascii95,literal,1024,32,10000,0.80,2,1,1,1356,26,25,0
ascii95,literal,1024,32,10000,0.80,2,0,0,,,,0
ascii95,literal,1024,32,10000,0.80,3,1,1,1356,26,25,0
ascii95,literal,1024,32,10000,0.80,3,0,0,,,,0
ascii95,literal,1024,32,10000,0.80,4,1,1,1356,26,25,0
ascii95,literal,1024,32,10000,0.80,4,0,0,,,,0
ascii95,literal,1024,32,10000,0.80,5,1,1,1356,26,25,0
ascii95,literal,1024,32,10000,0.80,5,0,0,,,,0
ascii95,literal,1024,32,10000,0.80,6,1,1,1356,26,25,0
ascii95,literal,1024,32,10000,0.80,6,0,0,,,,0
ascii95,literal,1024,32,10000,0.80,7,1,1,1356,26,25,0
ascii95,literal,1024,32,10000,0.80,7,0,0,,,,0
ascii95,literal,1024,32,10000,0.80,8,1,1,1356,26,25,0
ascii95,literal,1024,32,10000,0.80,8,0,0,,,,0
ascii95,literal,1024,32,10000,0.80,9,1,1,1356,26,25,0
ascii95,literal,1024,32,10000,0.80,9,0,0,,,,0
ascii95,literal,1024,32,10000,0.80,10,1,1,1356,26,25,0
ascii95,literal,1024,32,10000,0.80,10,0,0,,,,0
ascii95,literal,1024,32,10000,0.80,11,1,1,1356,26,25,0
ascii95,literal,1024,32,10000,0.80,11,0,0,,,,0
ascii95,literal,1024,32,10000,0.80,12,1,1,1356,26,25,0
ascii95,literal,1024,32,10000,0.80,12,0,0,,,,0
ascii95,literal,1024,32,10000,0.80,13,1,1,1356,26,25,0
ascii95,literal,1024,32,10000,0.80,13,0,0,,,,0
ascii95,literal,1024,32,10000,0.80,14,1,1,1356,26,25,0
ascii95,literal,1024,32,10000,0.80,14,0,0,,,,0
ascii95,literal,1024,32,10000,0.80,15,1,1,1356,26,25,0
ascii95,literal,1024,32,10000,0.80,15,0,0,,,,0
ascii95,literal,1024,32,10000,0.80,16,1,1,1356,26,25,0
ascii95,literal,1024,32,10000,0.80,16,0,0,,,,0
ascii95,literal,1024,32,10000,0.80,17,1,1,1356,26,25,0
ascii95,literal,1024,32,10000,0.80,17,0,0,,,,0
ascii95,literal,1024,32,10000,0.80,18,1,1,1356,26,25,0
ascii95,literal,1024,32,10000,0.80,18,0,0,,,,0
ascii95,literal,1024,32,10000,0.80,19,1,1,1356,26,25,0
ascii95,literal,1024,32,10000,0.80,19,0,0,,,,0
ascii95,literal,1024,32,10000,0.80,20,1,1,1356,26,25,0
ascii95,literal,1024,32,10000,0.80,20,0,0,,,,0
ascii95,literal,1024,32,10000,0.80,21,1,1,1356,26,25,0
ascii95,literal,1024,32,10000,0.80,21,0,0,,,,0
ascii95,literal,1024,32,10000,0.80,22,1,1,1356,26,25,0
ascii95,literal,1024,32,10000,0.80,22,0,0,,,,0
ascii95,literal,1024,32,10000,0.80,23,1,1,1356,26,25,0
ascii95,literal,1024,32,10000,0.80,23,0,0,,,,0
ascii95,literal,1024,32,10000,0.80,24,1,1,1356,26,25,0
ascii95,literal,1024,32,10000,0.80,24,0,0,,,,0
ascii95,literal,1024,32,10000,0.80,25,1,1,1356,26,25,0
ascii95,literal,1024,32,10000,0.80,25,0,0,,,,0
ascii95,literal,1024,32,10000,0.80,26,1,1,1356,26,25,0
ascii95,literal,1024,32,10000,0.80,26,0,0,,,,0
ascii95,literal,1024,32,10000,0.80,27,1,1,1356,26,25,0
ascii95,literal,1024,32,10000,0.80,27,0,0,,,,0
ascii95,literal,1024,32,10000,0.80,28,1,1,1356,26,25,0
ascii95,literal,1024,32,10000,0.80,28,0,0,,,,0
ascii95,literal,1024,32,10000,0.80,29,1,1,1356,26,25,0
ascii95,literal,1024,32,10000,0.80,29,0,0,,,,0
ascii95,literal,1024,32,10000,0.80,30,1,1,1356,26,25,0
ascii95,literal,1024,32,10000,0.80,30,0,0,,,,0
ascii95,literal,1024,32,10000,0.80,31,1,1,1356,26,25,0
ascii95,literal,1024,32,10000,0.80,31,0,0,,,,0
ascii95,literal,1024,32,10000,0.80,32,1,1,1356,26,25,0
ascii95,literal,1024,32,10000,0.80,32,0,0,,,,0
ascii95,literal,1024,32,10000,0.80,33,1,1,1356,26,25,0
ascii95,literal,1024,32,10000,0.80,33,0,0,,,,0
ascii95,literal,1024,32,10000,0.80,34,1,1,1356,26,25,0
ascii95,literal,1024,32,10000,0.80,34,0,0,,,,0
ascii95,literal,1024,32,10000,0.80,35,1,1,1356,26,25,0
ascii95,literal,1024,32,10000,0.80,35,0,0,,,,0
ascii95,literal,1024,32,10000,0.80,36,1,1,1356,26,25,0
ascii95,literal,1024,32,10000,0.80,36,0,0,,,,0
ascii95,literal,1024,32,10000,0.80,37,1,1,1356,26,25,0
ascii95,literal,1024,32,10000,0.80,37,0,0,,,,0
ascii95,literal,1024,32,10000,0.80,38,1,1,1356,26,25,0
ascii95,literal,1024,32,10000,0.80,38,0,0,,,,0
ascii95,literal,1024,32,10000,0.80,39,1,1,1356,26,25,0
ascii95,literal,1024,32,10000,0.80,39,0,0,,,,0
ascii95,literal,1024,32,10000,0.80,40,1,1,1356,26,25,0
ascii95,literal,1024,32,10000,0.80,40,0,0,,,,0
ascii95,literal,1024,32,10000,0.80,41,1,1,1356,26,25,0
ascii95,literal,1024,32,10000,0.80,41,0,0,,,,0
ascii95,literal,1024,32,10000,0.80,42,1,1,1356,26,25,0
ascii95,literal,1024,32,10000,0.80,42,0,0,,,,0
ascii95,literal,1024,32,10000,0.80,43,1,1,1356,26,25,0
ascii95,literal,1024,32,10000,0.80,43,0,0,,,,0
ascii95,literal,1024,32,10000,0.80,44,1,1,1356,26,25,0
ascii95,literal,1024,32,10000,0.80,44,0,0,,,,0
ascii95,literal,1024,32,10000,0.80,45,1,1,1356,26,25,0
ascii95,literal,1024,32,10000,0.80,45,0,0,,,,0
ascii95,literal,1024,32,10000,0.80,46,1,1,1356,26,25,0
ascii95,literal,1024,32,10000,0.80,46,0,0,,,,0
ascii95,literal,1024,32,10000,0.80,47,1,1,1356,26,25,0
ascii95,literal,1024,32,10000,0.80,47,0,0,,,,0
ascii95,literal,1024,32,10000,0.80,48,1,1,1356,26,25,0
ascii95,literal,1024,32,10000,0.80,48,0,0,,,,0
ascii95,literal,1024,32,10000,0.80,49,1,1,1356,26,25,0
ascii95,literal,1024,32,10000,0.80,49,0,0,,,,0
ascii95,literal,1024,32,10000,0.80,50,1,1,1356,26,25,0
ascii95,literal,1024,32,10000,0.80,50,0,0,,,,0
ascii95,literal,1024,32,10000,0.80,51,1,1,1356,26,25,0
ascii95,literal,1024,32,10000,0.80,51,0,0,,,,0
ascii95,literal,1024,32,10000,0.80,52,1,1,1356,26,25,0
ascii95,literal,1024,32,10000,0.80,52,0,0,,,,0
ascii95,literal,1024,32,10000,0.80,53,1,1,1356,26,25,0
ascii95,literal,1024,32,10000,0.80,53,0,0,,,,0
ascii95,literal,1024,32,10000,0.80,54,1,1,1356,26,25,0
ascii95,literal,1024,32,10000,0.80,54,0,0,,,,0
ascii95,literal,1024,32,10000,0.80,55,1,1,1356,26,25,0
ascii95,literal,1024,32,10000,0.80,55,0,0,,,,0
ascii95,literal,1024,32,10000,0.80,56,1,1,1356,26,25,0
ascii95,literal,1024,32,10000,0.80,56,0,0,,,,0
ascii95,literal,1024,32,10000,0.80,57,1,1,1356,26,25,0
ascii95,literal,1024,32,10000,0.80,57,0,0,,,,0
ascii95,literal,1024,32,10000,0.80,58,1,1,1356,26,25,0
ascii95,literal,1024,32,10000,0.80,58,0,0,,,,0
ascii95,literal,1024,32,10000,0.80,59,1,1,1356,26,25,0
ascii95,literal,1024,32,10000,0.80,59,0,0,,,,0
ascii95,literal,1024,32,10000,0.80,60,1,1,1356,26,25,0
ascii95,literal,1024,32,10000,0.80,60,0,0,,,,0
ascii95,literal,1024,32,10000,0.80,61,1,1,1356,26,25,0
ascii95,literal,1024,32,10000,0.80,61,0,0,,,,0
ascii95,literal,1024,32,10000,0.80,62,1,1,1356,26,25,0
ascii95,literal,1024,32,10000,0.80,62,0,0,,,,0
ascii95,literal,1024,32,10000,0.80,63,1,1,1356,26,25,0
ascii95,literal,1024,32,10000,0.80,63,0,0,,,,0
ascii95,literal,1024,32,10000,0.80,64,1,1,1356,26,25,0
ascii95,literal,1024,32,10000,0.80,64,0,0,,,,0
ascii95,literal,1024,32,10000,0.80,65,1,1,1356,26,25,0
ascii95,literal,1024,32,10000,0.80,65,0,0,,,,0
ascii95,literal,1024,32,10000,0.80,66,1,1,1356,26,25,0
ascii95,literal,1024,32,10000,0.80,66,0,0,,,,0
ascii95,literal,1024,32,10000,0.80,67,1,1,1356,26,25,0
ascii95,literal,1024,32,10000,0.80,67,0,0,,,,0
ascii95,literal,1024,32,10000,0.80,68,1,1,1356,26,25,0
ascii95,literal,1024,32,10000,0.80,68,0,0,,,,0
ascii95,literal,1024,32,10000,0.80,69,1,1,1356,26,25,0
ascii95,literal,1024,32,10000,0.80,69,0,0,,,,0
ascii95,literal,1024,32,10000,0.80,70,1,1,1356,26,25,0
ascii95,literal,1024,32,10000,0.80,70,0,0,,,,0
ascii95,literal,1024,32,10000,0.80,71,1,1,1356,26,25,0
ascii95,literal,1024,32,10000,0.80,71,0,0,,,,0
ascii95,literal,1024,32,10000,0.80,72,1,1,1356,26,25,0
ascii95,literal,1024,32,10000,0.80,72,0,0,,,,0
ascii95,literal,1024,32,10000,0.80,73,1,1,1356,26,25,0
ascii95,literal,1024,32,10000,0.80,73,0,0,,,,0
ascii95,literal,1024,32,10000,0.80,74,1,1,1356,26,25,0
ascii95,literal,1024,32,10000,0.80,74,0,0,,,,0
ascii95,literal,1024,32,10000,0.80,75,1,1,1356,26,25,0
ascii95,literal,1024,32,10000,0.80,75,0,0,,,,0
ascii95,literal,1024,32,10000,0.80,76,1,1,1356,26,25,0
ascii95,literal,1024,32,10000,0.80,76,0,0,,,,0
ascii95,literal,1024,32,10000,0.80,77,1,1,1356,26,25,0
ascii95,literal,1024,32,10000,0.80,77,0,0,,,,0
ascii95,literal,1024,32,10000,0.80,78,1,1,1356,26,25,0
ascii95,literal,1024,32,10000,0.80,78,0,0,,,,0
ascii95,literal,1024,32,10000,0.80,79,1,1,1356,26,25,0
ascii95,literal,1024,32,10000,0.80,79,0,0,,,,0
ascii95,literal,1024,32,10000,0.80,80,1,1,1356,26,25,0
ascii95,literal,1024,32,10000,0.80,80,0,0,,,,0
ascii95,literal,1024,32,10000,0.80,81,1,1,1356,26,25,0
ascii95,literal,1024,32,10000,0.80,81,0,0,,,,0
ascii95,literal,1024,32,10000,0.80,82,1,1,1356,26,25,0
ascii95,literal,1024,32,10000,0.80,82,0,0,,,,0
ascii95,literal,1024,32,10000,0.80,83,1,1,1356,26,25,0
ascii95,literal,1024,32,10000,0.80,83,0,0,,,,0
ascii95,literal,1024,32,10000,0.80,84,1,1,1356,26,25,0
ascii95,literal,1024,32,10000,0.80,84,0,0,,,,0
ascii95,literal,1024,32,10000,0.80,85,1,1,1356,26,25,0
ascii95,literal,1024,32,10000,0.80,85,0,0,,,,0
ascii95,literal,1024,32,10000,0.80,86,1,1,1356,26,25,0
ascii95,literal,1024,32,10000,0.80,86,0,0,,,,0
ascii95,literal,1024,32,10000,0.80,87,1,1,1356,26,25,0
ascii95,literal,1024,32,10000,0.80,87,0,0,,,,0
ascii95,literal,1024,32,10000,0.80,88,1,1,1356,26,25,0
ascii95,literal,1024,32,10000,0.80,88,0,0,,,,0
ascii95,literal,1024,32,10000,0.80,89,1,1,1356,26,25,0
ascii95,literal,1024,32,10000,0.80,89,0,0,,,,0
ascii95,literal,1024,32,10000,0.80,90,1,1,1356,26,25,0
ascii95,literal,1024,32,10000,0.80,90,0,0,,,,0
ascii95,literal,1024,32,10000,0.80,91,1,1,1356,26,25,0
ascii95,literal,1024,32,10000,0.80,91,0,0,,,,0
ascii95,literal,1024,32,10000,0.80,92,1,1,1356,26,25,0
ascii95,literal,1024,32,10000,0.80,92,0,0,,,,0
ascii95,literal,1024,32,10000,0.80,93,1,1,1356,26,25,0
ascii95,literal,1024,32,10000,0.80,93,0,0,,,,0
ascii95,literal,1024,32,10000,0.80,94,1,1,1356,26,25,0
ascii95,literal,1024,32,10000,0.80,94,0,0,,,,0
ascii95,literal,1024,32,10000,0.80,95,1,1,1356,26,25,0
ascii95,literal,1024,32,10000,0.80,95,0,0,,,,0
ascii95,literal,1024,32,10000,0.80,96,1,1,1356,26,25,0
ascii95,literal,1024,32,10000,0.80,96,0,0,,,,0
ascii95,literal,1024,32,10000,0.80,97,1,1,1356,26,25,0
ascii95,literal,1024,32,10000,0.80,97,0,0,,,,0
ascii95,literal,1024,32,10000,0.80,98,1,1,1356,26,25,0
ascii95,literal,1024,32,10000,0.80,98,0,0,,,,0
ascii95,literal,1024,32,10000,0.80,99,1,1,1356,26,25,0
ascii95,literal,1024,32,10000,0.80,99,0,0,,,,0
ascii95,literal,1024,32,10000,0.80,100,1,1,1356,26,25,0
ascii95,literal,1024,32,10000,0.80,100,0,0,,,,0
ascii95,literal,1024,32,10000,0.90,1,1,1,1356,29,28,0
ascii95,literal,1024,32,10000,0.90,1,0,0,,,,0
ascii95,literal,1024,32,10000,0.90,2,1,1,1356,29,28,0
ascii95,literal,1024,32,10000,0.90,2,0,0,,,,0
ascii95,literal,1024,32,10000,0.90,3,1,1,1356,29,28,0
ascii95,literal,1024,32,10000,0.90,3,0,0,,,,0
ascii95,literal,1024,32,10000,0.90,4,1,1,1356,29,28,0
ascii95,literal,1024,32,10000,0.90,4,0,0,,,,0
ascii95,literal,1024,32,10000,0.90,5,1,1,1356,29,28,0
ascii95,literal,1024,32,10000,0.90,5,0,0,,,,0
ascii95,literal,1024,32,10000,0.90,6,1,1,1356,29,28,0
ascii95,literal,1024,32,10000,0.90,6,0,0,,,,0
ascii95,literal,1024,32,10000,0.90,7,1,1,1356,29,28,0
ascii95,literal,1024,32,10000,0.90,7,0,0,,,,0
ascii95,literal,1024,32,10000,0.90,8,1,1,1356,29,28,0
ascii95,literal,1024,32,10000,0.90,8,0,0,,,,0
ascii95,literal,1024,32,10000,0.90,9,1,1,1356,29,28,0
ascii95,literal,1024,32,10000,0.90,9,0,0,,,,0
ascii95,literal,1024,32,10000,0.90,10,1,1,1356,29,28,0
ascii95,literal,1024,32,10000,0.90,10,0,0,,,,0
ascii95,literal,1024,32,10000,0.90,11,1,1,1356,29,28,0
ascii95,literal,1024,32,10000,0.90,11,0,0,,,,0
ascii95,literal,1024,32,10000,0.90,12,1,1,1356,29,28,0
ascii95,literal,1024,32,10000,0.90,12,0,0,,,,0
ascii95,literal,1024,32,10000,0.90,13,1,1,1356,29,28,0
ascii95,literal,1024,32,10000,0.90,13,0,0,,,,0
ascii95,literal,1024,32,10000,0.90,14,1,1,1356,29,28,0
ascii95,literal,1024,32,10000,0.90,14,0,0,,,,0
ascii95,literal,1024,32,10000,0.90,15,1,1,1356,29,28,0
ascii95,literal,1024,32,10000,0.90,15,0,0,,,,0
ascii95,literal,1024,32,10000,0.90,16,1,1,1356,29,28,0
ascii95,literal,1024,32,10000,0.90,16,0,0,,,,0
ascii95,literal,1024,32,10000,0.90,17,1,1,1356,29,28,0
ascii95,literal,1024,32,10000,0.90,17,0,0,,,,0
ascii95,literal,1024,32,10000,0.90,18,1,1,1356,29,28,0
ascii95,literal,1024,32,10000,0.90,18,0,0,,,,0
ascii95,literal,1024,32,10000,0.90,19,1,1,1356,29,28,0
ascii95,literal,1024,32,10000,0.90,19,0,0,,,,0
ascii95,literal,1024,32,10000,0.90,20,1,1,1356,29,28,0
ascii95,literal,1024,32,10000,0.90,20,0,0,,,,0
ascii95,literal,1024,32,10000,0.90,21,1,1,1356,29,28,0
ascii95,literal,1024,32,10000,0.90,21,0,0,,,,0
ascii95,literal,1024,32,10000,0.90,22,1,1,1356,29,28,0
ascii95,literal,1024,32,10000,0.90,22,0,0,,,,0
ascii95,literal,1024,32,10000,0.90,23,1,1,1356,29,28,0
ascii95,literal,1024,32,10000,0.90,23,0,0,,,,0
ascii95,literal,1024,32,10000,0.90,24,1,1,1356,29,28,0
ascii95,literal,1024,32,10000,0.90,24,0,0,,,,0
ascii95,literal,1024,32,10000,0.90,25,1,1,1356,29,28,0
ascii95,literal,1024,32,10000,0.90,25,0,0,,,,0
ascii95,literal,1024,32,10000,0.90,26,1,1,1356,29,28,0
ascii95,literal,1024,32,10000,0.90,26,0,0,,,,0
ascii95,literal,1024,32,10000,0.90,27,1,1,1356,29,28,0
ascii95,literal,1024,32,10000,0.90,27,0,0,,,,0
ascii95,literal,1024,32,10000,0.90,28,1,1,1356,29,28,0
ascii95,literal,1024,32,10000,0.90,28,0,0,,,,0
ascii95,literal,1024,32,10000,0.90,29,1,1,1356,29,28,0
ascii95,literal,1024,32,10000,0.90,29,0,0,,,,0
ascii95,literal,1024,32,10000,0.90,30,1,1,1356,29,28,0
ascii95,literal,1024,32,10000,0.90,30,0,0,,,,0
ascii95,literal,1024,32,10000,0.90,31,1,1,1356,29,28,0
ascii95,literal,1024,32,10000,0.90,31,0,0,,,,0
ascii95,literal,1024,32,10000,0.90,32,1,1,1356,29,28,0
ascii95,literal,1024,32,10000,0.90,32,0,0,,,,0
ascii95,literal,1024,32,10000,0.90,33,1,1,1356,29,28,0
ascii95,literal,1024,32,10000,0.90,33,0,0,,,,0
ascii95,literal,1024,32,10000,0.90,34,1,1,1356,29,28,0
ascii95,literal,1024,32,10000,0.90,34,0,0,,,,0
ascii95,literal,1024,32,10000,0.90,35,1,1,1356,29,28,0
ascii95,literal,1024,32,10000,0.90,35,0,0,,,,0
ascii95,literal,1024,32,10000,0.90,36,1,1,1356,29,28,0
ascii95,literal,1024,32,10000,0.90,36,0,0,,,,0
ascii95,literal,1024,32,10000,0.90,37,1,1,1356,29,28,0
ascii95,literal,1024,32,10000,0.90,37,0,0,,,,0
ascii95,literal,1024,32,10000,0.90,38,1,1,1356,29,28,0
ascii95,literal,1024,32,10000,0.90,38,0,0,,,,0
ascii95,literal,1024,32,10000,0.90,39,1,1,1356,29,28,0
ascii95,literal,1024,32,10000,0.90,39,0,0,,,,0
ascii95,literal,1024,32,10000,0.90,40,1,1,1356,29,28,0
ascii95,literal,1024,32,10000,0.90,40,0,0,,,,0
ascii95,literal,1024,32,10000,0.90,41,1,1,1356,29,28,0
ascii95,literal,1024,32,10000,0.90,41,0,0,,,,0
ascii95,literal,1024,32,10000,0.90,42,1,1,1356,29,28,0
ascii95,literal,1024,32,10000,0.90,42,0,0,,,,0
ascii95,literal,1024,32,10000,0.90,43,1,1,1356,29,28,0
ascii95,literal,1024,32,10000,0.90,43,0,0,,,,0
ascii95,literal,1024,32,10000,0.90,44,1,1,1356,29,28,0
ascii95,literal,1024,32,10000,0.90,44,0,0,,,,0
ascii95,literal,1024,32,10000,0.90,45,1,1,1356,29,28,0
ascii95,literal,1024,32,10000,0.90,45,0,0,,,,0
ascii95,literal,1024,32,10000,0.90,46,1,1,1356,29,28,0
ascii95,literal,1024,32,10000,0.90,46,0,0,,,,0
ascii95,literal,1024,32,10000,0.90,47,1,1,1356,29,28,0
ascii95,literal,1024,32,10000,0.90,47,0,0,,,,0
ascii95,literal,1024,32,10000,0.90,48,1,1,1356,29,28,0
ascii95,literal,1024,32,10000,0.90,48,0,0,,,,0
ascii95,literal,1024,32,10000,0.90,49,1,1,1356,29,28,0
ascii95,literal,1024,32,10000,0.90,49,0,0,,,,0
ascii95,literal,1024,32,10000,0.90,50,1,1,1356,29,28,0
ascii95,literal,1024,32,10000,0.90,50,0,0,,,,0
ascii95,literal,1024,32,10000,0.90,51,1,1,1356,29,28,0
ascii95,literal,1024,32,10000,0.90,51,0,0,,,,0
ascii95,literal,1024,32,10000,0.90,52,1,1,1356,29,28,0
ascii95,literal,1024,32,10000,0.90,52,0,0,,,,0
ascii95,literal,1024,32,10000,0.90,53,1,1,1356,29,28,0
ascii95,literal,1024,32,10000,0.90,53,0,0,,,,0
ascii95,literal,1024,32,10000,0.90,54,1,1,1356,29,28,0
ascii95,literal,1024,32,10000,0.90,54,0,0,,,,0
ascii95,literal,1024,32,10000,0.90,55,1,1,1356,29,28,0
ascii95,literal,1024,32,10000,0.90,55,0,0,,,,0
ascii95,literal,1024,32,10000,0.90,56,1,1,1356,29,28,0
ascii95,literal,1024,32,10000,0.90,56,0,0,,,,0
ascii95,literal,1024,32,10000,0.90,57,1,1,1356,29,28,0
ascii95,literal,1024,32,10000,0.90,57,0,0,,,,0
ascii95,literal,1024,32,10000,0.90,58,1,1,1356,29,28,0
ascii95,literal,1024,32,10000,0.90,58,0,0,,,,0
ascii95,literal,1024,32,10000,0.90,59,1,1,1356,29,28,0
ascii95,literal,1024,32,10000,0.90,59,0,0,,,,0
ascii95,literal,1024,32,10000,0.90,60,1,1,1356,29,28,0
ascii95,literal,1024,32,10000,0.90,60,0,0,,,,0
ascii95,literal,1024,32,10000,0.90,61,1,1,1356,29,28,0
ascii95,literal,1024,32,10000,0.90,61,0,0,,,,0
ascii95,literal,1024,32,10000,0.90,62,1,1,1356,29,28,0
ascii95,literal,1024,32,10000,0.90,62,0,0,,,,0
ascii95,literal,1024,32,10000,0.90,63,1,1,1356,29,28,0
ascii95,literal,1024,32,10000,0.90,63,0,0,,,,0
ascii95,literal,1024,32,10000,0.90,64,1,1,1356,29,28,0
ascii95,literal,1024,32,10000,0.90,64,0,0,,,,0
ascii95,literal,1024,32,10000,0.90,65,1,1,1356,29,28,0
ascii95,literal,1024,32,10000,0.90,65,0,0,,,,0
ascii95,literal,1024,32,10000,0.90,66,1,1,1356,29,28,0
ascii95,literal,1024,32,10000,0.90,66,0,0,,,,0
ascii95,literal,1024,32,10000,0.90,67,1,1,1356,29,28,0
ascii95,literal,1024,32,10000,0.90,67,0,0,,,,0
ascii95,literal,1024,32,10000,0.90,68,1,1,1356,29,28,0
ascii95,literal,1024,32,10000,0.90,68,0,0,,,,0
ascii95,literal,1024,32,10000,0.90,69,1,1,1356,29,28,0
ascii95,literal,1024,32,10000,0.90,69,0,0,,,,0
ascii95,literal,1024,32,10000,0.90,70,1,1,1356,29,28,0
ascii95,literal,1024,32,10000,0.90,70,0,0,,,,0
ascii95,literal,1024,32,10000,0.90,71,1,1,1356,29,28,0
ascii95,literal,1024,32,10000,0.90,71,0,0,,,,0
ascii95,literal,1024,32,10000,0.90,72,1,1,1356,29,28,0
ascii95,literal,1024,32,10000,0.90,72,0,0,,,,0
ascii95,literal,1024,32,10000,0.90,73,1,1,1356,29,28,0
ascii95,literal,1024,32,10000,0.90,73,0,0,,,,0
ascii95,literal,1024,32,10000,0.90,74,1,1,1356,29,28,0
ascii95,literal,1024,32,10000,0.90,74,0,0,,,,0
ascii95,literal,1024,32,10000,0.90,75,1,1,1356,29,28,0
ascii95,literal,1024,32,10000,0.90,75,0,0,,,,0
ascii95,literal,1024,32,10000,0.90,76,1,1,1356,29,28,0
ascii95,literal,1024,32,10000,0.90,76,0,0,,,,0
ascii95,literal,1024,32,10000,0.90,77,1,1,1356,29,28,0
ascii95,literal,1024,32,10000,0.90,77,0,0,,,,0
ascii95,literal,1024,32,10000,0.90,78,1,1,1356,29,28,0
ascii95,literal,1024,32,10000,0.90,78,0,0,,,,0
ascii95,literal,1024,32,10000,0.90,79,1,1,1356,29,28,0
ascii95,literal,1024,32,10000,0.90,79,0,0,,,,0
ascii95,literal,1024,32,10000,0.90,80,1,1,1356,29,28,0
ascii95,literal,1024,32,10000,0.90,80,0,0,,,,0
ascii95,literal,1024,32,10000,0.90,81,1,1,1356,29,28,0
ascii95,literal,1024,32,10000,0.90,81,0,0,,,,0
ascii95,literal,1024,32,10000,0.90,82,1,1,1356,29,28,0
ascii95,literal,1024,32,10000,0.90,82,0,0,,,,0
ascii95,literal,1024,32,10000,0.90,83,1,1,1356,29,28,0
ascii95,literal,1024,32,10000,0.90,83,0,0,,,,0
ascii95,literal,1024,32,10000,0.90,84,1,1,1356,29,28,0
ascii95,literal,1024,32,10000,0.90,84,0,0,,,,0
ascii95,literal,1024,32,10000,0.90,85,1,1,1356,29,28,0
ascii95,literal,1024,32,10000,0.90,85,0,0,,,,0
ascii95,literal,1024,32,10000,0.90,86,1,1,1356,29,28,0
ascii95,literal,1024,32,10000,0.90,86,0,0,,,,0
ascii95,literal,1024,32,10000,0.90,87,1,1,1356,29,28,0
ascii95,literal,1024,32,10000,0.90,87,0,0,,,,0
ascii95,literal,1024,32,10000,0.90,88,1,1,1356,29,28,0
ascii95,literal,1024,32,10000,0.90,88,0,0,,,,0
ascii95,literal,1024,32,10000,0.90,89,1,1,1356,29,28,0
ascii95,literal,1024,32,10000,0.90,89,0,0,,,,0
ascii95,literal,1024,32,10000,0.90,90,1,1,1356,29,28,0
ascii95,literal,1024,32,10000,0.90,90,0,0,,,,0
ascii95,literal,1024,32,10000,0.90,91,1,1,1356,29,28,0
ascii95,literal,1024,32,10000,0.90,91,0,0,,,,0
ascii95,literal,1024,32,10000,0.90,92,1,1,1356,29,28,0
ascii95,literal,1024,32,10000,0.90,92,0,0,,,,0
ascii95,literal,1024,32,10000,0.90,93,1,1,1356,29,28,0
ascii95,literal,1024,32,10000,0.90,93,0,0,,,,0
ascii95,literal,1024,32,10000,0.90,94,1,1,1356,29,28,0
ascii95,literal,1024,32,10000,0.90,94,0,0,,,,0
ascii95,literal,1024,32,10000,0.90,95,1,1,1356,29,28,0
ascii95,literal,1024,32,10000,0.90,95,0,0,,,,0
ascii95,literal,1024,32,10000,0.90,96,1,1,1356,29,28,0
ascii95,literal,1024,32,10000,0.90,96,0,0,,,,0
ascii95,literal,1024,32,10000,0.90,97,1,1,1356,29,28,0
ascii95,literal,1024,32,10000,0.90,97,0,0,,,,0
ascii95,literal,1024,32,10000,0.90,98,1,1,1356,29,28,0
ascii95,literal,1024,32,10000,0.90,98,0,0,,,,0
ascii95,literal,1024,32,10000,0.90,99,1,1,1356,29,28,0
ascii95,literal,1024,32,10000,0.90,99,0,0,,,,0
ascii95,literal,1024,32,10000,0.90,100,1,1,1356,29,28,0
ascii95,literal,1024,32,10000,0.90,100,0,0,,,,0
ascii95,literal,1024,32,10000,0.95,1,1,1,1356,31,30,0
ascii95,literal,1024,32,10000,0.95,1,0,0,,,,0
ascii95,literal,1024,32,10000,0.95,2,1,1,1356,31,30,0
ascii95,literal,1024,32,10000,0.95,2,0,0,,,,0
ascii95,literal,1024,32,10000,0.95,3,1,1,1356,31,30,0
ascii95,literal,1024,32,10000,0.95,3,0,0,,,,0
ascii95,literal,1024,32,10000,0.95,4,1,1,1356,31,30,0
ascii95,literal,1024,32,10000,0.95,4,0,0,,,,0
ascii95,literal,1024,32,10000,0.95,5,1,1,1356,31,30,0
ascii95,literal,1024,32,10000,0.95,5,0,0,,,,0
ascii95,literal,1024,32,10000,0.95,6,1,1,1356,31,30,0
ascii95,literal,1024,32,10000,0.95,6,0,0,,,,0
ascii95,literal,1024,32,10000,0.95,7,1,1,1356,31,30,0
ascii95,literal,1024,32,10000,0.95,7,0,0,,,,0
ascii95,literal,1024,32,10000,0.95,8,1,1,1356,31,30,0
ascii95,literal,1024,32,10000,0.95,8,0,0,,,,0
ascii95,literal,1024,32,10000,0.95,9,1,1,1356,31,30,0
ascii95,literal,1024,32,10000,0.95,9,0,0,,,,0
ascii95,literal,1024,32,10000,0.95,10,1,1,1356,31,30,0
ascii95,literal,1024,32,10000,0.95,10,0,0,,,,0
ascii95,literal,1024,32,10000,0.95,11,1,1,1356,31,30,0
ascii95,literal,1024,32,10000,0.95,11,0,0,,,,0
ascii95,literal,1024,32,10000,0.95,12,1,1,1356,31,30,0
ascii95,literal,1024,32,10000,0.95,12,0,0,,,,0
ascii95,literal,1024,32,10000,0.95,13,1,1,1356,31,30,0
ascii95,literal,1024,32,10000,0.95,13,0,0,,,,0
ascii95,literal,1024,32,10000,0.95,14,1,1,1356,31,30,0
ascii95,literal,1024,32,10000,0.95,14,0,0,,,,0
ascii95,literal,1024,32,10000,0.95,15,1,1,1356,31,30,0
ascii95,literal,1024,32,10000,0.95,15,0,0,,,,0
ascii95,literal,1024,32,10000,0.95,16,1,1,1356,31,30,0
ascii95,literal,1024,32,10000,0.95,16,0,0,,,,0
ascii95,literal,1024,32,10000,0.95,17,1,1,1356,31,30,0
ascii95,literal,1024,32,10000,0.95,17,0,0,,,,0
ascii95,literal,1024,32,10000,0.95,18,1,1,1356,31,30,0
ascii95,literal,1024,32,10000,0.95,18,0,0,,,,0
ascii95,literal,1024,32,10000,0.95,19,1,1,1356,31,30,0
ascii95,literal,1024,32,10000,0.95,19,0,0,,,,0
ascii95,literal,1024,32,10000,0.95,20,1,1,1356,31,30,0
ascii95,literal,1024,32,10000,0.95,20,0,0,,,,0
ascii95,literal,1024,32,10000,0.95,21,1,1,1356,31,30,0
ascii95,literal,1024,32,10000,0.95,21,0,0,,,,0
ascii95,literal,1024,32,10000,0.95,22,1,1,1356,31,30,0
ascii95,literal,1024,32,10000,0.95,22,0,0,,,,0
ascii95,literal,1024,32,10000,0.95,23,1,1,1356,31,30,0
ascii95,literal,1024,32,10000,0.95,23,0,0,,,,0
ascii95,literal,1024,32,10000,0.95,24,1,1,1356,31,30,0
ascii95,literal,1024,32,10000,0.95,24,0,0,,,,0
ascii95,literal,1024,32,10000,0.95,25,1,1,1356,31,30,0
ascii95,literal,1024,32,10000,0.95,25,0,0,,,,0
ascii95,literal,1024,32,10000,0.95,26,1,1,1356,31,30,0
ascii95,literal,1024,32,10000,0.95,26,0,0,,,,0
ascii95,literal,1024,32,10000,0.95,27,1,1,1356,31,30,0
ascii95,literal,1024,32,10000,0.95,27,0,0,,,,0
ascii95,literal,1024,32,10000,0.95,28,1,1,1356,31,30,0
ascii95,literal,1024,32,10000,0.95,28,0,0,,,,0
ascii95,literal,1024,32,10000,0.95,29,1,1,1356,31,30,0
ascii95,literal,1024,32,10000,0.95,29,0,0,,,,0
ascii95,literal,1024,32,10000,0.95,30,1,1,1356,31,30,0
ascii95,literal,1024,32,10000,0.95,30,0,0,,,,0
ascii95,literal,1024,32,10000,0.95,31,1,1,1356,31,30,0
ascii95,literal,1024,32,10000,0.95,31,0,0,,,,0
ascii95,literal,1024,32,10000,0.95,32,1,1,1356,31,30,0
ascii95,literal,1024,32,10000,0.95,32,0,0,,,,0
ascii95,literal,1024,32,10000,0.95,33,1,1,1356,31,30,0
ascii95,literal,1024,32,10000,0.95,33,0,0,,,,0
ascii95,literal,1024,32,10000,0.95,34,1,1,1356,31,30,0
ascii95,literal,1024,32,10000,0.95,34,0,0,,,,0
ascii95,literal,1024,32,10000,0.95,35,1,1,1356,31,30,0
ascii95,literal,1024,32,10000,0.95,35,0,0,,,,0
ascii95,literal,1024,32,10000,0.95,36,1,1,1356,31,30,0
ascii95,literal,1024,32,10000,0.95,36,0,0,,,,0
ascii95,literal,1024,32,10000,0.95,37,1,1,1356,31,30,0
ascii95,literal,1024,32,10000,0.95,37,0,0,,,,0
ascii95,literal,1024,32,10000,0.95,38,1,1,1356,31,30,0
ascii95,literal,1024,32,10000,0.95,38,0,0,,,,0
ascii95,literal,1024,32,10000,0.95,39,1,1,1356,31,30,0
ascii95,literal,1024,32,10000,0.95,39,0,0,,,,0
ascii95,literal,1024,32,10000,0.95,40,1,1,1356,31,30,0
ascii95,literal,1024,32,10000,0.95,40,0,0,,,,0
ascii95,literal,1024,32,10000,0.95,41,1,1,1356,31,30,0
ascii95,literal,1024,32,10000,0.95,41,0,0,,,,0
ascii95,literal,1024,32,10000,0.95,42,1,1,1356,31,30,0
ascii95,literal,1024,32,10000,0.95,42,0,0,,,,0
ascii95,literal,1024,32,10000,0.95,43,1,1,1356,31,30,0
ascii95,literal,1024,32,10000,0.95,43,0,0,,,,0
ascii95,literal,1024,32,10000,0.95,44,1,1,1356,31,30,0
ascii95,literal,1024,32,10000,0.95,44,0,0,,,,0
ascii95,literal,1024,32,10000,0.95,45,1,1,1356,31,30,0
ascii95,literal,1024,32,10000,0.95,45,0,0,,,,0
ascii95,literal,1024,32,10000,0.95,46,1,1,1356,31,30,0
ascii95,literal,1024,32,10000,0.95,46,0,0,,,,0
ascii95,literal,1024,32,10000,0.95,47,1,1,1356,31,30,0
ascii95,literal,1024,32,10000,0.95,47,0,0,,,,0
ascii95,literal,1024,32,10000,0.95,48,1,1,1356,31,30,0
ascii95,literal,1024,32,10000,0.95,48,0,0,,,,0
ascii95,literal,1024,32,10000,0.95,49,1,1,1356,31,30,0
ascii95,literal,1024,32,10000,0.95,49,0,0,,,,0
ascii95,literal,1024,32,10000,0.95,50,1,1,1356,31,30,0
ascii95,literal,1024,32,10000,0.95,50,0,0,,,,0
ascii95,literal,1024,32,10000,0.95,51,1,1,1356,31,30,0
ascii95,literal,1024,32,10000,0.95,51,0,0,,,,0
ascii95,literal,1024,32,10000,0.95,52,1,1,1356,31,30,0
ascii95,literal,1024,32,10000,0.95,52,0,0,,,,0
ascii95,literal,1024,32,10000,0.95,53,1,1,1356,31,30,0
ascii95,literal,1024,32,10000,0.95,53,0,0,,,,0
ascii95,literal,1024,32,10000,0.95,54,1,1,1356,31,30,0
ascii95,literal,1024,32,10000,0.95,54,0,0,,,,0
ascii95,literal,1024,32,10000,0.95,55,1,1,1356,31,30,0
ascii95,literal,1024,32,10000,0.95,55,0,0,,,,0
ascii95,literal,1024,32,10000,0.95,56,1,1,1356,31,30,0
ascii95,literal,1024,32,10000,0.95,56,0,0,,,,0
ascii95,literal,1024,32,10000,0.95,57,1,1,1356,31,30,0
ascii95,literal,1024,32,10000,0.95,57,0,0,,,,0
ascii95,literal,1024,32,10000,0.95,58,1,1,1356,31,30,0
ascii95,literal,1024,32,10000,0.95,58,0,0,,,,0
ascii95,literal,1024,32,10000,0.95,59,1,1,1356,31,30,0
ascii95,literal,1024,32,10000,0.95,59,0,0,,,,0
ascii95,literal,1024,32,10000,0.95,60,1,1,1356,31,30,0
ascii95,literal,1024,32,10000,0.95,60,0,0,,,,0
ascii95,literal,1024,32,10000,0.95,61,1,1,1356,31,30,0
ascii95,literal,1024,32,10000,0.95,61,0,0,,,,0
ascii95,literal,1024,32,10000,0.95,62,1,1,1356,31,30,0
ascii95,literal,1024,32,10000,0.95,62,0,0,,,,0
ascii95,literal,1024,32,10000,0.95,63,1,1,1356,31,30,0
ascii95,literal,1024,32,10000,0.95,63,0,0,,,,0
ascii95,literal,1024,32,10000,0.95,64,1,1,1356,31,30,0
ascii95,literal,1024,32,10000,0.95,64,0,0,,,,0
ascii95,literal,1024,32,10000,0.95,65,1,1,1356,31,30,0
ascii95,literal,1024,32,10000,0.95,65,0,0,,,,0
ascii95,literal,1024,32,10000,0.95,66,1,1,1356,31,30,0
ascii95,literal,1024,32,10000,0.95,66,0,0,,,,0
ascii95,literal,1024,32,10000,0.95,67,1,1,1356,31,30,0
ascii95,literal,1024,32,10000,0.95,67,0,0,,,,0
ascii95,literal,1024,32,10000,0.95,68,1,1,1356,31,30,0
ascii95,literal,1024,32,10000,0.95,68,0,0,,,,0
ascii95,literal,1024,32,10000,0.95,69,1,1,1356,31,30,0
ascii95,literal,1024,32,10000,0.95,69,0,0,,,,0
ascii95,literal,1024,32,10000,0.95,70,1,1,1356,31,30,0
ascii95,literal,1024,32,10000,0.95,70,0,0,,,,0
ascii95,literal,1024,32,10000,0.95,71,1,1,1356,31,30,0
ascii95,literal,1024,32,10000,0.95,71,0,0,,,,0
ascii95,literal,1024,32,10000,0.95,72,1,1,1356,31,30,0
ascii95,literal,1024,32,10000,0.95,72,0,0,,,,0
ascii95,literal,1024,32,10000,0.95,73,1,1,1356,31,30,0
ascii95,literal,1024,32,10000,0.95,73,0,0,,,,0
ascii95,literal,1024,32,10000,0.95,74,1,1,1356,31,30,0
ascii95,literal,1024,32,10000,0.95,74,0,0,,,,0
ascii95,literal,1024,32,10000,0.95,75,1,1,1356,31,30,0
ascii95,literal,1024,32,10000,0.95,75,0,0,,,,0
ascii95,literal,1024,32,10000,0.95,76,1,1,1356,31,30,0
ascii95,literal,1024,32,10000,0.95,76,0,0,,,,0
ascii95,literal,1024,32,10000,0.95,77,1,1,1356,31,30,0
ascii95,literal,1024,32,10000,0.95,77,0,0,,,,0
ascii95,literal,1024,32,10000,0.95,78,1,1,1356,31,30,0
ascii95,literal,1024,32,10000,0.95,78,0,0,,,,0
ascii95,literal,1024,32,10000,0.95,79,1,1,1356,31,30,0
ascii95,literal,1024,32,10000,0.95,79,0,0,,,,0
ascii95,literal,1024,32,10000,0.95,80,1,1,1356,31,30,0
ascii95,literal,1024,32,10000,0.95,80,0,0,,,,0
ascii95,literal,1024,32,10000,0.95,81,1,1,1356,31,30,0
ascii95,literal,1024,32,10000,0.95,81,0,0,,,,0
ascii95,literal,1024,32,10000,0.95,82,1,1,1356,31,30,0
ascii95,literal,1024,32,10000,0.95,82,0,0,,,,0
ascii95,literal,1024,32,10000,0.95,83,1,1,1356,31,30,0
ascii95,literal,1024,32,10000,0.95,83,0,0,,,,0
ascii95,literal,1024,32,10000,0.95,84,1,1,1356,31,30,0
ascii95,literal,1024,32,10000,0.95,84,0,0,,,,0
ascii95,literal,1024,32,10000,0.95,85,1,1,1356,31,30,0
ascii95,literal,1024,32,10000,0.95,85,0,0,,,,0
ascii95,literal,1024,32,10000,0.95,86,1,1,1356,31,30,0
ascii95,literal,1024,32,10000,0.95,86,0,0,,,,0
ascii95,literal,1024,32,10000,0.95,87,1,1,1356,31,30,0
ascii95,literal,1024,32,10000,0.95,87,0,0,,,,0
ascii95,literal,1024,32,10000,0.95,88,1,1,1356,31,30,0
ascii95,literal,1024,32,10000,0.95,88,0,0,,,,0
ascii95,literal,1024,32,10000,0.95,89,1,1,1356,31,30,0
ascii95,literal,1024,32,10000,0.95,89,0,0,,,,0
ascii95,literal,1024,32,10000,0.95,90,1,1,1356,31,30,0
ascii95,literal,1024,32,10000,0.95,90,0,0,,,,0
ascii95,literal,1024,32,10000,0.95,91,1,1,1356,31,30,0
ascii95,literal,1024,32,10000,0.95,91,0,0,,,,0
ascii95,literal,1024,32,10000,0.95,92,1,1,1356,31,30,0
ascii95,literal,1024,32,10000,0.95,92,0,0,,,,0
ascii95,literal,1024,32,10000,0.95,93,1,1,1356,31,30,0
ascii95,literal,1024,32,10000,0.95,93,0,0,,,,0
ascii95,literal,1024,32,10000,0.95,94,1,1,1356,31,30,0
ascii95,literal,1024,32,10000,0.95,94,0,0,,,,0
ascii95,literal,1024,32,10000,0.95,95,1,1,1356,31,30,0
ascii95,literal,1024,32,10000,0.95,95,0,0,,,,0
ascii95,literal,1024,32,10000,0.95,96,1,1,1356,31,30,0
ascii95,literal,1024,32,10000,0.95,96,0,0,,,,0
ascii95,literal,1024,32,10000,0.95,97,1,1,1356,31,30,0
ascii95,literal,1024,32,10000,0.95,97,0,0,,,,0
ascii95,literal,1024,32,10000,0.95,98,1,1,1356,31,30,0
ascii95,literal,1024,32,10000,0.95,98,0,0,,,,0
ascii95,literal,1024,32,10000,0.95,99,1,1,1356,31,30,0
ascii95,literal,1024,32,10000,0.95,99,0,0,,,,0
ascii95,literal,1024,32,10000,0.95,100,1,1,1356,31,30,0
ascii95,literal,1024,32,10000,0.95,100,0,0,,,,0
ascii95,regex,512,16,10000,0.50,1,1,1,1356,66,22,0
ascii95,regex,512,16,10000,0.50,1,0,0,,,,0
ascii95,regex,512,16,10000,0.50,2,1,1,1356,66,22,0
ascii95,regex,512,16,10000,0.50,2,0,0,,,,0
ascii95,regex,512,16,10000,0.50,3,1,1,1356,66,22,0
ascii95,regex,512,16,10000,0.50,3,0,0,,,,0
ascii95,regex,512,16,10000,0.50,4,1,1,1356,66,22,0
ascii95,regex,512,16,10000,0.50,4,0,0,,,,0
ascii95,regex,512,16,10000,0.50,5,1,1,1356,66,22,0
ascii95,regex,512,16,10000,0.50,5,0,0,,,,0
ascii95,regex,512,16,10000,0.50,6,1,1,1356,66,22,0
ascii95,regex,512,16,10000,0.50,6,0,0,,,,0
ascii95,regex,512,16,10000,0.50,7,1,1,1356,66,22,0
ascii95,regex,512,16,10000,0.50,7,0,0,,,,0
ascii95,regex,512,16,10000,0.50,8,1,1,1356,66,22,0
ascii95,regex,512,16,10000,0.50,8,0,0,,,,0
ascii95,regex,512,16,10000,0.50,9,1,1,1356,66,22,0
ascii95,regex,512,16,10000,0.50,9,0,0,,,,0
ascii95,regex,512,16,10000,0.50,10,1,1,1356,66,22,0
ascii95,regex,512,16,10000,0.50,10,0,0,,,,0
ascii95,regex,512,16,10000,0.50,11,1,1,1356,66,22,0
ascii95,regex,512,16,10000,0.50,11,0,0,,,,0
ascii95,regex,512,16,10000,0.50,12,1,1,1356,66,22,0
ascii95,regex,512,16,10000,0.50,12,0,0,,,,0
ascii95,regex,512,16,10000,0.50,13,1,1,1356,66,22,0
ascii95,regex,512,16,10000,0.50,13,0,0,,,,0
ascii95,regex,512,16,10000,0.50,14,1,1,1356,66,22,0
ascii95,regex,512,16,10000,0.50,14,0,0,,,,0
ascii95,regex,512,16,10000,0.50,15,1,1,1356,66,22,0
ascii95,regex,512,16,10000,0.50,15,0,0,,,,0
ascii95,regex,512,16,10000,0.50,16,1,1,1356,66,22,0
ascii95,regex,512,16,10000,0.50,16,0,0,,,,0
ascii95,regex,512,16,10000,0.50,17,1,1,1356,66,22,0
ascii95,regex,512,16,10000,0.50,17,0,0,,,,0
ascii95,regex,512,16,10000,0.50,18,1,1,1356,66,22,0
ascii95,regex,512,16,10000,0.50,18,0,0,,,,0
ascii95,regex,512,16,10000,0.50,19,1,1,1356,66,22,0
ascii95,regex,512,16,10000,0.50,19,0,0,,,,0
ascii95,regex,512,16,10000,0.50,20,1,1,1356,66,22,0
ascii95,regex,512,16,10000,0.50,20,0,0,,,,0
ascii95,regex,512,16,10000,0.50,21,1,1,1356,66,22,0
ascii95,regex,512,16,10000,0.50,21,0,0,,,,0
ascii95,regex,512,16,10000,0.50,22,1,1,1356,66,22,0
ascii95,regex,512,16,10000,0.50,22,0,0,,,,0
ascii95,regex,512,16,10000,0.50,23,1,1,1356,66,22,0
ascii95,regex,512,16,10000,0.50,23,0,0,,,,0
ascii95,regex,512,16,10000,0.50,24,1,1,1356,66,22,0
ascii95,regex,512,16,10000,0.50,24,0,0,,,,0
ascii95,regex,512,16,10000,0.50,25,1,1,1356,66,22,0
ascii95,regex,512,16,10000,0.50,25,0,0,,,,0
ascii95,regex,512,16,10000,0.50,26,1,1,1356,66,22,0
ascii95,regex,512,16,10000,0.50,26,0,0,,,,0
ascii95,regex,512,16,10000,0.50,27,1,1,1356,66,22,0
ascii95,regex,512,16,10000,0.50,27,0,0,,,,0
ascii95,regex,512,16,10000,0.50,28,1,1,1356,66,22,0
ascii95,regex,512,16,10000,0.50,28,0,0,,,,0
ascii95,regex,512,16,10000,0.50,29,1,1,1356,66,22,0
ascii95,regex,512,16,10000,0.50,29,0,0,,,,0
ascii95,regex,512,16,10000,0.50,30,1,1,1356,66,22,0
ascii95,regex,512,16,10000,0.50,30,0,0,,,,0
ascii95,regex,512,16,10000,0.50,31,1,1,1356,66,22,0
ascii95,regex,512,16,10000,0.50,31,0,0,,,,0
ascii95,regex,512,16,10000,0.50,32,1,1,1356,66,22,0
ascii95,regex,512,16,10000,0.50,32,0,0,,,,0
ascii95,regex,512,16,10000,0.50,33,1,1,1356,66,22,0
ascii95,regex,512,16,10000,0.50,33,0,0,,,,0
ascii95,regex,512,16,10000,0.50,34,1,1,1356,66,22,0
ascii95,regex,512,16,10000,0.50,34,0,0,,,,0
ascii95,regex,512,16,10000,0.50,35,1,1,1356,66,22,0
ascii95,regex,512,16,10000,0.50,35,0,0,,,,0
ascii95,regex,512,16,10000,0.50,36,1,1,1356,66,22,0
ascii95,regex,512,16,10000,0.50,36,0,0,,,,0
ascii95,regex,512,16,10000,0.50,37,1,1,1356,66,22,0
ascii95,regex,512,16,10000,0.50,37,0,0,,,,0
ascii95,regex,512,16,10000,0.50,38,1,1,1356,66,22,0
ascii95,regex,512,16,10000,0.50,38,0,0,,,,0
ascii95,regex,512,16,10000,0.50,39,1,1,1356,66,22,0
ascii95,regex,512,16,10000,0.50,39,0,0,,,,0
ascii95,regex,512,16,10000,0.50,40,1,1,1356,66,22,0
ascii95,regex,512,16,10000,0.50,40,0,0,,,,0
ascii95,regex,512,16,10000,0.50,41,1,1,1356,66,22,0
ascii95,regex,512,16,10000,0.50,41,0,0,,,,0
ascii95,regex,512,16,10000,0.50,42,1,1,1356,66,22,0
ascii95,regex,512,16,10000,0.50,42,0,0,,,,0
ascii95,regex,512,16,10000,0.50,43,1,1,1356,66,22,0
ascii95,regex,512,16,10000,0.50,43,0,0,,,,0
ascii95,regex,512,16,10000,0.50,44,1,1,1356,66,22,0
ascii95,regex,512,16,10000,0.50,44,0,0,,,,0
ascii95,regex,512,16,10000,0.50,45,1,1,1356,66,22,0
ascii95,regex,512,16,10000,0.50,45,0,0,,,,0
ascii95,regex,512,16,10000,0.50,46,1,1,1356,66,22,0
ascii95,regex,512,16,10000,0.50,46,0,0,,,,0
ascii95,regex,512,16,10000,0.50,47,1,1,1356,66,22,0
ascii95,regex,512,16,10000,0.50,47,0,0,,,,0
ascii95,regex,512,16,10000,0.50,48,1,1,1356,66,22,0
ascii95,regex,512,16,10000,0.50,48,0,0,,,,0
ascii95,regex,512,16,10000,0.50,49,1,1,1356,66,22,0
ascii95,regex,512,16,10000,0.50,49,0,0,,,,0
ascii95,regex,512,16,10000,0.50,50,1,1,1356,66,22,0
ascii95,regex,512,16,10000,0.50,50,0,0,,,,0
ascii95,regex,512,16,10000,0.50,51,1,1,1356,66,22,0
ascii95,regex,512,16,10000,0.50,51,0,0,,,,0
ascii95,regex,512,16,10000,0.50,52,1,1,1356,66,22,0
ascii95,regex,512,16,10000,0.50,52,0,0,,,,0
ascii95,regex,512,16,10000,0.50,53,1,1,1356,66,22,0
ascii95,regex,512,16,10000,0.50,53,0,0,,,,0
ascii95,regex,512,16,10000,0.50,54,1,1,1356,66,22,0
ascii95,regex,512,16,10000,0.50,54,0,0,,,,0
ascii95,regex,512,16,10000,0.50,55,1,1,1356,66,22,0
ascii95,regex,512,16,10000,0.50,55,0,0,,,,0
ascii95,regex,512,16,10000,0.50,56,1,1,1356,66,22,0
ascii95,regex,512,16,10000,0.50,56,0,0,,,,0
ascii95,regex,512,16,10000,0.50,57,1,1,1356,66,22,0
ascii95,regex,512,16,10000,0.50,57,0,0,,,,0
ascii95,regex,512,16,10000,0.50,58,1,1,1356,66,22,0
ascii95,regex,512,16,10000,0.50,58,0,0,,,,0
ascii95,regex,512,16,10000,0.50,59,1,1,1356,66,22,0
ascii95,regex,512,16,10000,0.50,59,0,0,,,,0
ascii95,regex,512,16,10000,0.50,60,1,1,1356,66,22,0
ascii95,regex,512,16,10000,0.50,60,0,0,,,,0
ascii95,regex,512,16,10000,0.50,61,1,1,1356,66,22,0
ascii95,regex,512,16,10000,0.50,61,0,0,,,,0
ascii95,regex,512,16,10000,0.50,62,1,1,1356,66,22,0
ascii95,regex,512,16,10000,0.50,62,0,0,,,,0
ascii95,regex,512,16,10000,0.50,63,1,1,1356,66,22,0
ascii95,regex,512,16,10000,0.50,63,0,0,,,,0
ascii95,regex,512,16,10000,0.50,64,1,1,1356,66,22,0
ascii95,regex,512,16,10000,0.50,64,0,0,,,,0
ascii95,regex,512,16,10000,0.50,65,1,1,1356,66,22,0
ascii95,regex,512,16,10000,0.50,65,0,0,,,,0
ascii95,regex,512,16,10000,0.50,66,1,1,1356,66,22,0
ascii95,regex,512,16,10000,0.50,66,0,0,,,,0
ascii95,regex,512,16,10000,0.50,67,1,1,1356,66,22,0
ascii95,regex,512,16,10000,0.50,67,0,0,,,,0
ascii95,regex,512,16,10000,0.50,68,1,1,1356,66,22,0
ascii95,regex,512,16,10000,0.50,68,0,0,,,,0
ascii95,regex,512,16,10000,0.50,69,1,1,1356,66,22,0
ascii95,regex,512,16,10000,0.50,69,0,0,,,,0
ascii95,regex,512,16,10000,0.50,70,1,1,1356,66,22,0
ascii95,regex,512,16,10000,0.50,70,0,0,,,,0
ascii95,regex,512,16,10000,0.50,71,1,1,1356,66,22,0
ascii95,regex,512,16,10000,0.50,71,0,0,,,,0
ascii95,regex,512,16,10000,0.50,72,1,1,1356,66,22,0
ascii95,regex,512,16,10000,0.50,72,0,0,,,,0
ascii95,regex,512,16,10000,0.50,73,1,1,1356,66,22,0
ascii95,regex,512,16,10000,0.50,73,0,0,,,,0
ascii95,regex,512,16,10000,0.50,74,1,1,1356,66,22,0
ascii95,regex,512,16,10000,0.50,74,0,0,,,,0
ascii95,regex,512,16,10000,0.50,75,1,1,1356,66,22,0
ascii95,regex,512,16,10000,0.50,75,0,0,,,,0
ascii95,regex,512,16,10000,0.50,76,1,1,1356,66,22,0
ascii95,regex,512,16,10000,0.50,76,0,0,,,,0
ascii95,regex,512,16,10000,0.50,77,1,1,1356,66,22,0
ascii95,regex,512,16,10000,0.50,77,0,0,,,,0
ascii95,regex,512,16,10000,0.50,78,1,1,1356,66,22,0
ascii95,regex,512,16,10000,0.50,78,0,0,,,,0
ascii95,regex,512,16,10000,0.50,79,1,1,1356,66,22,0
ascii95,regex,512,16,10000,0.50,79,0,0,,,,0
ascii95,regex,512,16,10000,0.50,80,1,1,1356,66,22,0
ascii95,regex,512,16,10000,0.50,80,0,0,,,,0
ascii95,regex,512,16,10000,0.50,81,1,1,1356,66,22,0
ascii95,regex,512,16,10000,0.50,81,0,0,,,,0
ascii95,regex,512,16,10000,0.50,82,1,1,1356,66,22,0
ascii95,regex,512,16,10000,0.50,82,0,0,,,,0
ascii95,regex,512,16,10000,0.50,83,1,1,1356,66,22,0
ascii95,regex,512,16,10000,0.50,83,0,0,,,,0
ascii95,regex,512,16,10000,0.50,84,1,1,1356,66,22,0
ascii95,regex,512,16,10000,0.50,84,0,0,,,,0
ascii95,regex,512,16,10000,0.50,85,1,1,1356,66,22,0
ascii95,regex,512,16,10000,0.50,85,0,0,,,,0
ascii95,regex,512,16,10000,0.50,86,1,1,1356,66,22,0
ascii95,regex,512,16,10000,0.50,86,0,0,,,,0
ascii95,regex,512,16,10000,0.50,87,1,1,1356,66,22,0
ascii95,regex,512,16,10000,0.50,87,0,0,,,,0
ascii95,regex,512,16,10000,0.50,88,1,1,1356,66,22,0
ascii95,regex,512,16,10000,0.50,88,0,0,,,,0
ascii95,regex,512,16,10000,0.50,89,1,1,1356,66,22,0
ascii95,regex,512,16,10000,0.50,89,0,0,,,,0
ascii95,regex,512,16,10000,0.50,90,1,1,1356,66,22,0
ascii95,regex,512,16,10000,0.50,90,0,0,,,,0
ascii95,regex,512,16,10000,0.50,91,1,1,1356,66,22,0
ascii95,regex,512,16,10000,0.50,91,0,0,,,,0
ascii95,regex,512,16,10000,0.50,92,1,1,1356,66,22,0
ascii95,regex,512,16,10000,0.50,92,0,0,,,,0
ascii95,regex,512,16,10000,0.50,93,1,1,1356,66,22,0
ascii95,regex,512,16,10000,0.50,93,0,0,,,,0
ascii95,regex,512,16,10000,0.50,94,1,1,1356,66,22,0
ascii95,regex,512,16,10000,0.50,94,0,0,,,,0
ascii95,regex,512,16,10000,0.50,95,1,1,1356,66,22,0
ascii95,regex,512,16,10000,0.50,95,0,0,,,,0
ascii95,regex,512,16,10000,0.50,96,1,1,1356,66,22,0
ascii95,regex,512,16,10000,0.50,96,0,0,,,,0
ascii95,regex,512,16,10000,0.50,97,1,1,1356,66,22,0
ascii95,regex,512,16,10000,0.50,97,0,0,,,,0
ascii95,regex,512,16,10000,0.50,98,1,1,1356,66,22,0
ascii95,regex,512,16,10000,0.50,98,0,0,,,,0
ascii95,regex,512,16,10000,0.50,99,1,1,1356,66,22,0
ascii95,regex,512,16,10000,0.50,99,0,0,,,,0
ascii95,regex,512,16,10000,0.50,100,1,1,1356,66,22,0
ascii95,regex,512,16,10000,0.50,100,0,0,,,,0
ascii95,regex,512,16,10000,0.60,1,1,1,1356,66,22,0
ascii95,regex,512,16,10000,0.60,1,0,0,,,,0
ascii95,regex,512,16,10000,0.60,2,1,1,1356,66,22,0
ascii95,regex,512,16,10000,0.60,2,0,0,,,,0
ascii95,regex,512,16,10000,0.60,3,1,1,1356,66,22,0
ascii95,regex,512,16,10000,0.60,3,0,0,,,,0
ascii95,regex,512,16,10000,0.60,4,1,1,1356,66,22,0
ascii95,regex,512,16,10000,0.60,4,0,0,,,,0
ascii95,regex,512,16,10000,0.60,5,1,1,1356,66,22,0
ascii95,regex,512,16,10000,0.60,5,0,0,,,,0
ascii95,regex,512,16,10000,0.60,6,1,1,1356,66,22,0
ascii95,regex,512,16,10000,0.60,6,0,0,,,,0
ascii95,regex,512,16,10000,0.60,7,1,1,1356,66,22,0
ascii95,regex,512,16,10000,0.60,7,0,0,,,,0
ascii95,regex,512,16,10000,0.60,8,1,1,1356,66,22,0
ascii95,regex,512,16,10000,0.60,8,0,0,,,,0
ascii95,regex,512,16,10000,0.60,9,1,1,1356,66,22,0
ascii95,regex,512,16,10000,0.60,9,0,0,,,,0
ascii95,regex,512,16,10000,0.60,10,1,1,1356,66,22,0
ascii95,regex,512,16,10000,0.60,10,0,0,,,,0
ascii95,regex,512,16,10000,0.60,11,1,1,1356,66,22,0
ascii95,regex,512,16,10000,0.60,11,0,0,,,,0
ascii95,regex,512,16,10000,0.60,12,1,1,1356,66,22,0
ascii95,regex,512,16,10000,0.60,12,0,0,,,,0
ascii95,regex,512,16,10000,0.60,13,1,1,1356,66,22,0
ascii95,regex,512,16,10000,0.60,13,0,0,,,,0
ascii95,regex,512,16,10000,0.60,14,1,1,1356,66,22,0
ascii95,regex,512,16,10000,0.60,14,0,0,,,,0
ascii95,regex,512,16,10000,0.60,15,1,1,1356,66,22,0
ascii95,regex,512,16,10000,0.60,15,0,0,,,,0
ascii95,regex,512,16,10000,0.60,16,1,1,1356,66,22,0
ascii95,regex,512,16,10000,0.60,16,0,0,,,,0
ascii95,regex,512,16,10000,0.60,17,1,1,1356,66,22,0
ascii95,regex,512,16,10000,0.60,17,0,0,,,,0
ascii95,regex,512,16,10000,0.60,18,1,1,1356,66,22,0
ascii95,regex,512,16,10000,0.60,18,0,0,,,,0
ascii95,regex,512,16,10000,0.60,19,1,1,1356,66,22,0
ascii95,regex,512,16,10000,0.60,19,0,0,,,,0
ascii95,regex,512,16,10000,0.60,20,1,1,1356,66,22,0
ascii95,regex,512,16,10000,0.60,20,0,0,,,,0
ascii95,regex,512,16,10000,0.60,21,1,1,1356,66,22,0
ascii95,regex,512,16,10000,0.60,21,0,0,,,,0
ascii95,regex,512,16,10000,0.60,22,1,1,1356,66,22,0
ascii95,regex,512,16,10000,0.60,22,0,0,,,,0
ascii95,regex,512,16,10000,0.60,23,1,1,1356,66,22,0
ascii95,regex,512,16,10000,0.60,23,0,0,,,,0
ascii95,regex,512,16,10000,0.60,24,1,1,1356,66,22,0
ascii95,regex,512,16,10000,0.60,24,0,0,,,,0
ascii95,regex,512,16,10000,0.60,25,1,1,1356,66,22,0
ascii95,regex,512,16,10000,0.60,25,0,0,,,,0
ascii95,regex,512,16,10000,0.60,26,1,1,1356,66,22,0
ascii95,regex,512,16,10000,0.60,26,0,0,,,,0
ascii95,regex,512,16,10000,0.60,27,1,1,1356,66,22,0
ascii95,regex,512,16,10000,0.60,27,0,0,,,,0
ascii95,regex,512,16,10000,0.60,28,1,1,1356,66,22,0
ascii95,regex,512,16,10000,0.60,28,0,0,,,,0
ascii95,regex,512,16,10000,0.60,29,1,1,1356,66,22,0
ascii95,regex,512,16,10000,0.60,29,0,0,,,,0
ascii95,regex,512,16,10000,0.60,30,1,1,1356,66,22,0
ascii95,regex,512,16,10000,0.60,30,0,0,,,,0
ascii95,regex,512,16,10000,0.60,31,1,1,1356,66,22,0
ascii95,regex,512,16,10000,0.60,31,0,0,,,,0
ascii95,regex,512,16,10000,0.60,32,1,1,1356,66,22,0
ascii95,regex,512,16,10000,0.60,32,0,0,,,,0
ascii95,regex,512,16,10000,0.60,33,1,1,1356,66,22,0
ascii95,regex,512,16,10000,0.60,33,0,0,,,,0
ascii95,regex,512,16,10000,0.60,34,1,1,1356,66,22,0
ascii95,regex,512,16,10000,0.60,34,0,0,,,,0
ascii95,regex,512,16,10000,0.60,35,1,1,1356,66,22,0
ascii95,regex,512,16,10000,0.60,35,0,0,,,,0
ascii95,regex,512,16,10000,0.60,36,1,1,1356,66,22,0
ascii95,regex,512,16,10000,0.60,36,0,0,,,,0
ascii95,regex,512,16,10000,0.60,37,1,1,1356,66,22,0
ascii95,regex,512,16,10000,0.60,37,0,0,,,,0
ascii95,regex,512,16,10000,0.60,38,1,1,1356,66,22,0
ascii95,regex,512,16,10000,0.60,38,0,0,,,,0
ascii95,regex,512,16,10000,0.60,39,1,1,1356,66,22,0
ascii95,regex,512,16,10000,0.60,39,0,0,,,,0
ascii95,regex,512,16,10000,0.60,40,1,1,1356,66,22,0
ascii95,regex,512,16,10000,0.60,40,0,0,,,,0
ascii95,regex,512,16,10000,0.60,41,1,1,1356,66,22,0
ascii95,regex,512,16,10000,0.60,41,0,0,,,,0
ascii95,regex,512,16,10000,0.60,42,1,1,1356,66,22,0
ascii95,regex,512,16,10000,0.60,42,0,0,,,,0
ascii95,regex,512,16,10000,0.60,43,1,1,1356,66,22,0
ascii95,regex,512,16,10000,0.60,43,0,0,,,,0
ascii95,regex,512,16,10000,0.60,44,1,1,1356,66,22,0
ascii95,regex,512,16,10000,0.60,44,0,0,,,,0
ascii95,regex,512,16,10000,0.60,45,1,1,1356,66,22,0
ascii95,regex,512,16,10000,0.60,45,0,0,,,,0
ascii95,regex,512,16,10000,0.60,46,1,1,1356,66,22,0
ascii95,regex,512,16,10000,0.60,46,0,0,,,,0
ascii95,regex,512,16,10000,0.60,47,1,1,1356,66,22,0
ascii95,regex,512,16,10000,0.60,47,0,0,,,,0
ascii95,regex,512,16,10000,0.60,48,1,1,1356,66,22,0
ascii95,regex,512,16,10000,0.60,48,0,0,,,,0
ascii95,regex,512,16,10000,0.60,49,1,1,1356,66,22,0
ascii95,regex,512,16,10000,0.60,49,0,0,,,,0
ascii95,regex,512,16,10000,0.60,50,1,1,1356,66,22,0
ascii95,regex,512,16,10000,0.60,50,0,0,,,,0
ascii95,regex,512,16,10000,0.60,51,1,1,1356,66,22,0
ascii95,regex,512,16,10000,0.60,51,0,0,,,,0
ascii95,regex,512,16,10000,0.60,52,1,1,1356,66,22,0
ascii95,regex,512,16,10000,0.60,52,0,0,,,,0
ascii95,regex,512,16,10000,0.60,53,1,1,1356,66,22,0
ascii95,regex,512,16,10000,0.60,53,0,0,,,,0
ascii95,regex,512,16,10000,0.60,54,1,1,1356,66,22,0
ascii95,regex,512,16,10000,0.60,54,0,0,,,,0
ascii95,regex,512,16,10000,0.60,55,1,1,1356,66,22,0
ascii95,regex,512,16,10000,0.60,55,0,0,,,,0
ascii95,regex,512,16,10000,0.60,56,1,1,1356,66,22,0
ascii95,regex,512,16,10000,0.60,56,0,0,,,,0
ascii95,regex,512,16,10000,0.60,57,1,1,1356,66,22,0
ascii95,regex,512,16,10000,0.60,57,0,0,,,,0
ascii95,regex,512,16,10000,0.60,58,1,1,1356,66,22,0
ascii95,regex,512,16,10000,0.60,58,0,0,,,,0
ascii95,regex,512,16,10000,0.60,59,1,1,1356,66,22,0
ascii95,regex,512,16,10000,0.60,59,0,0,,,,0
ascii95,regex,512,16,10000,0.60,60,1,1,1356,66,22,0
ascii95,regex,512,16,10000,0.60,60,0,0,,,,0
ascii95,regex,512,16,10000,0.60,61,1,1,1356,66,22,0
ascii95,regex,512,16,10000,0.60,61,0,0,,,,0
ascii95,regex,512,16,10000,0.60,62,1,1,1356,66,22,0
ascii95,regex,512,16,10000,0.60,62,0,0,,,,0
ascii95,regex,512,16,10000,0.60,63,1,1,1356,66,22,0
ascii95,regex,512,16,10000,0.60,63,0,0,,,,0
ascii95,regex,512,16,10000,0.60,64,1,1,1356,66,22,0
ascii95,regex,512,16,10000,0.60,64,0,0,,,,0
ascii95,regex,512,16,10000,0.60,65,1,1,1356,66,22,0
ascii95,regex,512,16,10000,0.60,65,0,0,,,,0
ascii95,regex,512,16,10000,0.60,66,1,1,1356,66,22,0
ascii95,regex,512,16,10000,0.60,66,0,0,,,,0
ascii95,regex,512,16,10000,0.60,67,1,1,1356,66,22,0
ascii95,regex,512,16,10000,0.60,67,0,0,,,,0
ascii95,regex,512,16,10000,0.60,68,1,1,1356,66,22,0
ascii95,regex,512,16,10000,0.60,68,0,0,,,,0
ascii95,regex,512,16,10000,0.60,69,1,1,1356,66,22,0
ascii95,regex,512,16,10000,0.60,69,0,0,,,,0
ascii95,regex,512,16,10000,0.60,70,1,1,1356,66,22,0
ascii95,regex,512,16,10000,0.60,70,0,0,,,,0
ascii95,regex,512,16,10000,0.60,71,1,1,1356,66,22,0
ascii95,regex,512,16,10000,0.60,71,0,0,,,,0
ascii95,regex,512,16,10000,0.60,72,1,1,1356,66,22,0
ascii95,regex,512,16,10000,0.60,72,0,0,,,,0
ascii95,regex,512,16,10000,0.60,73,1,1,1356,66,22,0
ascii95,regex,512,16,10000,0.60,73,0,0,,,,0
ascii95,regex,512,16,10000,0.60,74,1,1,1356,66,22,0
ascii95,regex,512,16,10000,0.60,74,0,0,,,,0
ascii95,regex,512,16,10000,0.60,75,1,1,1356,66,22,0
ascii95,regex,512,16,10000,0.60,75,0,0,,,,0
ascii95,regex,512,16,10000,0.60,76,1,1,1356,66,22,0
ascii95,regex,512,16,10000,0.60,76,0,0,,,,0
ascii95,regex,512,16,10000,0.60,77,1,1,1356,66,22,0
ascii95,regex,512,16,10000,0.60,77,0,0,,,,0
ascii95,regex,512,16,10000,0.60,78,1,1,1356,66,22,0
ascii95,regex,512,16,10000,0.60,78,0,0,,,,0
ascii95,regex,512,16,10000,0.60,79,1,1,1356,66,22,0
ascii95,regex,512,16,10000,0.60,79,0,0,,,,0
ascii95,regex,512,16,10000,0.60,80,1,1,1356,66,22,0
ascii95,regex,512,16,10000,0.60,80,0,0,,,,0
ascii95,regex,512,16,10000,0.60,81,1,1,1356,66,22,0
ascii95,regex,512,16,10000,0.60,81,0,0,,,,0
ascii95,regex,512,16,10000,0.60,82,1,1,1356,66,22,0
ascii95,regex,512,16,10000,0.60,82,0,0,,,,0
ascii95,regex,512,16,10000,0.60,83,1,1,1356,66,22,0
ascii95,regex,512,16,10000,0.60,83,0,0,,,,0
ascii95,regex,512,16,10000,0.60,84,1,1,1356,66,22,0
ascii95,regex,512,16,10000,0.60,84,0,0,,,,0
ascii95,regex,512,16,10000,0.60,85,1,1,1356,66,22,0
ascii95,regex,512,16,10000,0.60,85,0,0,,,,0
ascii95,regex,512,16,10000,0.60,86,1,1,1356,66,22,0
ascii95,regex,512,16,10000,0.60,86,0,0,,,,0
ascii95,regex,512,16,10000,0.60,87,1,1,1356,66,22,0
ascii95,regex,512,16,10000,0.60,87,0,0,,,,0
ascii95,regex,512,16,10000,0.60,88,1,1,1356,66,22,0
ascii95,regex,512,16,10000,0.60,88,0,0,,,,0
ascii95,regex,512,16,10000,0.60,89,1,1,1356,66,22,0
ascii95,regex,512,16,10000,0.60,89,0,0,,,,0
ascii95,regex,512,16,10000,0.60,90,1,1,1356,66,22,0
ascii95,regex,512,16,10000,0.60,90,0,0,,,,0
ascii95,regex,512,16,10000,0.60,91,1,1,1356,66,22,0
ascii95,regex,512,16,10000,0.60,91,0,0,,,,0
ascii95,regex,512,16,10000,0.60,92,1,1,1356,66,22,0
ascii95,regex,512,16,10000,0.60,92,0,0,,,,0
ascii95,regex,512,16,10000,0.60,93,1,1,1356,66,22,0
ascii95,regex,512,16,10000,0.60,93,0,0,,,,0
ascii95,regex,512,16,10000,0.60,94,1,1,1356,66,22,0
ascii95,regex,512,16,10000,0.60,94,0,0,,,,0
ascii95,regex,512,16,10000,0.60,95,1,1,1356,66,22,0
ascii95,regex,512,16,10000,0.60,95,0,0,,,,0
ascii95,regex,512,16,10000,0.60,96,1,1,1356,66,22,0
ascii95,regex,512,16,10000,0.60,96,0,0,,,,0
ascii95,regex,512,16,10000,0.60,97,1,1,1356,66,22,0
ascii95,regex,512,16,10000,0.60,97,0,0,,,,0
ascii95,regex,512,16,10000,0.60,98,1,1,1356,66,22,0
ascii95,regex,512,16,10000,0.60,98,0,0,,,,0
ascii95,regex,512,16,10000,0.60,99,1,1,1356,66,22,0
ascii95,regex,512,16,10000,0.60,99,0,0,,,,0
ascii95,regex,512,16,10000,0.60,100,1,1,1356,66,22,0
ascii95,regex,512,16,10000,0.60,100,0,0,,,,0
ascii95,regex,512,16,10000,0.70,1,1,1,1356,66,22,0
ascii95,regex,512,16,10000,0.70,1,0,0,,,,0
ascii95,regex,512,16,10000,0.70,2,1,1,1356,66,22,0
ascii95,regex,512,16,10000,0.70,2,0,0,,,,0
ascii95,regex,512,16,10000,0.70,3,1,1,1356,66,22,0
ascii95,regex,512,16,10000,0.70,3,0,0,,,,0
ascii95,regex,512,16,10000,0.70,4,1,1,1356,66,22,0
ascii95,regex,512,16,10000,0.70,4,0,0,,,,0
ascii95,regex,512,16,10000,0.70,5,1,1,1356,66,22,0
ascii95,regex,512,16,10000,0.70,5,0,0,,,,0
ascii95,regex,512,16,10000,0.70,6,1,1,1356,66,22,0
ascii95,regex,512,16,10000,0.70,6,0,0,,,,0
ascii95,regex,512,16,10000,0.70,7,1,1,1356,66,22,0
ascii95,regex,512,16,10000,0.70,7,0,0,,,,0
ascii95,regex,512,16,10000,0.70,8,1,1,1356,66,22,0
ascii95,regex,512,16,10000,0.70,8,0,0,,,,0
ascii95,regex,512,16,10000,0.70,9,1,1,1356,66,22,0
ascii95,regex,512,16,10000,0.70,9,0,0,,,,0
ascii95,regex,512,16,10000,0.70,10,1,1,1356,66,22,0
ascii95,regex,512,16,10000,0.70,10,0,0,,,,0
ascii95,regex,512,16,10000,0.70,11,1,1,1356,66,22,0
ascii95,regex,512,16,10000,0.70,11,0,0,,,,0
ascii95,regex,512,16,10000,0.70,12,1,1,1356,66,22,0
ascii95,regex,512,16,10000,0.70,12,0,0,,,,0
ascii95,regex,512,16,10000,0.70,13,1,1,1356,66,22,0
ascii95,regex,512,16,10000,0.70,13,0,0,,,,0
ascii95,regex,512,16,10000,0.70,14,1,1,1356,66,22,0
ascii95,regex,512,16,10000,0.70,14,0,0,,,,0
ascii95,regex,512,16,10000,0.70,15,1,1,1356,66,22,0
ascii95,regex,512,16,10000,0.70,15,0,0,,,,0
ascii95,regex,512,16,10000,0.70,16,1,1,1356,66,22,0
ascii95,regex,512,16,10000,0.70,16,0,0,,,,0
ascii95,regex,512,16,10000,0.70,17,1,1,1356,66,22,0
ascii95,regex,512,16,10000,0.70,17,0,0,,,,0
ascii95,regex,512,16,10000,0.70,18,1,1,1356,66,22,0
ascii95,regex,512,16,10000,0.70,18,0,0,,,,0
ascii95,regex,512,16,10000,0.70,19,1,1,1356,66,22,0
ascii95,regex,512,16,10000,0.70,19,0,0,,,,0
ascii95,regex,512,16,10000,0.70,20,1,1,1356,66,22,0
ascii95,regex,512,16,10000,0.70,20,0,0,,,,0
ascii95,regex,512,16,10000,0.70,21,1,1,1356,66,22,0
ascii95,regex,512,16,10000,0.70,21,0,0,,,,0
ascii95,regex,512,16,10000,0.70,22,1,1,1356,66,22,0
ascii95,regex,512,16,10000,0.70,22,0,0,,,,0
ascii95,regex,512,16,10000,0.70,23,1,1,1356,66,22,0
ascii95,regex,512,16,10000,0.70,23,0,0,,,,0
ascii95,regex,512,16,10000,0.70,24,1,1,1356,66,22,0
ascii95,regex,512,16,10000,0.70,24,0,0,,,,0
ascii95,regex,512,16,10000,0.70,25,1,1,1356,66,22,0
ascii95,regex,512,16,10000,0.70,25,0,0,,,,0
ascii95,regex,512,16,10000,0.70,26,1,1,1356,66,22,0
ascii95,regex,512,16,10000,0.70,26,0,0,,,,0
ascii95,regex,512,16,10000,0.70,27,1,1,1356,66,22,0
ascii95,regex,512,16,10000,0.70,27,0,0,,,,0
ascii95,regex,512,16,10000,0.70,28,1,1,1356,66,22,0
ascii95,regex,512,16,10000,0.70,28,0,0,,,,0
ascii95,regex,512,16,10000,0.70,29,1,1,1356,66,22,0
ascii95,regex,512,16,10000,0.70,29,0,0,,,,0
ascii95,regex,512,16,10000,0.70,30,1,1,1356,66,22,0
ascii95,regex,512,16,10000,0.70,30,0,0,,,,0
ascii95,regex,512,16,10000,0.70,31,1,1,1356,66,22,0
ascii95,regex,512,16,10000,0.70,31,0,0,,,,0
ascii95,regex,512,16,10000,0.70,32,1,1,1356,66,22,0
ascii95,regex,512,16,10000,0.70,32,0,0,,,,0
ascii95,regex,512,16,10000,0.70,33,1,1,1356,66,22,0
ascii95,regex,512,16,10000,0.70,33,0,0,,,,0
ascii95,regex,512,16,10000,0.70,34,1,1,1356,66,22,0
ascii95,regex,512,16,10000,0.70,34,0,0,,,,0
ascii95,regex,512,16,10000,0.70,35,1,1,1356,66,22,0
ascii95,regex,512,16,10000,0.70,35,0,0,,,,0
ascii95,regex,512,16,10000,0.70,36,1,1,1356,66,22,0
ascii95,regex,512,16,10000,0.70,36,0,0,,,,0
ascii95,regex,512,16,10000,0.70,37,1,1,1356,66,22,0
ascii95,regex,512,16,10000,0.70,37,0,0,,,,0
ascii95,regex,512,16,10000,0.70,38,1,1,1356,66,22,0
ascii95,regex,512,16,10000,0.70,38,0,0,,,,0
ascii95,regex,512,16,10000,0.70,39,1,1,1356,66,22,0
ascii95,regex,512,16,10000,0.70,39,0,0,,,,0
ascii95,regex,512,16,10000,0.70,40,1,1,1356,66,22,0
ascii95,regex,512,16,10000,0.70,40,0,0,,,,0
ascii95,regex,512,16,10000,0.70,41,1,1,1356,66,22,0
ascii95,regex,512,16,10000,0.70,41,0,0,,,,0
ascii95,regex,512,16,10000,0.70,42,1,1,1356,66,22,0
ascii95,regex,512,16,10000,0.70,42,0,0,,,,0
ascii95,regex,512,16,10000,0.70,43,1,1,1356,66,22,0
ascii95,regex,512,16,10000,0.70,43,0,0,,,,0
ascii95,regex,512,16,10000,0.70,44,1,1,1356,66,22,0
ascii95,regex,512,16,10000,0.70,44,0,0,,,,0
ascii95,regex,512,16,10000,0.70,45,1,1,1356,66,22,0
ascii95,regex,512,16,10000,0.70,45,0,0,,,,0
ascii95,regex,512,16,10000,0.70,46,1,1,1356,66,22,0
ascii95,regex,512,16,10000,0.70,46,0,0,,,,0
ascii95,regex,512,16,10000,0.70,47,1,1,1356,66,22,0
ascii95,regex,512,16,10000,0.70,47,0,0,,,,0
ascii95,regex,512,16,10000,0.70,48,1,1,1356,66,22,0
ascii95,regex,512,16,10000,0.70,48,0,0,,,,0
ascii95,regex,512,16,10000,0.70,49,1,1,1356,66,22,0
ascii95,regex,512,16,10000,0.70,49,0,0,,,,0
ascii95,regex,512,16,10000,0.70,50,1,1,1356,66,22,0
ascii95,regex,512,16,10000,0.70,50,0,0,,,,0
ascii95,regex,512,16,10000,0.70,51,1,1,1356,66,22,0
ascii95,regex,512,16,10000,0.70,51,0,0,,,,0
ascii95,regex,512,16,10000,0.70,52,1,1,1356,66,22,0
ascii95,regex,512,16,10000,0.70,52,0,0,,,,0
ascii95,regex,512,16,10000,0.70,53,1,1,1356,66,22,0
ascii95,regex,512,16,10000,0.70,53,0,0,,,,0
ascii95,regex,512,16,10000,0.70,54,1,1,1356,66,22,0
ascii95,regex,512,16,10000,0.70,54,0,0,,,,0
ascii95,regex,512,16,10000,0.70,55,1,1,1356,66,22,0
ascii95,regex,512,16,10000,0.70,55,0,0,,,,0
ascii95,regex,512,16,10000,0.70,56,1,1,1356,66,22,0
ascii95,regex,512,16,10000,0.70,56,0,0,,,,0
ascii95,regex,512,16,10000,0.70,57,1,1,1356,66,22,0
ascii95,regex,512,16,10000,0.70,57,0,0,,,,0
ascii95,regex,512,16,10000,0.70,58,1,1,1356,66,22,0
ascii95,regex,512,16,10000,0.70,58,0,0,,,,0
ascii95,regex,512,16,10000,0.70,59,1,1,1356,66,22,0
ascii95,regex,512,16,10000,0.70,59,0,0,,,,0
ascii95,regex,512,16,10000,0.70,60,1,1,1356,66,22,0
ascii95,regex,512,16,10000,0.70,60,0,0,,,,0
ascii95,regex,512,16,10000,0.70,61,1,1,1356,66,22,0
ascii95,regex,512,16,10000,0.70,61,0,0,,,,0
ascii95,regex,512,16,10000,0.70,62,1,1,1356,66,22,0
ascii95,regex,512,16,10000,0.70,62,0,0,,,,0
ascii95,regex,512,16,10000,0.70,63,1,1,1356,66,22,0
ascii95,regex,512,16,10000,0.70,63,0,0,,,,0
ascii95,regex,512,16,10000,0.70,64,1,1,1356,66,22,0
ascii95,regex,512,16,10000,0.70,64,0,0,,,,0
ascii95,regex,512,16,10000,0.70,65,1,1,1356,66,22,0
ascii95,regex,512,16,10000,0.70,65,0,0,,,,0
ascii95,regex,512,16,10000,0.70,66,1,1,1356,66,22,0
ascii95,regex,512,16,10000,0.70,66,0,0,,,,0
ascii95,regex,512,16,10000,0.70,67,1,1,1356,66,22,0
ascii95,regex,512,16,10000,0.70,67,0,0,,,,0
ascii95,regex,512,16,10000,0.70,68,1,1,1356,66,22,0
ascii95,regex,512,16,10000,0.70,68,0,0,,,,0
ascii95,regex,512,16,10000,0.70,69,1,1,1356,66,22,0
ascii95,regex,512,16,10000,0.70,69,0,0,,,,0
ascii95,regex,512,16,10000,0.70,70,1,1,1356,66,22,0
ascii95,regex,512,16,10000,0.70,70,0,0,,,,0
ascii95,regex,512,16,10000,0.70,71,1,1,1356,66,22,0
ascii95,regex,512,16,10000,0.70,71,0,0,,,,0
ascii95,regex,512,16,10000,0.70,72,1,1,1356,66,22,0
ascii95,regex,512,16,10000,0.70,72,0,0,,,,0
ascii95,regex,512,16,10000,0.70,73,1,1,1356,66,22,0
ascii95,regex,512,16,10000,0.70,73,0,0,,,,0
ascii95,regex,512,16,10000,0.70,74,1,1,1356,66,22,0
ascii95,regex,512,16,10000,0.70,74,0,0,,,,0
ascii95,regex,512,16,10000,0.70,75,1,1,1356,66,22,0
ascii95,regex,512,16,10000,0.70,75,0,0,,,,0
ascii95,regex,512,16,10000,0.70,76,1,1,1356,66,22,0
ascii95,regex,512,16,10000,0.70,76,0,0,,,,0
ascii95,regex,512,16,10000,0.70,77,1,1,1356,66,22,0
ascii95,regex,512,16,10000,0.70,77,0,0,,,,0
ascii95,regex,512,16,10000,0.70,78,1,1,1356,66,22,0
ascii95,regex,512,16,10000,0.70,78,0,0,,,,0
ascii95,regex,512,16,10000,0.70,79,1,1,1356,66,22,0
ascii95,regex,512,16,10000,0.70,79,0,0,,,,0
ascii95,regex,512,16,10000,0.70,80,1,1,1356,66,22,0
ascii95,regex,512,16,10000,0.70,80,0,0,,,,0
ascii95,regex,512,16,10000,0.70,81,1,1,1356,66,22,0
ascii95,regex,512,16,10000,0.70,81,0,0,,,,0
ascii95,regex,512,16,10000,0.70,82,1,1,1356,66,22,0
ascii95,regex,512,16,10000,0.70,82,0,0,,,,0
ascii95,regex,512,16,10000,0.70,83,1,1,1356,66,22,0
ascii95,regex,512,16,10000,0.70,83,0,0,,,,0
ascii95,regex,512,16,10000,0.70,84,1,1,1356,66,22,0
ascii95,regex,512,16,10000,0.70,84,0,0,,,,0
ascii95,regex,512,16,10000,0.70,85,1,1,1356,66,22,0
ascii95,regex,512,16,10000,0.70,85,0,0,,,,0
ascii95,regex,512,16,10000,0.70,86,1,1,1356,66,22,0
ascii95,regex,512,16,10000,0.70,86,0,0,,,,0
ascii95,regex,512,16,10000,0.70,87,1,1,1356,66,22,0
ascii95,regex,512,16,10000,0.70,87,0,0,,,,0
ascii95,regex,512,16,10000,0.70,88,1,1,1356,66,22,0
ascii95,regex,512,16,10000,0.70,88,0,0,,,,0
ascii95,regex,512,16,10000,0.70,89,1,1,1356,66,22,0
ascii95,regex,512,16,10000,0.70,89,0,0,,,,0
ascii95,regex,512,16,10000,0.70,90,1,1,1356,66,22,0
ascii95,regex,512,16,10000,0.70,90,0,0,,,,0
ascii95,regex,512,16,10000,0.70,91,1,1,1356,66,22,0
ascii95,regex,512,16,10000,0.70,91,0,0,,,,0
ascii95,regex,512,16,10000,0.70,92,1,1,1356,66,22,0
ascii95,regex,512,16,10000,0.70,92,0,0,,,,0
ascii95,regex,512,16,10000,0.70,93,1,1,1356,66,22,0
ascii95,regex,512,16,10000,0.70,93,0,0,,,,0
ascii95,regex,512,16,10000,0.70,94,1,1,1356,66,22,0
ascii95,regex,512,16,10000,0.70,94,0,0,,,,0
ascii95,regex,512,16,10000,0.70,95,1,1,1356,66,22,0
ascii95,regex,512,16,10000,0.70,95,0,0,,,,0
ascii95,regex,512,16,10000,0.70,96,1,1,1356,66,22,0
ascii95,regex,512,16,10000,0.70,96,0,0,,,,0
ascii95,regex,512,16,10000,0.70,97,1,1,1356,66,22,0
ascii95,regex,512,16,10000,0.70,97,0,0,,,,0
ascii95,regex,512,16,10000,0.70,98,1,1,1356,66,22,0
ascii95,regex,512,16,10000,0.70,98,0,0,,,,0
ascii95,regex,512,16,10000,0.70,99,1,1,1356,66,22,0
ascii95,regex,512,16,10000,0.70,99,0,0,,,,0
ascii95,regex,512,16,10000,0.70,100,1,1,1356,66,22,0
ascii95,regex,512,16,10000,0.70,100,0,0,,,,0
ascii95,regex,512,16,10000,0.80,1,1,1,1356,66,22,0
ascii95,regex,512,16,10000,0.80,1,0,0,,,,0
ascii95,regex,512,16,10000,0.80,2,1,1,1356,66,22,0
ascii95,regex,512,16,10000,0.80,2,0,0,,,,0
ascii95,regex,512,16,10000,0.80,3,1,1,1356,66,22,0
ascii95,regex,512,16,10000,0.80,3,0,0,,,,0
ascii95,regex,512,16,10000,0.80,4,1,1,1356,66,22,0
ascii95,regex,512,16,10000,0.80,4,0,0,,,,0
ascii95,regex,512,16,10000,0.80,5,1,1,1356,66,22,0
ascii95,regex,512,16,10000,0.80,5,0,0,,,,0
ascii95,regex,512,16,10000,0.80,6,1,1,1356,66,22,0
ascii95,regex,512,16,10000,0.80,6,0,0,,,,0
ascii95,regex,512,16,10000,0.80,7,1,1,1356,66,22,0
ascii95,regex,512,16,10000,0.80,7,0,0,,,,0
ascii95,regex,512,16,10000,0.80,8,1,1,1356,66,22,0
ascii95,regex,512,16,10000,0.80,8,0,0,,,,0
ascii95,regex,512,16,10000,0.80,9,1,1,1356,66,22,0
ascii95,regex,512,16,10000,0.80,9,0,0,,,,0
ascii95,regex,512,16,10000,0.80,10,1,1,1356,66,22,0
ascii95,regex,512,16,10000,0.80,10,0,0,,,,0
ascii95,regex,512,16,10000,0.80,11,1,1,1356,66,22,0
ascii95,regex,512,16,10000,0.80,11,0,0,,,,0
ascii95,regex,512,16,10000,0.80,12,1,1,1356,66,22,0
ascii95,regex,512,16,10000,0.80,12,0,0,,,,0
ascii95,regex,512,16,10000,0.80,13,1,1,1356,66,22,0
ascii95,regex,512,16,10000,0.80,13,0,0,,,,0
ascii95,regex,512,16,10000,0.80,14,1,1,1356,66,22,0
ascii95,regex,512,16,10000,0.80,14,0,0,,,,0
ascii95,regex,512,16,10000,0.80,15,1,1,1356,66,22,0
ascii95,regex,512,16,10000,0.80,15,0,0,,,,0
ascii95,regex,512,16,10000,0.80,16,1,1,1356,66,22,0
ascii95,regex,512,16,10000,0.80,16,0,0,,,,0
ascii95,regex,512,16,10000,0.80,17,1,1,1356,66,22,0
ascii95,regex,512,16,10000,0.80,17,0,0,,,,0
ascii95,regex,512,16,10000,0.80,18,1,1,1356,66,22,0
ascii95,regex,512,16,10000,0.80,18,0,0,,,,0
ascii95,regex,512,16,10000,0.80,19,1,1,1356,66,22,0
ascii95,regex,512,16,10000,0.80,19,0,0,,,,0
ascii95,regex,512,16,10000,0.80,20,1,1,1356,66,22,0
ascii95,regex,512,16,10000,0.80,20,0,0,,,,0
ascii95,regex,512,16,10000,0.80,21,1,1,1356,66,22,0
ascii95,regex,512,16,10000,0.80,21,0,0,,,,0
ascii95,regex,512,16,10000,0.80,22,1,1,1356,66,22,0
ascii95,regex,512,16,10000,0.80,22,0,0,,,,0
ascii95,regex,512,16,10000,0.80,23,1,1,1356,66,22,0
ascii95,regex,512,16,10000,0.80,23,0,0,,,,0
ascii95,regex,512,16,10000,0.80,24,1,1,1356,66,22,0
ascii95,regex,512,16,10000,0.80,24,0,0,,,,0
ascii95,regex,512,16,10000,0.80,25,1,1,1356,66,22,0
ascii95,regex,512,16,10000,0.80,25,0,0,,,,0
ascii95,regex,512,16,10000,0.80,26,1,1,1356,66,22,0
ascii95,regex,512,16,10000,0.80,26,0,0,,,,0
ascii95,regex,512,16,10000,0.80,27,1,1,1356,66,22,0
ascii95,regex,512,16,10000,0.80,27,0,0,,,,0
ascii95,regex,512,16,10000,0.80,28,1,1,1356,66,22,0
ascii95,regex,512,16,10000,0.80,28,0,0,,,,0
ascii95,regex,512,16,10000,0.80,29,1,1,1356,66,22,0
ascii95,regex,512,16,10000,0.80,29,0,0,,,,0
ascii95,regex,512,16,10000,0.80,30,1,1,1356,66,22,0
ascii95,regex,512,16,10000,0.80,30,0,0,,,,0
ascii95,regex,512,16,10000,0.80,31,1,1,1356,66,22,0
ascii95,regex,512,16,10000,0.80,31,0,0,,,,0
ascii95,regex,512,16,10000,0.80,32,1,1,1356,66,22,0
ascii95,regex,512,16,10000,0.80,32,0,0,,,,0
ascii95,regex,512,16,10000,0.80,33,1,1,1356,66,22,0
ascii95,regex,512,16,10000,0.80,33,0,0,,,,0
ascii95,regex,512,16,10000,0.80,34,1,1,1356,66,22,0
ascii95,regex,512,16,10000,0.80,34,0,0,,,,0
ascii95,regex,512,16,10000,0.80,35,1,1,1356,66,22,0
ascii95,regex,512,16,10000,0.80,35,0,0,,,,0
ascii95,regex,512,16,10000,0.80,36,1,1,1356,66,22,0
ascii95,regex,512,16,10000,0.80,36,0,0,,,,0
ascii95,regex,512,16,10000,0.80,37,1,1,1356,66,22,0
ascii95,regex,512,16,10000,0.80,37,0,0,,,,0
ascii95,regex,512,16,10000,0.80,38,1,1,1356,66,22,0
ascii95,regex,512,16,10000,0.80,38,0,0,,,,0
ascii95,regex,512,16,10000,0.80,39,1,1,1356,66,22,0
ascii95,regex,512,16,10000,0.80,39,0,0,,,,0
ascii95,regex,512,16,10000,0.80,40,1,1,1356,66,22,0
ascii95,regex,512,16,10000,0.80,40,0,0,,,,0
ascii95,regex,512,16,10000,0.80,41,1,1,1356,66,22,0
ascii95,regex,512,16,10000,0.80,41,0,0,,,,0
ascii95,regex,512,16,10000,0.80,42,1,1,1356,66,22,0
ascii95,regex,512,16,10000,0.80,42,0,0,,,,0
ascii95,regex,512,16,10000,0.80,43,1,1,1356,66,22,0
ascii95,regex,512,16,10000,0.80,43,0,0,,,,0
ascii95,regex,512,16,10000,0.80,44,1,1,1356,66,22,0
ascii95,regex,512,16,10000,0.80,44,0,0,,,,0
ascii95,regex,512,16,10000,0.80,45,1,1,1356,66,22,0
ascii95,regex,512,16,10000,0.80,45,0,0,,,,0
ascii95,regex,512,16,10000,0.80,46,1,1,1356,66,22,0
ascii95,regex,512,16,10000,0.80,46,0,0,,,,0
ascii95,regex,512,16,10000,0.80,47,1,1,1356,66,22,0
ascii95,regex,512,16,10000,0.80,47,0,0,,,,0
ascii95,regex,512,16,10000,0.80,48,1,1,1356,66,22,0
ascii95,regex,512,16,10000,0.80,48,0,0,,,,0
ascii95,regex,512,16,10000,0.80,49,1,1,1356,66,22,0
ascii95,regex,512,16,10000,0.80,49,0,0,,,,0
ascii95,regex,512,16,10000,0.80,50,1,1,1356,66,22,0
ascii95,regex,512,16,10000,0.80,50,0,0,,,,0
ascii95,regex,512,16,10000,0.80,51,1,1,1356,66,22,0
ascii95,regex,512,16,10000,0.80,51,0,0,,,,0
ascii95,regex,512,16,10000,0.80,52,1,1,1356,66,22,0
ascii95,regex,512,16,10000,0.80,52,0,0,,,,0
ascii95,regex,512,16,10000,0.80,53,1,1,1356,66,22,0
ascii95,regex,512,16,10000,0.80,53,0,0,,,,0
ascii95,regex,512,16,10000,0.80,54,1,1,1356,66,22,0
ascii95,regex,512,16,10000,0.80,54,0,0,,,,0
ascii95,regex,512,16,10000,0.80,55,1,1,1356,66,22,0
ascii95,regex,512,16,10000,0.80,55,0,0,,,,0
ascii95,regex,512,16,10000,0.80,56,1,1,1356,66,22,0
ascii95,regex,512,16,10000,0.80,56,0,0,,,,0
ascii95,regex,512,16,10000,0.80,57,1,1,1356,66,22,0
ascii95,regex,512,16,10000,0.80,57,0,0,,,,0
ascii95,regex,512,16,10000,0.80,58,1,1,1356,66,22,0
ascii95,regex,512,16,10000,0.80,58,0,0,,,,0
ascii95,regex,512,16,10000,0.80,59,1,1,1356,66,22,0
ascii95,regex,512,16,10000,0.80,59,0,0,,,,0
ascii95,regex,512,16,10000,0.80,60,1,1,1356,66,22,0
ascii95,regex,512,16,10000,0.80,60,0,0,,,,0
ascii95,regex,512,16,10000,0.80,61,1,1,1356,66,22,0
ascii95,regex,512,16,10000,0.80,61,0,0,,,,0
ascii95,regex,512,16,10000,0.80,62,1,1,1356,66,22,0
ascii95,regex,512,16,10000,0.80,62,0,0,,,,0
ascii95,regex,512,16,10000,0.80,63,1,1,1356,66,22,0
ascii95,regex,512,16,10000,0.80,63,0,0,,,,0
ascii95,regex,512,16,10000,0.80,64,1,1,1356,66,22,0
ascii95,regex,512,16,10000,0.80,64,0,0,,,,0
ascii95,regex,512,16,10000,0.80,65,1,1,1356,66,22,0
ascii95,regex,512,16,10000,0.80,65,0,0,,,,0
ascii95,regex,512,16,10000,0.80,66,1,1,1356,66,22,0
ascii95,regex,512,16,10000,0.80,66,0,0,,,,0
ascii95,regex,512,16,10000,0.80,67,1,1,1356,66,22,0
ascii95,regex,512,16,10000,0.80,67,0,0,,,,0
ascii95,regex,512,16,10000,0.80,68,1,1,1356,66,22,0
ascii95,regex,512,16,10000,0.80,68,0,0,,,,0
ascii95,regex,512,16,10000,0.80,69,1,1,1356,66,22,0
ascii95,regex,512,16,10000,0.80,69,0,0,,,,0
ascii95,regex,512,16,10000,0.80,70,1,1,1356,66,22,0
ascii95,regex,512,16,10000,0.80,70,0,0,,,,0
ascii95,regex,512,16,10000,0.80,71,1,1,1356,66,22,0
ascii95,regex,512,16,10000,0.80,71,0,0,,,,0
ascii95,regex,512,16,10000,0.80,72,1,1,1356,66,22,0
ascii95,regex,512,16,10000,0.80,72,0,0,,,,0
ascii95,regex,512,16,10000,0.80,73,1,1,1356,66,22,0
ascii95,regex,512,16,10000,0.80,73,0,0,,,,0
ascii95,regex,512,16,10000,0.80,74,1,1,1356,66,22,0
ascii95,regex,512,16,10000,0.80,74,0,0,,,,0
ascii95,regex,512,16,10000,0.80,75,1,1,1356,66,22,0
ascii95,regex,512,16,10000,0.80,75,0,0,,,,0
ascii95,regex,512,16,10000,0.80,76,1,1,1356,66,22,0
ascii95,regex,512,16,10000,0.80,76,0,0,,,,0
ascii95,regex,512,16,10000,0.80,77,1,1,1356,66,22,0
ascii95,regex,512,16,10000,0.80,77,0,0,,,,0
ascii95,regex,512,16,10000,0.80,78,1,1,1356,66,22,0
ascii95,regex,512,16,10000,0.80,78,0,0,,,,0
ascii95,regex,512,16,10000,0.80,79,1,1,1356,66,22,0
ascii95,regex,512,16,10000,0.80,79,0,0,,,,0
ascii95,regex,512,16,10000,0.80,80,1,1,1356,66,22,0
ascii95,regex,512,16,10000,0.80,80,0,0,,,,0
ascii95,regex,512,16,10000,0.80,81,1,1,1356,66,22,0
ascii95,regex,512,16,10000,0.80,81,0,0,,,,0
ascii95,regex,512,16,10000,0.80,82,1,1,1356,66,22,0
ascii95,regex,512,16,10000,0.80,82,0,0,,,,0
ascii95,regex,512,16,10000,0.80,83,1,1,1356,66,22,0
ascii95,regex,512,16,10000,0.80,83,0,0,,,,0
ascii95,regex,512,16,10000,0.80,84,1,1,1356,66,22,0
ascii95,regex,512,16,10000,0.80,84,0,0,,,,0
ascii95,regex,512,16,10000,0.80,85,1,1,1356,66,22,0
ascii95,regex,512,16,10000,0.80,85,0,0,,,,0
ascii95,regex,512,16,10000,0.80,86,1,1,1356,66,22,0
ascii95,regex,512,16,10000,0.80,86,0,0,,,,0
ascii95,regex,512,16,10000,0.80,87,1,1,1356,66,22,0
ascii95,regex,512,16,10000,0.80,87,0,0,,,,0
ascii95,regex,512,16,10000,0.80,88,1,1,1356,66,22,0
ascii95,regex,512,16,10000,0.80,88,0,0,,,,0
ascii95,regex,512,16,10000,0.80,89,1,1,1356,66,22,0
ascii95,regex,512,16,10000,0.80,89,0,0,,,,0
ascii95,regex,512,16,10000,0.80,90,1,1,1356,66,22,0
ascii95,regex,512,16,10000,0.80,90,0,0,,,,0
ascii95,regex,512,16,10000,0.80,91,1,1,1356,66,22,0
ascii95,regex,512,16,10000,0.80,91,0,0,,,,0
ascii95,regex,512,16,10000,0.80,92,1,1,1356,66,22,0
ascii95,regex,512,16,10000,0.80,92,0,0,,,,0
ascii95,regex,512,16,10000,0.80,93,1,1,1356,66,22,0
ascii95,regex,512,16,10000,0.80,93,0,0,,,,0
ascii95,regex,512,16,10000,0.80,94,1,1,1356,66,22,0
ascii95,regex,512,16,10000,0.80,94,0,0,,,,0
ascii95,regex,512,16,10000,0.80,95,1,1,1356,66,22,0
ascii95,regex,512,16,10000,0.80,95,0,0,,,,0
ascii95,regex,512,16,10000,0.80,96,1,1,1356,66,22,0
ascii95,regex,512,16,10000,0.80,96,0,0,,,,0
ascii95,regex,512,16,10000,0.80,97,1,1,1356,66,22,0
ascii95,regex,512,16,10000,0.80,97,0,0,,,,0
ascii95,regex,512,16,10000,0.80,98,1,1,1356,66,22,0
ascii95,regex,512,16,10000,0.80,98,0,0,,,,0
ascii95,regex,512,16,10000,0.80,99,1,1,1356,66,22,0
ascii95,regex,512,16,10000,0.80,99,0,0,,,,0
ascii95,regex,512,16,10000,0.80,100,1,1,1356,66,22,0
ascii95,regex,512,16,10000,0.80,100,0,0,,,,0
ascii95,regex,512,16,10000,0.90,1,1,1,1356,66,22,0
ascii95,regex,512,16,10000,0.90,1,0,0,,,,0
ascii95,regex,512,16,10000,0.90,2,1,1,1356,66,22,0
ascii95,regex,512,16,10000,0.90,2,0,0,,,,0
ascii95,regex,512,16,10000,0.90,3,1,1,1356,66,22,0
ascii95,regex,512,16,10000,0.90,3,0,0,,,,0
ascii95,regex,512,16,10000,0.90,4,1,1,1356,66,22,0
ascii95,regex,512,16,10000,0.90,4,0,0,,,,0
ascii95,regex,512,16,10000,0.90,5,1,1,1356,66,22,0
ascii95,regex,512,16,10000,0.90,5,0,0,,,,0
ascii95,regex,512,16,10000,0.90,6,1,1,1356,66,22,0
ascii95,regex,512,16,10000,0.90,6,0,0,,,,0
ascii95,regex,512,16,10000,0.90,7,1,1,1356,66,22,0
ascii95,regex,512,16,10000,0.90,7,0,0,,,,0
ascii95,regex,512,16,10000,0.90,8,1,1,1356,66,22,0
ascii95,regex,512,16,10000,0.90,8,0,0,,,,0
ascii95,regex,512,16,10000,0.90,9,1,1,1356,66,22,0
ascii95,regex,512,16,10000,0.90,9,0,0,,,,0
ascii95,regex,512,16,10000,0.90,10,1,1,1356,66,22,0
ascii95,regex,512,16,10000,0.90,10,0,0,,,,0
ascii95,regex,512,16,10000,0.90,11,1,1,1356,66,22,0
ascii95,regex,512,16,10000,0.90,11,0,0,,,,0
ascii95,regex,512,16,10000,0.90,12,1,1,1356,66,22,0
ascii95,regex,512,16,10000,0.90,12,0,0,,,,0
ascii95,regex,512,16,10000,0.90,13,1,1,1356,66,22,0
ascii95,regex,512,16,10000,0.90,13,0,0,,,,0
ascii95,regex,512,16,10000,0.90,14,1,1,1356,66,22,0
ascii95,regex,512,16,10000,0.90,14,0,0,,,,0
ascii95,regex,512,16,10000,0.90,15,1,1,1356,66,22,0
ascii95,regex,512,16,10000,0.90,15,0,0,,,,0
ascii95,regex,512,16,10000,0.90,16,1,1,1356,66,22,0
ascii95,regex,512,16,10000,0.90,16,0,0,,,,0
ascii95,regex,512,16,10000,0.90,17,1,1,1356,66,22,0
ascii95,regex,512,16,10000,0.90,17,0,0,,,,0
ascii95,regex,512,16,10000,0.90,18,1,1,1356,66,22,0
ascii95,regex,512,16,10000,0.90,18,0,0,,,,0
ascii95,regex,512,16,10000,0.90,19,1,1,1356,66,22,0
ascii95,regex,512,16,10000,0.90,19,0,0,,,,0
ascii95,regex,512,16,10000,0.90,20,1,1,1356,66,22,0
ascii95,regex,512,16,10000,0.90,20,0,0,,,,0
ascii95,regex,512,16,10000,0.90,21,1,1,1356,66,22,0
ascii95,regex,512,16,10000,0.90,21,0,0,,,,0
ascii95,regex,512,16,10000,0.90,22,1,1,1356,66,22,0
ascii95,regex,512,16,10000,0.90,22,0,0,,,,0
ascii95,regex,512,16,10000,0.90,23,1,1,1356,66,22,0
ascii95,regex,512,16,10000,0.90,23,0,0,,,,0
ascii95,regex,512,16,10000,0.90,24,1,1,1356,66,22,0
ascii95,regex,512,16,10000,0.90,24,0,0,,,,0
ascii95,regex,512,16,10000,0.90,25,1,1,1356,66,22,0
ascii95,regex,512,16,10000,0.90,25,0,0,,,,0
ascii95,regex,512,16,10000,0.90,26,1,1,1356,66,22,0
ascii95,regex,512,16,10000,0.90,26,0,0,,,,0
ascii95,regex,512,16,10000,0.90,27,1,1,1356,66,22,0
ascii95,regex,512,16,10000,0.90,27,0,0,,,,0
ascii95,regex,512,16,10000,0.90,28,1,1,1356,66,22,0
ascii95,regex,512,16,10000,0.90,28,0,0,,,,0
ascii95,regex,512,16,10000,0.90,29,1,1,1356,66,22,0
ascii95,regex,512,16,10000,0.90,29,0,0,,,,0
ascii95,regex,512,16,10000,0.90,30,1,1,1356,66,22,0
ascii95,regex,512,16,10000,0.90,30,0,0,,,,0
ascii95,regex,512,16,10000,0.90,31,1,1,1356,66,22,0
ascii95,regex,512,16,10000,0.90,31,0,0,,,,0
ascii95,regex,512,16,10000,0.90,32,1,1,1356,66,22,0
ascii95,regex,512,16,10000,0.90,32,0,0,,,,0
ascii95,regex,512,16,10000,0.90,33,1,1,1356,66,22,0
ascii95,regex,512,16,10000,0.90,33,0,0,,,,0
ascii95,regex,512,16,10000,0.90,34,1,1,1356,66,22,0
ascii95,regex,512,16,10000,0.90,34,0,0,,,,0
ascii95,regex,512,16,10000,0.90,35,1,1,1356,66,22,0
ascii95,regex,512,16,10000,0.90,35,0,0,,,,0
ascii95,regex,512,16,10000,0.90,36,1,1,1356,66,22,0
ascii95,regex,512,16,10000,0.90,36,0,0,,,,0
ascii95,regex,512,16,10000,0.90,37,1,1,1356,66,22,0
ascii95,regex,512,16,10000,0.90,37,0,0,,,,0
ascii95,regex,512,16,10000,0.90,38,1,1,1356,66,22,0
ascii95,regex,512,16,10000,0.90,38,0,0,,,,0
ascii95,regex,512,16,10000,0.90,39,1,1,1356,66,22,0
ascii95,regex,512,16,10000,0.90,39,0,0,,,,0
ascii95,regex,512,16,10000,0.90,40,1,1,1356,66,22,0
ascii95,regex,512,16,10000,0.90,40,0,0,,,,0
ascii95,regex,512,16,10000,0.90,41,1,1,1356,66,22,0
ascii95,regex,512,16,10000,0.90,41,0,0,,,,0
ascii95,regex,512,16,10000,0.90,42,1,1,1356,66,22,0
ascii95,regex,512,16,10000,0.90,42,0,0,,,,0
ascii95,regex,512,16,10000,0.90,43,1,1,1356,66,22,0
ascii95,regex,512,16,10000,0.90,43,0,0,,,,0
ascii95,regex,512,16,10000,0.90,44,1,1,1356,66,22,0
ascii95,regex,512,16,10000,0.90,44,0,0,,,,0
ascii95,regex,512,16,10000,0.90,45,1,1,1356,66,22,0
ascii95,regex,512,16,10000,0.90,45,0,0,,,,0
ascii95,regex,512,16,10000,0.90,46,1,1,1356,66,22,0
ascii95,regex,512,16,10000,0.90,46,0,0,,,,0
ascii95,regex,512,16,10000,0.90,47,1,1,1356,66,22,0
ascii95,regex,512,16,10000,0.90,47,0,0,,,,0
ascii95,regex,512,16,10000,0.90,48,1,1,1356,66,22,0
ascii95,regex,512,16,10000,0.90,48,0,0,,,,0
ascii95,regex,512,16,10000,0.90,49,1,1,1356,66,22,0
ascii95,regex,512,16,10000,0.90,49,0,0,,,,0
ascii95,regex,512,16,10000,0.90,50,1,1,1356,66,22,0
ascii95,regex,512,16,10000,0.90,50,0,0,,,,0
ascii95,regex,512,16,10000,0.90,51,1,1,1356,66,22,0
ascii95,regex,512,16,10000,0.90,51,0,0,,,,0
ascii95,regex,512,16,10000,0.90,52,1,1,1356,66,22,0
ascii95,regex,512,16,10000,0.90,52,0,0,,,,0
ascii95,regex,512,16,10000,0.90,53,1,1,1356,66,22,0
ascii95,regex,512,16,10000,0.90,53,0,0,,,,0
ascii95,regex,512,16,10000,0.90,54,1,1,1356,66,22,0
ascii95,regex,512,16,10000,0.90,54,0,0,,,,0
ascii95,regex,512,16,10000,0.90,55,1,1,1356,66,22,0
ascii95,regex,512,16,10000,0.90,55,0,0,,,,0
ascii95,regex,512,16,10000,0.90,56,1,1,1356,66,22,0
ascii95,regex,512,16,10000,0.90,56,0,0,,,,0
ascii95,regex,512,16,10000,0.90,57,1,1,1356,66,22,0
ascii95,regex,512,16,10000,0.90,57,0,0,,,,0
ascii95,regex,512,16,10000,0.90,58,1,1,1356,66,22,0
ascii95,regex,512,16,10000,0.90,58,0,0,,,,0
ascii95,regex,512,16,10000,0.90,59,1,1,1356,66,22,0
ascii95,regex,512,16,10000,0.90,59,0,0,,,,0
ascii95,regex,512,16,10000,0.90,60,1,1,1356,66,22,0
ascii95,regex,512,16,10000,0.90,60,0,0,,,,0
ascii95,regex,512,16,10000,0.90,61,1,1,1356,66,22,0
ascii95,regex,512,16,10000,0.90,61,0,0,,,,0
ascii95,regex,512,16,10000,0.90,62,1,1,1356,66,22,0
ascii95,regex,512,16,10000,0.90,62,0,0,,,,0
ascii95,regex,512,16,10000,0.90,63,1,1,1356,66,22,0
ascii95,regex,512,16,10000,0.90,63,0,0,,,,0
ascii95,regex,512,16,10000,0.90,64,1,1,1356,66,22,0
ascii95,regex,512,16,10000,0.90,64,0,0,,,,0
ascii95,regex,512,16,10000,0.90,65,1,1,1356,66,22,0
ascii95,regex,512,16,10000,0.90,65,0,0,,,,0
ascii95,regex,512,16,10000,0.90,66,1,1,1356,66,22,0
ascii95,regex,512,16,10000,0.90,66,0,0,,,,0
ascii95,regex,512,16,10000,0.90,67,1,1,1356,66,22,0
ascii95,regex,512,16,10000,0.90,67,0,0,,,,0
ascii95,regex,512,16,10000,0.90,68,1,1,1356,66,22,0
ascii95,regex,512,16,10000,0.90,68,0,0,,,,0
ascii95,regex,512,16,10000,0.90,69,1,1,1356,66,22,0
ascii95,regex,512,16,10000,0.90,69,0,0,,,,0
ascii95,regex,512,16,10000,0.90,70,1,1,1356,66,22,0
ascii95,regex,512,16,10000,0.90,70,0,0,,,,0
ascii95,regex,512,16,10000,0.90,71,1,1,1356,66,22,0
ascii95,regex,512,16,10000,0.90,71,0,0,,,,0
ascii95,regex,512,16,10000,0.90,72,1,1,1356,66,22,0
ascii95,regex,512,16,10000,0.90,72,0,0,,,,0
ascii95,regex,512,16,10000,0.90,73,1,1,1356,66,22,0
ascii95,regex,512,16,10000,0.90,73,0,0,,,,0
ascii95,regex,512,16,10000,0.90,74,1,1,1356,66,22,0
ascii95,regex,512,16,10000,0.90,74,0,0,,,,0
ascii95,regex,512,16,10000,0.90,75,1,1,1356,66,22,0
ascii95,regex,512,16,10000,0.90,75,0,0,,,,0
ascii95,regex,512,16,10000,0.90,76,1,1,1356,66,22,0
ascii95,regex,512,16,10000,0.90,76,0,0,,,,0
ascii95,regex,512,16,10000,0.90,77,1,1,1356,66,22,0
ascii95,regex,512,16,10000,0.90,77,0,0,,,,0
ascii95,regex,512,16,10000,0.90,78,1,1,1356,66,22,0
ascii95,regex,512,16,10000,0.90,78,0,0,,,,0
ascii95,regex,512,16,10000,0.90,79,1,1,1356,66,22,0
ascii95,regex,512,16,10000,0.90,79,0,0,,,,0
ascii95,regex,512,16,10000,0.90,80,1,1,1356,66,22,0
ascii95,regex,512,16,10000,0.90,80,0,0,,,,0
ascii95,regex,512,16,10000,0.90,81,1,1,1356,66,22,0
ascii95,regex,512,16,10000,0.90,81,0,0,,,,0
ascii95,regex,512,16,10000,0.90,82,1,1,1356,66,22,0
ascii95,regex,512,16,10000,0.90,82,0,0,,,,0
ascii95,regex,512,16,10000,0.90,83,1,1,1356,66,22,0
ascii95,regex,512,16,10000,0.90,83,0,0,,,,0
ascii95,regex,512,16,10000,0.90,84,1,1,1356,66,22,0
ascii95,regex,512,16,10000,0.90,84,0,0,,,,0
ascii95,regex,512,16,10000,0.90,85,1,1,1356,66,22,0
ascii95,regex,512,16,10000,0.90,85,0,0,,,,0
ascii95,regex,512,16,10000,0.90,86,1,1,1356,66,22,0
ascii95,regex,512,16,10000,0.90,86,0,0,,,,0
ascii95,regex,512,16,10000,0.90,87,1,1,1356,66,22,0
ascii95,regex,512,16,10000,0.90,87,0,0,,,,0
ascii95,regex,512,16,10000,0.90,88,1,1,1356,66,22,0
ascii95,regex,512,16,10000,0.90,88,0,0,,,,0
ascii95,regex,512,16,10000,0.90,89,1,1,1356,66,22,0
ascii95,regex,512,16,10000,0.90,89,0,0,,,,0
ascii95,regex,512,16,10000,0.90,90,1,1,1356,66,22,0
ascii95,regex,512,16,10000,0.90,90,0,0,,,,0
ascii95,regex,512,16,10000,0.90,91,1,1,1356,66,22,0
ascii95,regex,512,16,10000,0.90,91,0,0,,,,0
ascii95,regex,512,16,10000,0.90,92,1,1,1356,66,22,0
ascii95,regex,512,16,10000,0.90,92,0,0,,,,0
ascii95,regex,512,16,10000,0.90,93,1,1,1356,66,22,0
ascii95,regex,512,16,10000,0.90,93,0,0,,,,0
ascii95,regex,512,16,10000,0.90,94,1,1,1356,66,22,0
ascii95,regex,512,16,10000,0.90,94,0,0,,,,0
ascii95,regex,512,16,10000,0.90,95,1,1,1356,66,22,0
ascii95,regex,512,16,10000,0.90,95,0,0,,,,0
ascii95,regex,512,16,10000,0.90,96,1,1,1356,66,22,0
ascii95,regex,512,16,10000,0.90,96,0,0,,,,0
ascii95,regex,512,16,10000,0.90,97,1,1,1356,66,22,0
ascii95,regex,512,16,10000,0.90,97,0,0,,,,0
ascii95,regex,512,16,10000,0.90,98,1,1,1356,66,22,0
ascii95,regex,512,16,10000,0.90,98,0,0,,,,0
ascii95,regex,512,16,10000,0.90,99,1,1,1356,66,22,0
ascii95,regex,512,16,10000,0.90,99,0,0,,,,0
ascii95,regex,512,16,10000,0.90,100,1,1,1356,66,22,0
ascii95,regex,512,16,10000,0.90,100,0,0,,,,0
ascii95,regex,512,16,10000,0.95,1,1,1,1356,66,22,0
ascii95,regex,512,16,10000,0.95,1,0,0,,,,0
ascii95,regex,512,16,10000,0.95,2,1,1,1356,66,22,0
ascii95,regex,512,16,10000,0.95,2,0,0,,,,0
ascii95,regex,512,16,10000,0.95,3,1,1,1356,66,22,0
ascii95,regex,512,16,10000,0.95,3,0,0,,,,0
ascii95,regex,512,16,10000,0.95,4,1,1,1356,66,22,0
ascii95,regex,512,16,10000,0.95,4,0,0,,,,0
ascii95,regex,512,16,10000,0.95,5,1,1,1356,66,22,0
ascii95,regex,512,16,10000,0.95,5,0,0,,,,0
ascii95,regex,512,16,10000,0.95,6,1,1,1356,66,22,0
ascii95,regex,512,16,10000,0.95,6,0,0,,,,0
ascii95,regex,512,16,10000,0.95,7,1,1,1356,66,22,0
ascii95,regex,512,16,10000,0.95,7,0,0,,,,0
ascii95,regex,512,16,10000,0.95,8,1,1,1356,66,22,0
ascii95,regex,512,16,10000,0.95,8,0,0,,,,0
ascii95,regex,512,16,10000,0.95,9,1,1,1356,66,22,0
ascii95,regex,512,16,10000,0.95,9,0,0,,,,0
ascii95,regex,512,16,10000,0.95,10,1,1,1356,66,22,0
ascii95,regex,512,16,10000,0.95,10,0,0,,,,0
ascii95,regex,512,16,10000,0.95,11,1,1,1356,66,22,0
ascii95,regex,512,16,10000,0.95,11,0,0,,,,0
ascii95,regex,512,16,10000,0.95,12,1,1,1356,66,22,0
ascii95,regex,512,16,10000,0.95,12,0,0,,,,0
ascii95,regex,512,16,10000,0.95,13,1,1,1356,66,22,0
ascii95,regex,512,16,10000,0.95,13,0,0,,,,0
ascii95,regex,512,16,10000,0.95,14,1,1,1356,66,22,0
ascii95,regex,512,16,10000,0.95,14,0,0,,,,0
ascii95,regex,512,16,10000,0.95,15,1,1,1356,66,22,0
ascii95,regex,512,16,10000,0.95,15,0,0,,,,0
ascii95,regex,512,16,10000,0.95,16,1,1,1356,66,22,0
ascii95,regex,512,16,10000,0.95,16,0,0,,,,0
ascii95,regex,512,16,10000,0.95,17,1,1,1356,66,22,0
ascii95,regex,512,16,10000,0.95,17,0,0,,,,0
ascii95,regex,512,16,10000,0.95,18,1,1,1356,66,22,0
ascii95,regex,512,16,10000,0.95,18,0,0,,,,0
ascii95,regex,512,16,10000,0.95,19,1,1,1356,66,22,0
ascii95,regex,512,16,10000,0.95,19,0,0,,,,0
ascii95,regex,512,16,10000,0.95,20,1,1,1356,66,22,0
ascii95,regex,512,16,10000,0.95,20,0,0,,,,0
ascii95,regex,512,16,10000,0.95,21,1,1,1356,66,22,0
ascii95,regex,512,16,10000,0.95,21,0,0,,,,0
ascii95,regex,512,16,10000,0.95,22,1,1,1356,66,22,0
ascii95,regex,512,16,10000,0.95,22,0,0,,,,0
ascii95,regex,512,16,10000,0.95,23,1,1,1356,66,22,0
ascii95,regex,512,16,10000,0.95,23,0,0,,,,0
ascii95,regex,512,16,10000,0.95,24,1,1,1356,66,22,0
ascii95,regex,512,16,10000,0.95,24,0,0,,,,0
ascii95,regex,512,16,10000,0.95,25,1,1,1356,66,22,0
ascii95,regex,512,16,10000,0.95,25,0,0,,,,0
ascii95,regex,512,16,10000,0.95,26,1,1,1356,66,22,0
ascii95,regex,512,16,10000,0.95,26,0,0,,,,0
ascii95,regex,512,16,10000,0.95,27,1,1,1356,66,22,0
ascii95,regex,512,16,10000,0.95,27,0,0,,,,0
ascii95,regex,512,16,10000,0.95,28,1,1,1356,66,22,0
ascii95,regex,512,16,10000,0.95,28,0,0,,,,0
ascii95,regex,512,16,10000,0.95,29,1,1,1356,66,22,0
ascii95,regex,512,16,10000,0.95,29,0,0,,,,0
ascii95,regex,512,16,10000,0.95,30,1,1,1356,66,22,0
ascii95,regex,512,16,10000,0.95,30,0,0,,,,0
ascii95,regex,512,16,10000,0.95,31,1,1,1356,66,22,0
ascii95,regex,512,16,10000,0.95,31,0,0,,,,0
ascii95,regex,512,16,10000,0.95,32,1,1,1356,66,22,0
ascii95,regex,512,16,10000,0.95,32,0,0,,,,0
ascii95,regex,512,16,10000,0.95,33,1,1,1356,66,22,0
ascii95,regex,512,16,10000,0.95,33,0,0,,,,0
ascii95,regex,512,16,10000,0.95,34,1,1,1356,66,22,0
ascii95,regex,512,16,10000,0.95,34,0,0,,,,0
ascii95,regex,512,16,10000,0.95,35,1,1,1356,66,22,0
ascii95,regex,512,16,10000,0.95,35,0,0,,,,0
ascii95,regex,512,16,10000,0.95,36,1,1,1356,66,22,0
ascii95,regex,512,16,10000,0.95,36,0,0,,,,0
ascii95,regex,512,16,10000,0.95,37,1,1,1356,66,22,0
ascii95,regex,512,16,10000,0.95,37,0,0,,,,0
ascii95,regex,512,16,10000,0.95,38,1,1,1356,66,22,0
ascii95,regex,512,16,10000,0.95,38,0,0,,,,0
ascii95,regex,512,16,10000,0.95,39,1,1,1356,66,22,0
ascii95,regex,512,16,10000,0.95,39,0,0,,,,0
ascii95,regex,512,16,10000,0.95,40,1,1,1356,66,22,0
ascii95,regex,512,16,10000,0.95,40,0,0,,,,0
ascii95,regex,512,16,10000,0.95,41,1,1,1356,66,22,0
ascii95,regex,512,16,10000,0.95,41,0,0,,,,0
ascii95,regex,512,16,10000,0.95,42,1,1,1356,66,22,0
ascii95,regex,512,16,10000,0.95,42,0,0,,,,0
ascii95,regex,512,16,10000,0.95,43,1,1,1356,66,22,0
ascii95,regex,512,16,10000,0.95,43,0,0,,,,0
ascii95,regex,512,16,10000,0.95,44,1,1,1356,66,22,0
ascii95,regex,512,16,10000,0.95,44,0,0,,,,0
ascii95,regex,512,16,10000,0.95,45,1,1,1356,66,22,0
ascii95,regex,512,16,10000,0.95,45,0,0,,,,0
ascii95,regex,512,16,10000,0.95,46,1,1,1356,66,22,0
ascii95,regex,512,16,10000,0.95,46,0,0,,,,0
ascii95,regex,512,16,10000,0.95,47,1,1,1356,66,22,0
ascii95,regex,512,16,10000,0.95,47,0,0,,,,0
ascii95,regex,512,16,10000,0.95,48,1,1,1356,66,22,0
ascii95,regex,512,16,10000,0.95,48,0,0,,,,0
ascii95,regex,512,16,10000,0.95,49,1,1,1356,66,22,0
ascii95,regex,512,16,10000,0.95,49,0,0,,,,0
ascii95,regex,512,16,10000,0.95,50,1,1,1356,66,22,0
ascii95,regex,512,16,10000,0.95,50,0,0,,,,0
ascii95,regex,512,16,10000,0.95,51,1,1,1356,66,22,0
ascii95,regex,512,16,10000,0.95,51,0,0,,,,0
ascii95,regex,512,16,10000,0.95,52,1,1,1356,66,22,0
ascii95,regex,512,16,10000,0.95,52,0,0,,,,0
ascii95,regex,512,16,10000,0.95,53,1,1,1356,66,22,0
ascii95,regex,512,16,10000,0.95,53,0,0,,,,0
ascii95,regex,512,16,10000,0.95,54,1,1,1356,66,22,0
ascii95,regex,512,16,10000,0.95,54,0,0,,,,0
ascii95,regex,512,16,10000,0.95,55,1,1,1356,66,22,0
ascii95,regex,512,16,10000,0.95,55,0,0,,,,0
ascii95,regex,512,16,10000,0.95,56,1,1,1356,66,22,0
ascii95,regex,512,16,10000,0.95,56,0,0,,,,0
ascii95,regex,512,16,10000,0.95,57,1,1,1356,66,22,0
ascii95,regex,512,16,10000,0.95,57,0,0,,,,0
ascii95,regex,512,16,10000,0.95,58,1,1,1356,66,22,0
ascii95,regex,512,16,10000,0.95,58,0,0,,,,0
ascii95,regex,512,16,10000,0.95,59,1,1,1356,66,22,0
ascii95,regex,512,16,10000,0.95,59,0,0,,,,0
ascii95,regex,512,16,10000,0.95,60,1,1,1356,66,22,0
ascii95,regex,512,16,10000,0.95,60,0,0,,,,0
ascii95,regex,512,16,10000,0.95,61,1,1,1356,66,22,0
ascii95,regex,512,16,10000,0.95,61,0,0,,,,0
ascii95,regex,512,16,10000,0.95,62,1,1,1356,66,22,0
ascii95,regex,512,16,10000,0.95,62,0,0,,,,0
ascii95,regex,512,16,10000,0.95,63,1,1,1356,66,22,0
ascii95,regex,512,16,10000,0.95,63,0,0,,,,0
ascii95,regex,512,16,10000,0.95,64,1,1,1356,66,22,0
ascii95,regex,512,16,10000,0.95,64,0,0,,,,0
ascii95,regex,512,16,10000,0.95,65,1,1,1356,66,22,0
ascii95,regex,512,16,10000,0.95,65,0,0,,,,0
ascii95,regex,512,16,10000,0.95,66,1,1,1356,66,22,0
ascii95,regex,512,16,10000,0.95,66,0,0,,,,0
ascii95,regex,512,16,10000,0.95,67,1,1,1356,66,22,0
ascii95,regex,512,16,10000,0.95,67,0,0,,,,0
ascii95,regex,512,16,10000,0.95,68,1,1,1356,66,22,0
ascii95,regex,512,16,10000,0.95,68,0,0,,,,0
ascii95,regex,512,16,10000,0.95,69,1,1,1356,66,22,0
ascii95,regex,512,16,10000,0.95,69,0,0,,,,0
ascii95,regex,512,16,10000,0.95,70,1,1,1356,66,22,0
ascii95,regex,512,16,10000,0.95,70,0,0,,,,0
ascii95,regex,512,16,10000,0.95,71,1,1,1356,66,22,0
ascii95,regex,512,16,10000,0.95,71,0,0,,,,0
ascii95,regex,512,16,10000,0.95,72,1,1,1356,66,22,0
ascii95,regex,512,16,10000,0.95,72,0,0,,,,0
ascii95,regex,512,16,10000,0.95,73,1,1,1356,66,22,0
ascii95,regex,512,16,10000,0.95,73,0,0,,,,0
ascii95,regex,512,16,10000,0.95,74,1,1,1356,66,22,0
ascii95,regex,512,16,10000,0.95,74,0,0,,,,0
ascii95,regex,512,16,10000,0.95,75,1,1,1356,66,22,0
ascii95,regex,512,16,10000,0.95,75,0,0,,,,0
ascii95,regex,512,16,10000,0.95,76,1,1,1356,66,22,0
ascii95,regex,512,16,10000,0.95,76,0,0,,,,0
ascii95,regex,512,16,10000,0.95,77,1,1,1356,66,22,0
ascii95,regex,512,16,10000,0.95,77,0,0,,,,0
ascii95,regex,512,16,10000,0.95,78,1,1,1356,66,22,0
ascii95,regex,512,16,10000,0.95,78,0,0,,,,0
ascii95,regex,512,16,10000,0.95,79,1,1,1356,66,22,0
ascii95,regex,512,16,10000,0.95,79,0,0,,,,0
ascii95,regex,512,16,10000,0.95,80,1,1,1356,66,22,0
ascii95,regex,512,16,10000,0.95,80,0,0,,,,0
ascii95,regex,512,16,10000,0.95,81,1,1,1356,66,22,0
ascii95,regex,512,16,10000,0.95,81,0,0,,,,0
ascii95,regex,512,16,10000,0.95,82,1,1,1356,66,22,0
ascii95,regex,512,16,10000,0.95,82,0,0,,,,0
ascii95,regex,512,16,10000,0.95,83,1,1,1356,66,22,0
ascii95,regex,512,16,10000,0.95,83,0,0,,,,0
ascii95,regex,512,16,10000,0.95,84,1,1,1356,66,22,0
ascii95,regex,512,16,10000,0.95,84,0,0,,,,0
ascii95,regex,512,16,10000,0.95,85,1,1,1356,66,22,0
ascii95,regex,512,16,10000,0.95,85,0,0,,,,0
ascii95,regex,512,16,10000,0.95,86,1,1,1356,66,22,0
ascii95,regex,512,16,10000,0.95,86,0,0,,,,0
ascii95,regex,512,16,10000,0.95,87,1,1,1356,66,22,0
ascii95,regex,512,16,10000,0.95,87,0,0,,,,0
ascii95,regex,512,16,10000,0.95,88,1,1,1356,66,22,0
ascii95,regex,512,16,10000,0.95,88,0,0,,,,0
ascii95,regex,512,16,10000,0.95,89,1,1,1356,66,22,0
ascii95,regex,512,16,10000,0.95,89,0,0,,,,0
ascii95,regex,512,16,10000,0.95,90,1,1,1356,66,22,0
ascii95,regex,512,16,10000,0.95,90,0,0,,,,0
ascii95,regex,512,16,10000,0.95,91,1,1,1356,66,22,0
ascii95,regex,512,16,10000,0.95,91,0,0,,,,0
ascii95,regex,512,16,10000,0.95,92,1,1,1356,66,22,0
ascii95,regex,512,16,10000,0.95,92,0,0,,,,0
ascii95,regex,512,16,10000,0.95,93,1,1,1356,66,22,0
ascii95,regex,512,16,10000,0.95,93,0,0,,,,0
ascii95,regex,512,16,10000,0.95,94,1,1,1356,66,22,0
ascii95,regex,512,16,10000,0.95,94,0,0,,,,0
ascii95,regex,512,16,10000,0.95,95,1,1,1356,66,22,0
ascii95,regex,512,16,10000,0.95,95,0,0,,,,0
ascii95,regex,512,16,10000,0.95,96,1,1,1356,66,22,0
ascii95,regex,512,16,10000,0.95,96,0,0,,,,0
ascii95,regex,512,16,10000,0.95,97,1,1,1356,66,22,0
ascii95,regex,512,16,10000,0.95,97,0,0,,,,0
ascii95,regex,512,16,10000,0.95,98,1,1,1356,66,22,0
ascii95,regex,512,16,10000,0.95,98,0,0,,,,0
ascii95,regex,512,16,10000,0.95,99,1,1,1356,66,22,0
ascii95,regex,512,16,10000,0.95,99,0,0,,,,0
ascii95,regex,512,16,10000,0.95,100,1,1,1356,66,22,0
ascii95,regex,512,16,10000,0.95,100,0,0,,,,0
ascii95,regex,1024,32,10000,0.50,1,1,1,1356,144,48,0
ascii95,regex,1024,32,10000,0.50,1,0,0,,,,0
ascii95,regex,1024,32,10000,0.50,2,1,1,1356,144,48,0
ascii95,regex,1024,32,10000,0.50,2,0,0,,,,0
ascii95,regex,1024,32,10000,0.50,3,1,1,1356,144,48,0
ascii95,regex,1024,32,10000,0.50,3,0,0,,,,0
ascii95,regex,1024,32,10000,0.50,4,1,1,1356,144,48,0
ascii95,regex,1024,32,10000,0.50,4,0,0,,,,0
ascii95,regex,1024,32,10000,0.50,5,1,1,1356,144,48,0
ascii95,regex,1024,32,10000,0.50,5,0,0,,,,0
ascii95,regex,1024,32,10000,0.50,6,1,1,1356,144,48,0
ascii95,regex,1024,32,10000,0.50,6,0,0,,,,0
ascii95,regex,1024,32,10000,0.50,7,1,1,1356,144,48,0
ascii95,regex,1024,32,10000,0.50,7,0,0,,,,0
ascii95,regex,1024,32,10000,0.50,8,1,1,1356,144,48,0
ascii95,regex,1024,32,10000,0.50,8,0,0,,,,0
ascii95,regex,1024,32,10000,0.50,9,1,1,1356,144,48,0
ascii95,regex,1024,32,10000,0.50,9,0,0,,,,0
ascii95,regex,1024,32,10000,0.50,10,1,1,1356,144,48,0
ascii95,regex,1024,32,10000,0.50,10,0,0,,,,0
ascii95,regex,1024,32,10000,0.50,11,1,1,1356,144,48,0
ascii95,regex,1024,32,10000,0.50,11,0,0,,,,0
ascii95,regex,1024,32,10000,0.50,12,1,1,1356,144,48,0
ascii95,regex,1024,32,10000,0.50,12,0,0,,,,0
ascii95,regex,1024,32,10000,0.50,13,1,1,1356,144,48,0
ascii95,regex,1024,32,10000,0.50,13,0,0,,,,0
ascii95,regex,1024,32,10000,0.50,14,1,1,1356,144,48,0
ascii95,regex,1024,32,10000,0.50,14,0,0,,,,0
ascii95,regex,1024,32,10000,0.50,15,1,1,1356,144,48,0
ascii95,regex,1024,32,10000,0.50,15,0,0,,,,0
ascii95,regex,1024,32,10000,0.50,16,1,1,1356,144,48,0
ascii95,regex,1024,32,10000,0.50,16,0,0,,,,0
ascii95,regex,1024,32,10000,0.50,17,1,1,1356,144,48,0
ascii95,regex,1024,32,10000,0.50,17,0,0,,,,0
ascii95,regex,1024,32,10000,0.50,18,1,1,1356,144,48,0
ascii95,regex,1024,32,10000,0.50,18,0,0,,,,0
ascii95,regex,1024,32,10000,0.50,19,1,1,1356,144,48,0
ascii95,regex,1024,32,10000,0.50,19,0,0,,,,0
ascii95,regex,1024,32,10000,0.50,20,1,1,1356,144,48,0
ascii95,regex,1024,32,10000,0.50,20,0,0,,,,0
ascii95,regex,1024,32,10000,0.50,21,1,1,1356,144,48,0
ascii95,regex,1024,32,10000,0.50,21,0,0,,,,0
ascii95,regex,1024,32,10000,0.50,22,1,1,1356,144,48,0
ascii95,regex,1024,32,10000,0.50,22,0,0,,,,0
ascii95,regex,1024,32,10000,0.50,23,1,1,1356,144,48,0
ascii95,regex,1024,32,10000,0.50,23,0,0,,,,0
ascii95,regex,1024,32,10000,0.50,24,1,1,1356,144,48,0
ascii95,regex,1024,32,10000,0.50,24,0,0,,,,0
ascii95,regex,1024,32,10000,0.50,25,1,1,1356,144,48,0
ascii95,regex,1024,32,10000,0.50,25,0,0,,,,0
ascii95,regex,1024,32,10000,0.50,26,1,1,1356,144,48,0
ascii95,regex,1024,32,10000,0.50,26,0,0,,,,0
ascii95,regex,1024,32,10000,0.50,27,1,1,1356,144,48,0
ascii95,regex,1024,32,10000,0.50,27,0,0,,,,0
ascii95,regex,1024,32,10000,0.50,28,1,1,1356,144,48,0
ascii95,regex,1024,32,10000,0.50,28,0,0,,,,0
ascii95,regex,1024,32,10000,0.50,29,1,1,1356,144,48,0
ascii95,regex,1024,32,10000,0.50,29,0,0,,,,0
ascii95,regex,1024,32,10000,0.50,30,1,1,1356,144,48,0
ascii95,regex,1024,32,10000,0.50,30,0,0,,,,0
ascii95,regex,1024,32,10000,0.50,31,1,1,1356,144,48,0
ascii95,regex,1024,32,10000,0.50,31,0,0,,,,0
ascii95,regex,1024,32,10000,0.50,32,1,1,1356,144,48,0
ascii95,regex,1024,32,10000,0.50,32,0,0,,,,0
ascii95,regex,1024,32,10000,0.50,33,1,1,1356,144,48,0
ascii95,regex,1024,32,10000,0.50,33,0,0,,,,0
ascii95,regex,1024,32,10000,0.50,34,1,1,1356,144,48,0
ascii95,regex,1024,32,10000,0.50,34,0,0,,,,0
ascii95,regex,1024,32,10000,0.50,35,1,1,1356,144,48,0
ascii95,regex,1024,32,10000,0.50,35,0,0,,,,0
ascii95,regex,1024,32,10000,0.50,36,1,1,1356,144,48,0
ascii95,regex,1024,32,10000,0.50,36,0,0,,,,0
ascii95,regex,1024,32,10000,0.50,37,1,1,1356,144,48,0
ascii95,regex,1024,32,10000,0.50,37,0,0,,,,0
ascii95,regex,1024,32,10000,0.50,38,1,1,1356,144,48,0
ascii95,regex,1024,32,10000,0.50,38,0,0,,,,0
ascii95,regex,1024,32,10000,0.50,39,1,1,1356,144,48,0
ascii95,regex,1024,32,10000,0.50,39,0,0,,,,0
ascii95,regex,1024,32,10000,0.50,40,1,1,1356,144,48,0
ascii95,regex,1024,32,10000,0.50,40,0,0,,,,0
ascii95,regex,1024,32,10000,0.50,41,1,1,1356,144,48,0
ascii95,regex,1024,32,10000,0.50,41,0,0,,,,0
ascii95,regex,1024,32,10000,0.50,42,1,1,1356,144,48,0
ascii95,regex,1024,32,10000,0.50,42,0,0,,,,0
ascii95,regex,1024,32,10000,0.50,43,1,1,1356,144,48,0
ascii95,regex,1024,32,10000,0.50,43,0,0,,,,0
ascii95,regex,1024,32,10000,0.50,44,1,1,1356,144,48,0
ascii95,regex,1024,32,10000,0.50,44,0,0,,,,0
ascii95,regex,1024,32,10000,0.50,45,1,1,1356,144,48,0
ascii95,regex,1024,32,10000,0.50,45,0,0,,,,0
ascii95,regex,1024,32,10000,0.50,46,1,1,1356,144,48,0
ascii95,regex,1024,32,10000,0.50,46,0,0,,,,0
ascii95,regex,1024,32,10000,0.50,47,1,1,1356,144,48,0
ascii95,regex,1024,32,10000,0.50,47,0,0,,,,0
ascii95,regex,1024,32,10000,0.50,48,1,1,1356,144,48,0
ascii95,regex,1024,32,10000,0.50,48,0,0,,,,0
ascii95,regex,1024,32,10000,0.50,49,1,1,1356,144,48,0
ascii95,regex,1024,32,10000,0.50,49,0,0,,,,0
ascii95,regex,1024,32,10000,0.50,50,1,1,1356,144,48,0
ascii95,regex,1024,32,10000,0.50,50,0,0,,,,0
ascii95,regex,1024,32,10000,0.50,51,1,1,1356,144,48,0
ascii95,regex,1024,32,10000,0.50,51,0,0,,,,0
ascii95,regex,1024,32,10000,0.50,52,1,1,1356,144,48,0
ascii95,regex,1024,32,10000,0.50,52,0,0,,,,0
ascii95,regex,1024,32,10000,0.50,53,1,1,1356,144,48,0
ascii95,regex,1024,32,10000,0.50,53,0,0,,,,0
ascii95,regex,1024,32,10000,0.50,54,1,1,1356,144,48,0
ascii95,regex,1024,32,10000,0.50,54,0,0,,,,0
ascii95,regex,1024,32,10000,0.50,55,1,1,1356,144,48,0
ascii95,regex,1024,32,10000,0.50,55,0,0,,,,0
ascii95,regex,1024,32,10000,0.50,56,1,1,1356,144,48,0
ascii95,regex,1024,32,10000,0.50,56,0,0,,,,0
ascii95,regex,1024,32,10000,0.50,57,1,1,1356,144,48,0
ascii95,regex,1024,32,10000,0.50,57,0,0,,,,0
ascii95,regex,1024,32,10000,0.50,58,1,1,1356,144,48,0
ascii95,regex,1024,32,10000,0.50,58,0,0,,,,0
ascii95,regex,1024,32,10000,0.50,59,1,1,1356,144,48,0
ascii95,regex,1024,32,10000,0.50,59,0,0,,,,0
ascii95,regex,1024,32,10000,0.50,60,1,1,1356,144,48,0
ascii95,regex,1024,32,10000,0.50,60,0,0,,,,0
ascii95,regex,1024,32,10000,0.50,61,1,1,1356,144,48,0
ascii95,regex,1024,32,10000,0.50,61,0,0,,,,0
ascii95,regex,1024,32,10000,0.50,62,1,1,1356,144,48,0
ascii95,regex,1024,32,10000,0.50,62,0,0,,,,0
ascii95,regex,1024,32,10000,0.50,63,1,1,1356,144,48,0
ascii95,regex,1024,32,10000,0.50,63,0,0,,,,0
ascii95,regex,1024,32,10000,0.50,64,1,1,1356,144,48,0
ascii95,regex,1024,32,10000,0.50,64,0,0,,,,0
ascii95,regex,1024,32,10000,0.50,65,1,1,1356,144,48,0
ascii95,regex,1024,32,10000,0.50,65,0,0,,,,0
ascii95,regex,1024,32,10000,0.50,66,1,1,1356,144,48,0
ascii95,regex,1024,32,10000,0.50,66,0,0,,,,0
ascii95,regex,1024,32,10000,0.50,67,1,1,1356,144,48,0
ascii95,regex,1024,32,10000,0.50,67,0,0,,,,0
ascii95,regex,1024,32,10000,0.50,68,1,1,1356,144,48,0
ascii95,regex,1024,32,10000,0.50,68,0,0,,,,0
ascii95,regex,1024,32,10000,0.50,69,1,1,1356,144,48,0
ascii95,regex,1024,32,10000,0.50,69,0,0,,,,0
ascii95,regex,1024,32,10000,0.50,70,1,1,1356,144,48,0
ascii95,regex,1024,32,10000,0.50,70,0,0,,,,0
ascii95,regex,1024,32,10000,0.50,71,1,1,1356,144,48,0
ascii95,regex,1024,32,10000,0.50,71,0,0,,,,0
ascii95,regex,1024,32,10000,0.50,72,1,1,1356,144,48,0
ascii95,regex,1024,32,10000,0.50,72,0,0,,,,0
ascii95,regex,1024,32,10000,0.50,73,1,1,1356,144,48,0
ascii95,regex,1024,32,10000,0.50,73,0,0,,,,0
ascii95,regex,1024,32,10000,0.50,74,1,1,1356,144,48,0
ascii95,regex,1024,32,10000,0.50,74,0,0,,,,0
ascii95,regex,1024,32,10000,0.50,75,1,1,1356,144,48,0
ascii95,regex,1024,32,10000,0.50,75,0,0,,,,0
ascii95,regex,1024,32,10000,0.50,76,1,1,1356,144,48,0
ascii95,regex,1024,32,10000,0.50,76,0,0,,,,0
ascii95,regex,1024,32,10000,0.50,77,1,1,1356,144,48,0
ascii95,regex,1024,32,10000,0.50,77,0,0,,,,0
ascii95,regex,1024,32,10000,0.50,78,1,1,1356,144,48,0
ascii95,regex,1024,32,10000,0.50,78,0,0,,,,0
ascii95,regex,1024,32,10000,0.50,79,1,1,1356,144,48,0
ascii95,regex,1024,32,10000,0.50,79,0,0,,,,0
ascii95,regex,1024,32,10000,0.50,80,1,1,1356,144,48,0
ascii95,regex,1024,32,10000,0.50,80,0,0,,,,0
ascii95,regex,1024,32,10000,0.50,81,1,1,1356,144,48,0
ascii95,regex,1024,32,10000,0.50,81,0,0,,,,0
ascii95,regex,1024,32,10000,0.50,82,1,1,1356,144,48,0
ascii95,regex,1024,32,10000,0.50,82,0,0,,,,0
ascii95,regex,1024,32,10000,0.50,83,1,1,1356,144,48,0
ascii95,regex,1024,32,10000,0.50,83,0,0,,,,0
ascii95,regex,1024,32,10000,0.50,84,1,1,1356,144,48,0
ascii95,regex,1024,32,10000,0.50,84,0,0,,,,0
ascii95,regex,1024,32,10000,0.50,85,1,1,1356,144,48,0
ascii95,regex,1024,32,10000,0.50,85,0,0,,,,0
ascii95,regex,1024,32,10000,0.50,86,1,1,1356,144,48,0
ascii95,regex,1024,32,10000,0.50,86,0,0,,,,0
ascii95,regex,1024,32,10000,0.50,87,1,1,1356,144,48,0
ascii95,regex,1024,32,10000,0.50,87,0,0,,,,0
ascii95,regex,1024,32,10000,0.50,88,1,1,1356,144,48,0
ascii95,regex,1024,32,10000,0.50,88,0,0,,,,0
ascii95,regex,1024,32,10000,0.50,89,1,1,1356,144,48,0
ascii95,regex,1024,32,10000,0.50,89,0,0,,,,0
ascii95,regex,1024,32,10000,0.50,90,1,1,1356,144,48,0
ascii95,regex,1024,32,10000,0.50,90,0,0,,,,0
ascii95,regex,1024,32,10000,0.50,91,1,1,1356,144,48,0
ascii95,regex,1024,32,10000,0.50,91,0,0,,,,0
ascii95,regex,1024,32,10000,0.50,92,1,1,1356,144,48,0
ascii95,regex,1024,32,10000,0.50,92,0,0,,,,0
ascii95,regex,1024,32,10000,0.50,93,1,1,1356,144,48,0
ascii95,regex,1024,32,10000,0.50,93,0,0,,,,0
ascii95,regex,1024,32,10000,0.50,94,1,1,1356,144,48,0
ascii95,regex,1024,32,10000,0.50,94,0,0,,,,0
ascii95,regex,1024,32,10000,0.50,95,1,1,1356,144,48,0
ascii95,regex,1024,32,10000,0.50,95,0,0,,,,0
ascii95,regex,1024,32,10000,0.50,96,1,1,1356,144,48,0
ascii95,regex,1024,32,10000,0.50,96,0,0,,,,0
ascii95,regex,1024,32,10000,0.50,97,1,1,1356,144,48,0
ascii95,regex,1024,32,10000,0.50,97,0,0,,,,0
ascii95,regex,1024,32,10000,0.50,98,1,1,1356,144,48,0
ascii95,regex,1024,32,10000,0.50,98,0,0,,,,0
ascii95,regex,1024,32,10000,0.50,99,1,1,1356,144,48,0
ascii95,regex,1024,32,10000,0.50,99,0,0,,,,0
ascii95,regex,1024,32,10000,0.50,100,1,1,1356,144,48,0
ascii95,regex,1024,32,10000,0.50,100,0,0,,,,0
ascii95,regex,1024,32,10000,0.60,1,1,1,1356,144,48,0
ascii95,regex,1024,32,10000,0.60,1,0,0,,,,0
ascii95,regex,1024,32,10000,0.60,2,1,1,1356,144,48,0
ascii95,regex,1024,32,10000,0.60,2,0,0,,,,0
ascii95,regex,1024,32,10000,0.60,3,1,1,1356,144,48,0
ascii95,regex,1024,32,10000,0.60,3,0,0,,,,0
ascii95,regex,1024,32,10000,0.60,4,1,1,1356,144,48,0
ascii95,regex,1024,32,10000,0.60,4,0,0,,,,0
ascii95,regex,1024,32,10000,0.60,5,1,1,1356,144,48,0
ascii95,regex,1024,32,10000,0.60,5,0,0,,,,0
ascii95,regex,1024,32,10000,0.60,6,1,1,1356,144,48,0
ascii95,regex,1024,32,10000,0.60,6,0,0,,,,0
ascii95,regex,1024,32,10000,0.60,7,1,1,1356,144,48,0
ascii95,regex,1024,32,10000,0.60,7,0,0,,,,0
ascii95,regex,1024,32,10000,0.60,8,1,1,1356,144,48,0
ascii95,regex,1024,32,10000,0.60,8,0,0,,,,0
ascii95,regex,1024,32,10000,0.60,9,1,1,1356,144,48,0
ascii95,regex,1024,32,10000,0.60,9,0,0,,,,0
ascii95,regex,1024,32,10000,0.60,10,1,1,1356,144,48,0
ascii95,regex,1024,32,10000,0.60,10,0,0,,,,0
ascii95,regex,1024,32,10000,0.60,11,1,1,1356,144,48,0
ascii95,regex,1024,32,10000,0.60,11,0,0,,,,0
ascii95,regex,1024,32,10000,0.60,12,1,1,1356,144,48,0
ascii95,regex,1024,32,10000,0.60,12,0,0,,,,0
ascii95,regex,1024,32,10000,0.60,13,1,1,1356,144,48,0
ascii95,regex,1024,32,10000,0.60,13,0,0,,,,0
ascii95,regex,1024,32,10000,0.60,14,1,1,1356,144,48,0
ascii95,regex,1024,32,10000,0.60,14,0,0,,,,0
ascii95,regex,1024,32,10000,0.60,15,1,1,1356,144,48,0
ascii95,regex,1024,32,10000,0.60,15,0,0,,,,0
ascii95,regex,1024,32,10000,0.60,16,1,1,1356,144,48,0
ascii95,regex,1024,32,10000,0.60,16,0,0,,,,0
ascii95,regex,1024,32,10000,0.60,17,1,1,1356,144,48,0
ascii95,regex,1024,32,10000,0.60,17,0,0,,,,0
ascii95,regex,1024,32,10000,0.60,18,1,1,1356,144,48,0
ascii95,regex,1024,32,10000,0.60,18,0,0,,,,0
ascii95,regex,1024,32,10000,0.60,19,1,1,1356,144,48,0
ascii95,regex,1024,32,10000,0.60,19,0,0,,,,0
ascii95,regex,1024,32,10000,0.60,20,1,1,1356,144,48,0
ascii95,regex,1024,32,10000,0.60,20,0,0,,,,0
ascii95,regex,1024,32,10000,0.60,21,1,1,1356,144,48,0
ascii95,regex,1024,32,10000,0.60,21,0,0,,,,0
ascii95,regex,1024,32,10000,0.60,22,1,1,1356,144,48,0
ascii95,regex,1024,32,10000,0.60,22,0,0,,,,0
ascii95,regex,1024,32,10000,0.60,23,1,1,1356,144,48,0
ascii95,regex,1024,32,10000,0.60,23,0,0,,,,0
ascii95,regex,1024,32,10000,0.60,24,1,1,1356,144,48,0
ascii95,regex,1024,32,10000,0.60,24,0,0,,,,0
ascii95,regex,1024,32,10000,0.60,25,1,1,1356,144,48,0
ascii95,regex,1024,32,10000,0.60,25,0,0,,,,0
ascii95,regex,1024,32,10000,0.60,26,1,1,1356,144,48,0
ascii95,regex,1024,32,10000,0.60,26,0,0,,,,0
ascii95,regex,1024,32,10000,0.60,27,1,1,1356,144,48,0
ascii95,regex,1024,32,10000,0.60,27,0,0,,,,0
ascii95,regex,1024,32,10000,0.60,28,1,1,1356,144,48,0
ascii95,regex,1024,32,10000,0.60,28,0,0,,,,0
ascii95,regex,1024,32,10000,0.60,29,1,1,1356,144,48,0
ascii95,regex,1024,32,10000,0.60,29,0,0,,,,0
ascii95,regex,1024,32,10000,0.60,30,1,1,1356,144,48,0
ascii95,regex,1024,32,10000,0.60,30,0,0,,,,0
ascii95,regex,1024,32,10000,0.60,31,1,1,1356,144,48,0
ascii95,regex,1024,32,10000,0.60,31,0,0,,,,0
ascii95,regex,1024,32,10000,0.60,32,1,1,1356,144,48,0
ascii95,regex,1024,32,10000,0.60,32,0,0,,,,0
ascii95,regex,1024,32,10000,0.60,33,1,1,1356,144,48,0
ascii95,regex,1024,32,10000,0.60,33,0,0,,,,0
ascii95,regex,1024,32,10000,0.60,34,1,1,1356,144,48,0
ascii95,regex,1024,32,10000,0.60,34,0,0,,,,0
ascii95,regex,1024,32,10000,0.60,35,1,1,1356,144,48,0
ascii95,regex,1024,32,10000,0.60,35,0,0,,,,0
ascii95,regex,1024,32,10000,0.60,36,1,1,1356,144,48,0
ascii95,regex,1024,32,10000,0.60,36,0,0,,,,0
ascii95,regex,1024,32,10000,0.60,37,1,1,1356,144,48,0
ascii95,regex,1024,32,10000,0.60,37,0,0,,,,0
ascii95,regex,1024,32,10000,0.60,38,1,1,1356,144,48,0
ascii95,regex,1024,32,10000,0.60,38,0,0,,,,0
ascii95,regex,1024,32,10000,0.60,39,1,1,1356,144,48,0
ascii95,regex,1024,32,10000,0.60,39,0,0,,,,0
ascii95,regex,1024,32,10000,0.60,40,1,1,1356,144,48,0
ascii95,regex,1024,32,10000,0.60,40,0,0,,,,0
ascii95,regex,1024,32,10000,0.60,41,1,1,1356,144,48,0
ascii95,regex,1024,32,10000,0.60,41,0,0,,,,0
ascii95,regex,1024,32,10000,0.60,42,1,1,1356,144,48,0
ascii95,regex,1024,32,10000,0.60,42,0,0,,,,0
ascii95,regex,1024,32,10000,0.60,43,1,1,1356,144,48,0
ascii95,regex,1024,32,10000,0.60,43,0,0,,,,0
ascii95,regex,1024,32,10000,0.60,44,1,1,1356,144,48,0
ascii95,regex,1024,32,10000,0.60,44,0,0,,,,0
ascii95,regex,1024,32,10000,0.60,45,1,1,1356,144,48,0
ascii95,regex,1024,32,10000,0.60,45,0,0,,,,0
ascii95,regex,1024,32,10000,0.60,46,1,1,1356,144,48,0
ascii95,regex,1024,32,10000,0.60,46,0,0,,,,0
ascii95,regex,1024,32,10000,0.60,47,1,1,1356,144,48,0
ascii95,regex,1024,32,10000,0.60,47,0,0,,,,0
ascii95,regex,1024,32,10000,0.60,48,1,1,1356,144,48,0
ascii95,regex,1024,32,10000,0.60,48,0,0,,,,0
ascii95,regex,1024,32,10000,0.60,49,1,1,1356,144,48,0
ascii95,regex,1024,32,10000,0.60,49,0,0,,,,0
ascii95,regex,1024,32,10000,0.60,50,1,1,1356,144,48,0
ascii95,regex,1024,32,10000,0.60,50,0,0,,,,0
ascii95,regex,1024,32,10000,0.60,51,1,1,1356,144,48,0
ascii95,regex,1024,32,10000,0.60,51,0,0,,,,0
ascii95,regex,1024,32,10000,0.60,52,1,1,1356,144,48,0
ascii95,regex,1024,32,10000,0.60,52,0,0,,,,0
ascii95,regex,1024,32,10000,0.60,53,1,1,1356,144,48,0
ascii95,regex,1024,32,10000,0.60,53,0,0,,,,0
ascii95,regex,1024,32,10000,0.60,54,1,1,1356,144,48,0
ascii95,regex,1024,32,10000,0.60,54,0,0,,,,0
ascii95,regex,1024,32,10000,0.60,55,1,1,1356,144,48,0
ascii95,regex,1024,32,10000,0.60,55,0,0,,,,0
ascii95,regex,1024,32,10000,0.60,56,1,1,1356,144,48,0
ascii95,regex,1024,32,10000,0.60,56,0,0,,,,0
ascii95,regex,1024,32,10000,0.60,57,1,1,1356,144,48,0
ascii95,regex,1024,32,10000,0.60,57,0,0,,,,0
ascii95,regex,1024,32,10000,0.60,58,1,1,1356,144,48,0
ascii95,regex,1024,32,10000,0.60,58,0,0,,,,0
ascii95,regex,1024,32,10000,0.60,59,1,1,1356,144,48,0
ascii95,regex,1024,32,10000,0.60,59,0,0,,,,0
ascii95,regex,1024,32,10000,0.60,60,1,1,1356,144,48,0
ascii95,regex,1024,32,10000,0.60,60,0,0,,,,0
ascii95,regex,1024,32,10000,0.60,61,1,1,1356,144,48,0
ascii95,regex,1024,32,10000,0.60,61,0,0,,,,0
ascii95,regex,1024,32,10000,0.60,62,1,1,1356,144,48,0
ascii95,regex,1024,32,10000,0.60,62,0,0,,,,0
ascii95,regex,1024,32,10000,0.60,63,1,1,1356,144,48,0
ascii95,regex,1024,32,10000,0.60,63,0,0,,,,0
ascii95,regex,1024,32,10000,0.60,64,1,1,1356,144,48,0
ascii95,regex,1024,32,10000,0.60,64,0,0,,,,0
ascii95,regex,1024,32,10000,0.60,65,1,1,1356,144,48,0
ascii95,regex,1024,32,10000,0.60,65,0,0,,,,0
ascii95,regex,1024,32,10000,0.60,66,1,1,1356,144,48,0
ascii95,regex,1024,32,10000,0.60,66,0,0,,,,0
ascii95,regex,1024,32,10000,0.60,67,1,1,1356,144,48,0
ascii95,regex,1024,32,10000,0.60,67,0,0,,,,0
ascii95,regex,1024,32,10000,0.60,68,1,1,1356,144,48,0
ascii95,regex,1024,32,10000,0.60,68,0,0,,,,0
ascii95,regex,1024,32,10000,0.60,69,1,1,1356,144,48,0
ascii95,regex,1024,32,10000,0.60,69,0,0,,,,0
ascii95,regex,1024,32,10000,0.60,70,1,1,1356,144,48,0
ascii95,regex,1024,32,10000,0.60,70,0,0,,,,0
ascii95,regex,1024,32,10000,0.60,71,1,1,1356,144,48,0
ascii95,regex,1024,32,10000,0.60,71,0,0,,,,0
ascii95,regex,1024,32,10000,0.60,72,1,1,1356,144,48,0
ascii95,regex,1024,32,10000,0.60,72,0,0,,,,0
ascii95,regex,1024,32,10000,0.60,73,1,1,1356,144,48,0
ascii95,regex,1024,32,10000,0.60,73,0,0,,,,0
ascii95,regex,1024,32,10000,0.60,74,1,1,1356,144,48,0
ascii95,regex,1024,32,10000,0.60,74,0,0,,,,0
ascii95,regex,1024,32,10000,0.60,75,1,1,1356,144,48,0
ascii95,regex,1024,32,10000,0.60,75,0,0,,,,0
ascii95,regex,1024,32,10000,0.60,76,1,1,1356,144,48,0
ascii95,regex,1024,32,10000,0.60,76,0,0,,,,0
ascii95,regex,1024,32,10000,0.60,77,1,1,1356,144,48,0
ascii95,regex,1024,32,10000,0.60,77,0,0,,,,0
ascii95,regex,1024,32,10000,0.60,78,1,1,1356,144,48,0
ascii95,regex,1024,32,10000,0.60,78,0,0,,,,0
ascii95,regex,1024,32,10000,0.60,79,1,1,1356,144,48,0
ascii95,regex,1024,32,10000,0.60,79,0,0,,,,0
ascii95,regex,1024,32,10000,0.60,80,1,1,1356,144,48,0
ascii95,regex,1024,32,10000,0.60,80,0,0,,,,0
ascii95,regex,1024,32,10000,0.60,81,1,1,1356,144,48,0
ascii95,regex,1024,32,10000,0.60,81,0,0,,,,0
ascii95,regex,1024,32,10000,0.60,82,1,1,1356,144,48,0
ascii95,regex,1024,32,10000,0.60,82,0,0,,,,0
ascii95,regex,1024,32,10000,0.60,83,1,1,1356,144,48,0
ascii95,regex,1024,32,10000,0.60,83,0,0,,,,0
ascii95,regex,1024,32,10000,0.60,84,1,1,1356,144,48,0
ascii95,regex,1024,32,10000,0.60,84,0,0,,,,0
ascii95,regex,1024,32,10000,0.60,85,1,1,1356,144,48,0
ascii95,regex,1024,32,10000,0.60,85,0,0,,,,0
ascii95,regex,1024,32,10000,0.60,86,1,1,1356,144,48,0
ascii95,regex,1024,32,10000,0.60,86,0,0,,,,0
ascii95,regex,1024,32,10000,0.60,87,1,1,1356,144,48,0
ascii95,regex,1024,32,10000,0.60,87,0,0,,,,0
ascii95,regex,1024,32,10000,0.60,88,1,1,1356,144,48,0
ascii95,regex,1024,32,10000,0.60,88,0,0,,,,0
ascii95,regex,1024,32,10000,0.60,89,1,1,1356,144,48,0
ascii95,regex,1024,32,10000,0.60,89,0,0,,,,0
ascii95,regex,1024,32,10000,0.60,90,1,1,1356,144,48,0
ascii95,regex,1024,32,10000,0.60,90,0,0,,,,0
ascii95,regex,1024,32,10000,0.60,91,1,1,1356,144,48,0
ascii95,regex,1024,32,10000,0.60,91,0,0,,,,0
ascii95,regex,1024,32,10000,0.60,92,1,1,1356,144,48,0
ascii95,regex,1024,32,10000,0.60,92,0,0,,,,0
ascii95,regex,1024,32,10000,0.60,93,1,1,1356,144,48,0
ascii95,regex,1024,32,10000,0.60,93,0,0,,,,0
ascii95,regex,1024,32,10000,0.60,94,1,1,1356,144,48,0
ascii95,regex,1024,32,10000,0.60,94,0,0,,,,0
ascii95,regex,1024,32,10000,0.60,95,1,1,1356,144,48,0
ascii95,regex,1024,32,10000,0.60,95,0,0,,,,0
ascii95,regex,1024,32,10000,0.60,96,1,1,1356,144,48,0
ascii95,regex,1024,32,10000,0.60,96,0,0,,,,0
ascii95,regex,1024,32,10000,0.60,97,1,1,1356,144,48,0
ascii95,regex,1024,32,10000,0.60,97,0,0,,,,0
ascii95,regex,1024,32,10000,0.60,98,1,1,1356,144,48,0
ascii95,regex,1024,32,10000,0.60,98,0,0,,,,0
ascii95,regex,1024,32,10000,0.60,99,1,1,1356,144,48,0
ascii95,regex,1024,32,10000,0.60,99,0,0,,,,0
ascii95,regex,1024,32,10000,0.60,100,1,1,1356,144,48,0
ascii95,regex,1024,32,10000,0.60,100,0,0,,,,0
ascii95,regex,1024,32,10000,0.70,1,1,1,1356,144,48,0
ascii95,regex,1024,32,10000,0.70,1,0,0,,,,0
ascii95,regex,1024,32,10000,0.70,2,1,1,1356,144,48,0
ascii95,regex,1024,32,10000,0.70,2,0,0,,,,0
ascii95,regex,1024,32,10000,0.70,3,1,1,1356,144,48,0
ascii95,regex,1024,32,10000,0.70,3,0,0,,,,0
ascii95,regex,1024,32,10000,0.70,4,1,1,1356,144,48,0
ascii95,regex,1024,32,10000,0.70,4,0,0,,,,0
ascii95,regex,1024,32,10000,0.70,5,1,1,1356,144,48,0
ascii95,regex,1024,32,10000,0.70,5,0,0,,,,0
ascii95,regex,1024,32,10000,0.70,6,1,1,1356,144,48,0
ascii95,regex,1024,32,10000,0.70,6,0,0,,,,0
ascii95,regex,1024,32,10000,0.70,7,1,1,1356,144,48,0
ascii95,regex,1024,32,10000,0.70,7,0,0,,,,0
ascii95,regex,1024,32,10000,0.70,8,1,1,1356,144,48,0
ascii95,regex,1024,32,10000,0.70,8,0,0,,,,0
ascii95,regex,1024,32,10000,0.70,9,1,1,1356,144,48,0
ascii95,regex,1024,32,10000,0.70,9,0,0,,,,0
ascii95,regex,1024,32,10000,0.70,10,1,1,1356,144,48,0
ascii95,regex,1024,32,10000,0.70,10,0,0,,,,0
ascii95,regex,1024,32,10000,0.70,11,1,1,1356,144,48,0
ascii95,regex,1024,32,10000,0.70,11,0,0,,,,0
ascii95,regex,1024,32,10000,0.70,12,1,1,1356,144,48,0
ascii95,regex,1024,32,10000,0.70,12,0,0,,,,0
ascii95,regex,1024,32,10000,0.70,13,1,1,1356,144,48,0
ascii95,regex,1024,32,10000,0.70,13,0,0,,,,0
ascii95,regex,1024,32,10000,0.70,14,1,1,1356,144,48,0
ascii95,regex,1024,32,10000,0.70,14,0,0,,,,0
ascii95,regex,1024,32,10000,0.70,15,1,1,1356,144,48,0
ascii95,regex,1024,32,10000,0.70,15,0,0,,,,0
ascii95,regex,1024,32,10000,0.70,16,1,1,1356,144,48,0
ascii95,regex,1024,32,10000,0.70,16,0,0,,,,0
ascii95,regex,1024,32,10000,0.70,17,1,1,1356,144,48,0
ascii95,regex,1024,32,10000,0.70,17,0,0,,,,0
ascii95,regex,1024,32,10000,0.70,18,1,1,1356,144,48,0
ascii95,regex,1024,32,10000,0.70,18,0,0,,,,0
ascii95,regex,1024,32,10000,0.70,19,1,1,1356,144,48,0
ascii95,regex,1024,32,10000,0.70,19,0,0,,,,0
ascii95,regex,1024,32,10000,0.70,20,1,1,1356,144,48,0
ascii95,regex,1024,32,10000,0.70,20,0,0,,,,0
ascii95,regex,1024,32,10000,0.70,21,1,1,1356,144,48,0
ascii95,regex,1024,32,10000,0.70,21,0,0,,,,0
ascii95,regex,1024,32,10000,0.70,22,1,1,1356,144,48,0
ascii95,regex,1024,32,10000,0.70,22,0,0,,,,0
ascii95,regex,1024,32,10000,0.70,23,1,1,1356,144,48,0
ascii95,regex,1024,32,10000,0.70,23,0,0,,,,0
ascii95,regex,1024,32,10000,0.70,24,1,1,1356,144,48,0
ascii95,regex,1024,32,10000,0.70,24,0,0,,,,0
ascii95,regex,1024,32,10000,0.70,25,1,1,1356,144,48,0
ascii95,regex,1024,32,10000,0.70,25,0,0,,,,0
ascii95,regex,1024,32,10000,0.70,26,1,1,1356,144,48,0
ascii95,regex,1024,32,10000,0.70,26,0,0,,,,0
ascii95,regex,1024,32,10000,0.70,27,1,1,1356,144,48,0
ascii95,regex,1024,32,10000,0.70,27,0,0,,,,0
ascii95,regex,1024,32,10000,0.70,28,1,1,1356,144,48,0
ascii95,regex,1024,32,10000,0.70,28,0,0,,,,0
ascii95,regex,1024,32,10000,0.70,29,1,1,1356,144,48,0
ascii95,regex,1024,32,10000,0.70,29,0,0,,,,0
ascii95,regex,1024,32,10000,0.70,30,1,1,1356,144,48,0
ascii95,regex,1024,32,10000,0.70,30,0,0,,,,0
ascii95,regex,1024,32,10000,0.70,31,1,1,1356,144,48,0
ascii95,regex,1024,32,10000,0.70,31,0,0,,,,0
ascii95,regex,1024,32,10000,0.70,32,1,1,1356,144,48,0
ascii95,regex,1024,32,10000,0.70,32,0,0,,,,0
ascii95,regex,1024,32,10000,0.70,33,1,1,1356,144,48,0
ascii95,regex,1024,32,10000,0.70,33,0,0,,,,0
ascii95,regex,1024,32,10000,0.70,34,1,1,1356,144,48,0
ascii95,regex,1024,32,10000,0.70,34,0,0,,,,0
ascii95,regex,1024,32,10000,0.70,35,1,1,1356,144,48,0
ascii95,regex,1024,32,10000,0.70,35,0,0,,,,0
ascii95,regex,1024,32,10000,0.70,36,1,1,1356,144,48,0
ascii95,regex,1024,32,10000,0.70,36,0,0,,,,0
ascii95,regex,1024,32,10000,0.70,37,1,1,1356,144,48,0
ascii95,regex,1024,32,10000,0.70,37,0,0,,,,0
ascii95,regex,1024,32,10000,0.70,38,1,1,1356,144,48,0
ascii95,regex,1024,32,10000,0.70,38,0,0,,,,0
ascii95,regex,1024,32,10000,0.70,39,1,1,1356,144,48,0
ascii95,regex,1024,32,10000,0.70,39,0,0,,,,0
ascii95,regex,1024,32,10000,0.70,40,1,1,1356,144,48,0
ascii95,regex,1024,32,10000,0.70,40,0,0,,,,0
ascii95,regex,1024,32,10000,0.70,41,1,1,1356,144,48,0
ascii95,regex,1024,32,10000,0.70,41,0,0,,,,0
ascii95,regex,1024,32,10000,0.70,42,1,1,1356,144,48,0
ascii95,regex,1024,32,10000,0.70,42,0,0,,,,0
ascii95,regex,1024,32,10000,0.70,43,1,1,1356,144,48,0
ascii95,regex,1024,32,10000,0.70,43,0,0,,,,0
ascii95,regex,1024,32,10000,0.70,44,1,1,1356,144,48,0
ascii95,regex,1024,32,10000,0.70,44,0,0,,,,0
ascii95,regex,1024,32,10000,0.70,45,1,1,1356,144,48,0
ascii95,regex,1024,32,10000,0.70,45,0,0,,,,0
ascii95,regex,1024,32,10000,0.70,46,1,1,1356,144,48,0
ascii95,regex,1024,32,10000,0.70,46,0,0,,,,0
ascii95,regex,1024,32,10000,0.70,47,1,1,1356,144,48,0
ascii95,regex,1024,32,10000,0.70,47,0,0,,,,0
ascii95,regex,1024,32,10000,0.70,48,1,1,1356,144,48,0
ascii95,regex,1024,32,10000,0.70,48,0,0,,,,0
ascii95,regex,1024,32,10000,0.70,49,1,1,1356,144,48,0
ascii95,regex,1024,32,10000,0.70,49,0,0,,,,0
ascii95,regex,1024,32,10000,0.70,50,1,1,1356,144,48,0
ascii95,regex,1024,32,10000,0.70,50,0,0,,,,0
ascii95,regex,1024,32,10000,0.70,51,1,1,1356,144,48,0
ascii95,regex,1024,32,10000,0.70,51,0,0,,,,0
ascii95,regex,1024,32,10000,0.70,52,1,1,1356,144,48,0
ascii95,regex,1024,32,10000,0.70,52,0,0,,,,0
ascii95,regex,1024,32,10000,0.70,53,1,1,1356,144,48,0
ascii95,regex,1024,32,10000,0.70,53,0,0,,,,0
ascii95,regex,1024,32,10000,0.70,54,1,1,1356,144,48,0
ascii95,regex,1024,32,10000,0.70,54,0,0,,,,0
ascii95,regex,1024,32,10000,0.70,55,1,1,1356,144,48,0
ascii95,regex,1024,32,10000,0.70,55,0,0,,,,0
ascii95,regex,1024,32,10000,0.70,56,1,1,1356,144,48,0
ascii95,regex,1024,32,10000,0.70,56,0,0,,,,0
ascii95,regex,1024,32,10000,0.70,57,1,1,1356,144,48,0
ascii95,regex,1024,32,10000,0.70,57,0,0,,,,0
ascii95,regex,1024,32,10000,0.70,58,1,1,1356,144,48,0
ascii95,regex,1024,32,10000,0.70,58,0,0,,,,0
ascii95,regex,1024,32,10000,0.70,59,1,1,1356,144,48,0
ascii95,regex,1024,32,10000,0.70,59,0,0,,,,0
ascii95,regex,1024,32,10000,0.70,60,1,1,1356,144,48,0
ascii95,regex,1024,32,10000,0.70,60,0,0,,,,0
ascii95,regex,1024,32,10000,0.70,61,1,1,1356,144,48,0
ascii95,regex,1024,32,10000,0.70,61,0,0,,,,0
ascii95,regex,1024,32,10000,0.70,62,1,1,1356,144,48,0
ascii95,regex,1024,32,10000,0.70,62,0,0,,,,0
ascii95,regex,1024,32,10000,0.70,63,1,1,1356,144,48,0
ascii95,regex,1024,32,10000,0.70,63,0,0,,,,0
ascii95,regex,1024,32,10000,0.70,64,1,1,1356,144,48,0
ascii95,regex,1024,32,10000,0.70,64,0,0,,,,0
ascii95,regex,1024,32,10000,0.70,65,1,1,1356,144,48,0
ascii95,regex,1024,32,10000,0.70,65,0,0,,,,0
ascii95,regex,1024,32,10000,0.70,66,1,1,1356,144,48,0
ascii95,regex,1024,32,10000,0.70,66,0,0,,,,0
ascii95,regex,1024,32,10000,0.70,67,1,1,1356,144,48,0
ascii95,regex,1024,32,10000,0.70,67,0,0,,,,0
ascii95,regex,1024,32,10000,0.70,68,1,1,1356,144,48,0
ascii95,regex,1024,32,10000,0.70,68,0,0,,,,0
ascii95,regex,1024,32,10000,0.70,69,1,1,1356,144,48,0
ascii95,regex,1024,32,10000,0.70,69,0,0,,,,0
ascii95,regex,1024,32,10000,0.70,70,1,1,1356,144,48,0
ascii95,regex,1024,32,10000,0.70,70,0,0,,,,0
ascii95,regex,1024,32,10000,0.70,71,1,1,1356,144,48,0
ascii95,regex,1024,32,10000,0.70,71,0,0,,,,0
ascii95,regex,1024,32,10000,0.70,72,1,1,1356,144,48,0
ascii95,regex,1024,32,10000,0.70,72,0,0,,,,0
ascii95,regex,1024,32,10000,0.70,73,1,1,1356,144,48,0
ascii95,regex,1024,32,10000,0.70,73,0,0,,,,0
ascii95,regex,1024,32,10000,0.70,74,1,1,1356,144,48,0
ascii95,regex,1024,32,10000,0.70,74,0,0,,,,0
ascii95,regex,1024,32,10000,0.70,75,1,1,1356,144,48,0
ascii95,regex,1024,32,10000,0.70,75,0,0,,,,0
ascii95,regex,1024,32,10000,0.70,76,1,1,1356,144,48,0
ascii95,regex,1024,32,10000,0.70,76,0,0,,,,0
ascii95,regex,1024,32,10000,0.70,77,1,1,1356,144,48,0
ascii95,regex,1024,32,10000,0.70,77,0,0,,,,0
ascii95,regex,1024,32,10000,0.70,78,1,1,1356,144,48,0
ascii95,regex,1024,32,10000,0.70,78,0,0,,,,0
ascii95,regex,1024,32,10000,0.70,79,1,1,1356,144,48,0
ascii95,regex,1024,32,10000,0.70,79,0,0,,,,0
ascii95,regex,1024,32,10000,0.70,80,1,1,1356,144,48,0
ascii95,regex,1024,32,10000,0.70,80,0,0,,,,0
ascii95,regex,1024,32,10000,0.70,81,1,1,1356,144,48,0
ascii95,regex,1024,32,10000,0.70,81,0,0,,,,0
ascii95,regex,1024,32,10000,0.70,82,1,1,1356,144,48,0
ascii95,regex,1024,32,10000,0.70,82,0,0,,,,0
ascii95,regex,1024,32,10000,0.70,83,1,1,1356,144,48,0
ascii95,regex,1024,32,10000,0.70,83,0,0,,,,0
ascii95,regex,1024,32,10000,0.70,84,1,1,1356,144,48,0
ascii95,regex,1024,32,10000,0.70,84,0,0,,,,0
ascii95,regex,1024,32,10000,0.70,85,1,1,1356,144,48,0
ascii95,regex,1024,32,10000,0.70,85,0,0,,,,0
ascii95,regex,1024,32,10000,0.70,86,1,1,1356,144,48,0
ascii95,regex,1024,32,10000,0.70,86,0,0,,,,0
ascii95,regex,1024,32,10000,0.70,87,1,1,1356,144,48,0
ascii95,regex,1024,32,10000,0.70,87,0,0,,,,0
ascii95,regex,1024,32,10000,0.70,88,1,1,1356,144,48,0
ascii95,regex,1024,32,10000,0.70,88,0,0,,,,0
ascii95,regex,1024,32,10000,0.70,89,1,1,1356,144,48,0
ascii95,regex,1024,32,10000,0.70,89,0,0,,,,0
ascii95,regex,1024,32,10000,0.70,90,1,1,1356,144,48,0
ascii95,regex,1024,32,10000,0.70,90,0,0,,,,0
ascii95,regex,1024,32,10000,0.70,91,1,1,1356,144,48,0
ascii95,regex,1024,32,10000,0.70,91,0,0,,,,0
ascii95,regex,1024,32,10000,0.70,92,1,1,1356,144,48,0
ascii95,regex,1024,32,10000,0.70,92,0,0,,,,0
ascii95,regex,1024,32,10000,0.70,93,1,1,1356,144,48,0
ascii95,regex,1024,32,10000,0.70,93,0,0,,,,0
ascii95,regex,1024,32,10000,0.70,94,1,1,1356,144,48,0
ascii95,regex,1024,32,10000,0.70,94,0,0,,,,0
ascii95,regex,1024,32,10000,0.70,95,1,1,1356,144,48,0
ascii95,regex,1024,32,10000,0.70,95,0,0,,,,0
ascii95,regex,1024,32,10000,0.70,96,1,1,1356,144,48,0
ascii95,regex,1024,32,10000,0.70,96,0,0,,,,0
ascii95,regex,1024,32,10000,0.70,97,1,1,1356,144,48,0
ascii95,regex,1024,32,10000,0.70,97,0,0,,,,0
ascii95,regex,1024,32,10000,0.70,98,1,1,1356,144,48,0
ascii95,regex,1024,32,10000,0.70,98,0,0,,,,0
ascii95,regex,1024,32,10000,0.70,99,1,1,1356,144,48,0
ascii95,regex,1024,32,10000,0.70,99,0,0,,,,0
ascii95,regex,1024,32,10000,0.70,100,1,1,1356,144,48,0
ascii95,regex,1024,32,10000,0.70,100,0,0,,,,0
ascii95,regex,1024,32,10000,0.80,1,1,1,1356,144,48,0
ascii95,regex,1024,32,10000,0.80,1,0,0,,,,0
ascii95,regex,1024,32,10000,0.80,2,1,1,1356,144,48,0
ascii95,regex,1024,32,10000,0.80,2,0,0,,,,0
ascii95,regex,1024,32,10000,0.80,3,1,1,1356,144,48,0
ascii95,regex,1024,32,10000,0.80,3,0,0,,,,0
ascii95,regex,1024,32,10000,0.80,4,1,1,1356,144,48,0
ascii95,regex,1024,32,10000,0.80,4,0,0,,,,0
ascii95,regex,1024,32,10000,0.80,5,1,1,1356,144,48,0
ascii95,regex,1024,32,10000,0.80,5,0,0,,,,0
ascii95,regex,1024,32,10000,0.80,6,1,1,1356,144,48,0
ascii95,regex,1024,32,10000,0.80,6,0,0,,,,0
ascii95,regex,1024,32,10000,0.80,7,1,1,1356,144,48,0
ascii95,regex,1024,32,10000,0.80,7,0,0,,,,0
ascii95,regex,1024,32,10000,0.80,8,1,1,1356,144,48,0
ascii95,regex,1024,32,10000,0.80,8,0,0,,,,0
ascii95,regex,1024,32,10000,0.80,9,1,1,1356,144,48,0
ascii95,regex,1024,32,10000,0.80,9,0,0,,,,0
ascii95,regex,1024,32,10000,0.80,10,1,1,1356,144,48,0
ascii95,regex,1024,32,10000,0.80,10,0,0,,,,0
ascii95,regex,1024,32,10000,0.80,11,1,1,1356,144,48,0
ascii95,regex,1024,32,10000,0.80,11,0,0,,,,0
ascii95,regex,1024,32,10000,0.80,12,1,1,1356,144,48,0
ascii95,regex,1024,32,10000,0.80,12,0,0,,,,0
ascii95,regex,1024,32,10000,0.80,13,1,1,1356,144,48,0
ascii95,regex,1024,32,10000,0.80,13,0,0,,,,0
ascii95,regex,1024,32,10000,0.80,14,1,1,1356,144,48,0
ascii95,regex,1024,32,10000,0.80,14,0,0,,,,0
ascii95,regex,1024,32,10000,0.80,15,1,1,1356,144,48,0
ascii95,regex,1024,32,10000,0.80,15,0,0,,,,0
ascii95,regex,1024,32,10000,0.80,16,1,1,1356,144,48,0
ascii95,regex,1024,32,10000,0.80,16,0,0,,,,0
ascii95,regex,1024,32,10000,0.80,17,1,1,1356,144,48,0
ascii95,regex,1024,32,10000,0.80,17,0,0,,,,0
ascii95,regex,1024,32,10000,0.80,18,1,1,1356,144,48,0
ascii95,regex,1024,32,10000,0.80,18,0,0,,,,0
ascii95,regex,1024,32,10000,0.80,19,1,1,1356,144,48,0
ascii95,regex,1024,32,10000,0.80,19,0,0,,,,0
ascii95,regex,1024,32,10000,0.80,20,1,1,1356,144,48,0
ascii95,regex,1024,32,10000,0.80,20,0,0,,,,0
ascii95,regex,1024,32,10000,0.80,21,1,1,1356,144,48,0
ascii95,regex,1024,32,10000,0.80,21,0,0,,,,0
ascii95,regex,1024,32,10000,0.80,22,1,1,1356,144,48,0
ascii95,regex,1024,32,10000,0.80,22,0,0,,,,0
ascii95,regex,1024,32,10000,0.80,23,1,1,1356,144,48,0
ascii95,regex,1024,32,10000,0.80,23,0,0,,,,0
ascii95,regex,1024,32,10000,0.80,24,1,1,1356,144,48,0
ascii95,regex,1024,32,10000,0.80,24,0,0,,,,0
ascii95,regex,1024,32,10000,0.80,25,1,1,1356,144,48,0
ascii95,regex,1024,32,10000,0.80,25,0,0,,,,0
ascii95,regex,1024,32,10000,0.80,26,1,1,1356,144,48,0
ascii95,regex,1024,32,10000,0.80,26,0,0,,,,0
ascii95,regex,1024,32,10000,0.80,27,1,1,1356,144,48,0
ascii95,regex,1024,32,10000,0.80,27,0,0,,,,0
ascii95,regex,1024,32,10000,0.80,28,1,1,1356,144,48,0
ascii95,regex,1024,32,10000,0.80,28,0,0,,,,0
ascii95,regex,1024,32,10000,0.80,29,1,1,1356,144,48,0
ascii95,regex,1024,32,10000,0.80,29,0,0,,,,0
ascii95,regex,1024,32,10000,0.80,30,1,1,1356,144,48,0
ascii95,regex,1024,32,10000,0.80,30,0,0,,,,0
ascii95,regex,1024,32,10000,0.80,31,1,1,1356,144,48,0
ascii95,regex,1024,32,10000,0.80,31,0,0,,,,0
ascii95,regex,1024,32,10000,0.80,32,1,1,1356,144,48,0
ascii95,regex,1024,32,10000,0.80,32,0,0,,,,0
ascii95,regex,1024,32,10000,0.80,33,1,1,1356,144,48,0
ascii95,regex,1024,32,10000,0.80,33,0,0,,,,0
ascii95,regex,1024,32,10000,0.80,34,1,1,1356,144,48,0
ascii95,regex,1024,32,10000,0.80,34,0,0,,,,0
ascii95,regex,1024,32,10000,0.80,35,1,1,1356,144,48,0
ascii95,regex,1024,32,10000,0.80,35,0,0,,,,0
ascii95,regex,1024,32,10000,0.80,36,1,1,1356,144,48,0
ascii95,regex,1024,32,10000,0.80,36,0,0,,,,0
ascii95,regex,1024,32,10000,0.80,37,1,1,1356,144,48,0
ascii95,regex,1024,32,10000,0.80,37,0,0,,,,0
ascii95,regex,1024,32,10000,0.80,38,1,1,1356,144,48,0
ascii95,regex,1024,32,10000,0.80,38,0,0,,,,0
ascii95,regex,1024,32,10000,0.80,39,1,1,1356,144,48,0
ascii95,regex,1024,32,10000,0.80,39,0,0,,,,0
ascii95,regex,1024,32,10000,0.80,40,1,1,1356,144,48,0
ascii95,regex,1024,32,10000,0.80,40,0,0,,,,0
ascii95,regex,1024,32,10000,0.80,41,1,1,1356,144,48,0
ascii95,regex,1024,32,10000,0.80,41,0,0,,,,0
ascii95,regex,1024,32,10000,0.80,42,1,1,1356,144,48,0
ascii95,regex,1024,32,10000,0.80,42,0,0,,,,0
ascii95,regex,1024,32,10000,0.80,43,1,1,1356,144,48,0
ascii95,regex,1024,32,10000,0.80,43,0,0,,,,0
ascii95,regex,1024,32,10000,0.80,44,1,1,1356,144,48,0
ascii95,regex,1024,32,10000,0.80,44,0,0,,,,0
ascii95,regex,1024,32,10000,0.80,45,1,1,1356,144,48,0
ascii95,regex,1024,32,10000,0.80,45,0,0,,,,0
ascii95,regex,1024,32,10000,0.80,46,1,1,1356,144,48,0
ascii95,regex,1024,32,10000,0.80,46,0,0,,,,0
ascii95,regex,1024,32,10000,0.80,47,1,1,1356,144,48,0
ascii95,regex,1024,32,10000,0.80,47,0,0,,,,0
ascii95,regex,1024,32,10000,0.80,48,1,1,1356,144,48,0
ascii95,regex,1024,32,10000,0.80,48,0,0,,,,0
ascii95,regex,1024,32,10000,0.80,49,1,1,1356,144,48,0
ascii95,regex,1024,32,10000,0.80,49,0,0,,,,0
ascii95,regex,1024,32,10000,0.80,50,1,1,1356,144,48,0
ascii95,regex,1024,32,10000,0.80,50,0,0,,,,0
ascii95,regex,1024,32,10000,0.80,51,1,1,1356,144,48,0
ascii95,regex,1024,32,10000,0.80,51,0,0,,,,0
ascii95,regex,1024,32,10000,0.80,52,1,1,1356,144,48,0
ascii95,regex,1024,32,10000,0.80,52,0,0,,,,0
ascii95,regex,1024,32,10000,0.80,53,1,1,1356,144,48,0
ascii95,regex,1024,32,10000,0.80,53,0,0,,,,0
ascii95,regex,1024,32,10000,0.80,54,1,1,1356,144,48,0
ascii95,regex,1024,32,10000,0.80,54,0,0,,,,0
ascii95,regex,1024,32,10000,0.80,55,1,1,1356,144,48,0
ascii95,regex,1024,32,10000,0.80,55,0,0,,,,0
ascii95,regex,1024,32,10000,0.80,56,1,1,1356,144,48,0
ascii95,regex,1024,32,10000,0.80,56,0,0,,,,0
ascii95,regex,1024,32,10000,0.80,57,1,1,1356,144,48,0
ascii95,regex,1024,32,10000,0.80,57,0,0,,,,0
ascii95,regex,1024,32,10000,0.80,58,1,1,1356,144,48,0
ascii95,regex,1024,32,10000,0.80,58,0,0,,,,0
ascii95,regex,1024,32,10000,0.80,59,1,1,1356,144,48,0
ascii95,regex,1024,32,10000,0.80,59,0,0,,,,0
ascii95,regex,1024,32,10000,0.80,60,1,1,1356,144,48,0
ascii95,regex,1024,32,10000,0.80,60,0,0,,,,0
ascii95,regex,1024,32,10000,0.80,61,1,1,1356,144,48,0
ascii95,regex,1024,32,10000,0.80,61,0,0,,,,0
ascii95,regex,1024,32,10000,0.80,62,1,1,1356,144,48,0
ascii95,regex,1024,32,10000,0.80,62,0,0,,,,0
ascii95,regex,1024,32,10000,0.80,63,1,1,1356,144,48,0
ascii95,regex,1024,32,10000,0.80,63,0,0,,,,0
ascii95,regex,1024,32,10000,0.80,64,1,1,1356,144,48,0
ascii95,regex,1024,32,10000,0.80,64,0,0,,,,0
ascii95,regex,1024,32,10000,0.80,65,1,1,1356,144,48,0
ascii95,regex,1024,32,10000,0.80,65,0,0,,,,0
ascii95,regex,1024,32,10000,0.80,66,1,1,1356,144,48,0
ascii95,regex,1024,32,10000,0.80,66,0,0,,,,0
ascii95,regex,1024,32,10000,0.80,67,1,1,1356,144,48,0
ascii95,regex,1024,32,10000,0.80,67,0,0,,,,0
ascii95,regex,1024,32,10000,0.80,68,1,1,1356,144,48,0
ascii95,regex,1024,32,10000,0.80,68,0,0,,,,0
ascii95,regex,1024,32,10000,0.80,69,1,1,1356,144,48,0
ascii95,regex,1024,32,10000,0.80,69,0,0,,,,0
ascii95,regex,1024,32,10000,0.80,70,1,1,1356,144,48,0
ascii95,regex,1024,32,10000,0.80,70,0,0,,,,0
ascii95,regex,1024,32,10000,0.80,71,1,1,1356,144,48,0
ascii95,regex,1024,32,10000,0.80,71,0,0,,,,0
ascii95,regex,1024,32,10000,0.80,72,1,1,1356,144,48,0
ascii95,regex,1024,32,10000,0.80,72,0,0,,,,0
ascii95,regex,1024,32,10000,0.80,73,1,1,1356,144,48,0
ascii95,regex,1024,32,10000,0.80,73,0,0,,,,0
ascii95,regex,1024,32,10000,0.80,74,1,1,1356,144,48,0
ascii95,regex,1024,32,10000,0.80,74,0,0,,,,0
ascii95,regex,1024,32,10000,0.80,75,1,1,1356,144,48,0
ascii95,regex,1024,32,10000,0.80,75,0,0,,,,0
ascii95,regex,1024,32,10000,0.80,76,1,1,1356,144,48,0
ascii95,regex,1024,32,10000,0.80,76,0,0,,,,0
ascii95,regex,1024,32,10000,0.80,77,1,1,1356,144,48,0
ascii95,regex,1024,32,10000,0.80,77,0,0,,,,0
ascii95,regex,1024,32,10000,0.80,78,1,1,1356,144,48,0
ascii95,regex,1024,32,10000,0.80,78,0,0,,,,0
ascii95,regex,1024,32,10000,0.80,79,1,1,1356,144,48,0
ascii95,regex,1024,32,10000,0.80,79,0,0,,,,0
ascii95,regex,1024,32,10000,0.80,80,1,1,1356,144,48,0
ascii95,regex,1024,32,10000,0.80,80,0,0,,,,0
ascii95,regex,1024,32,10000,0.80,81,1,1,1356,144,48,0
ascii95,regex,1024,32,10000,0.80,81,0,0,,,,0
ascii95,regex,1024,32,10000,0.80,82,1,1,1356,144,48,0
ascii95,regex,1024,32,10000,0.80,82,0,0,,,,0
ascii95,regex,1024,32,10000,0.80,83,1,1,1356,144,48,0
ascii95,regex,1024,32,10000,0.80,83,0,0,,,,0
ascii95,regex,1024,32,10000,0.80,84,1,1,1356,144,48,0
ascii95,regex,1024,32,10000,0.80,84,0,0,,,,0
ascii95,regex,1024,32,10000,0.80,85,1,1,1356,144,48,0
ascii95,regex,1024,32,10000,0.80,85,0,0,,,,0
ascii95,regex,1024,32,10000,0.80,86,1,1,1356,144,48,0
ascii95,regex,1024,32,10000,0.80,86,0,0,,,,0
ascii95,regex,1024,32,10000,0.80,87,1,1,1356,144,48,0
ascii95,regex,1024,32,10000,0.80,87,0,0,,,,0
ascii95,regex,1024,32,10000,0.80,88,1,1,1356,144,48,0
ascii95,regex,1024,32,10000,0.80,88,0,0,,,,0
ascii95,regex,1024,32,10000,0.80,89,1,1,1356,144,48,0
ascii95,regex,1024,32,10000,0.80,89,0,0,,,,0
ascii95,regex,1024,32,10000,0.80,90,1,1,1356,144,48,0
ascii95,regex,1024,32,10000,0.80,90,0,0,,,,0
ascii95,regex,1024,32,10000,0.80,91,1,1,1356,144,48,0
ascii95,regex,1024,32,10000,0.80,91,0,0,,,,0
ascii95,regex,1024,32,10000,0.80,92,1,1,1356,144,48,0
ascii95,regex,1024,32,10000,0.80,92,0,0,,,,0
ascii95,regex,1024,32,10000,0.80,93,1,1,1356,144,48,0
ascii95,regex,1024,32,10000,0.80,93,0,0,,,,0
ascii95,regex,1024,32,10000,0.80,94,1,1,1356,144,48,0
ascii95,regex,1024,32,10000,0.80,94,0,0,,,,0
ascii95,regex,1024,32,10000,0.80,95,1,1,1356,144,48,0
ascii95,regex,1024,32,10000,0.80,95,0,0,,,,0
ascii95,regex,1024,32,10000,0.80,96,1,1,1356,144,48,0
ascii95,regex,1024,32,10000,0.80,96,0,0,,,,0
ascii95,regex,1024,32,10000,0.80,97,1,1,1356,144,48,0
ascii95,regex,1024,32,10000,0.80,97,0,0,,,,0
ascii95,regex,1024,32,10000,0.80,98,1,1,1356,144,48,0
ascii95,regex,1024,32,10000,0.80,98,0,0,,,,0
ascii95,regex,1024,32,10000,0.80,99,1,1,1356,144,48,0
ascii95,regex,1024,32,10000,0.80,99,0,0,,,,0
ascii95,regex,1024,32,10000,0.80,100,1,1,1356,144,48,0
ascii95,regex,1024,32,10000,0.80,100,0,0,,,,0
ascii95,regex,1024,32,10000,0.90,1,1,1,1356,144,48,0
ascii95,regex,1024,32,10000,0.90,1,0,0,,,,0
ascii95,regex,1024,32,10000,0.90,2,1,1,1356,144,48,0
ascii95,regex,1024,32,10000,0.90,2,0,0,,,,0
ascii95,regex,1024,32,10000,0.90,3,1,1,1356,144,48,0
ascii95,regex,1024,32,10000,0.90,3,0,0,,,,0
ascii95,regex,1024,32,10000,0.90,4,1,1,1356,144,48,0
ascii95,regex,1024,32,10000,0.90,4,0,0,,,,0
ascii95,regex,1024,32,10000,0.90,5,1,1,1356,144,48,0
ascii95,regex,1024,32,10000,0.90,5,0,0,,,,0
ascii95,regex,1024,32,10000,0.90,6,1,1,1356,144,48,0
ascii95,regex,1024,32,10000,0.90,6,0,0,,,,0
ascii95,regex,1024,32,10000,0.90,7,1,1,1356,144,48,0
ascii95,regex,1024,32,10000,0.90,7,0,0,,,,0
ascii95,regex,1024,32,10000,0.90,8,1,1,1356,144,48,0
ascii95,regex,1024,32,10000,0.90,8,0,0,,,,0
ascii95,regex,1024,32,10000,0.90,9,1,1,1356,144,48,0
ascii95,regex,1024,32,10000,0.90,9,0,0,,,,0
ascii95,regex,1024,32,10000,0.90,10,1,1,1356,144,48,0
ascii95,regex,1024,32,10000,0.90,10,0,0,,,,0
ascii95,regex,1024,32,10000,0.90,11,1,1,1356,144,48,0
ascii95,regex,1024,32,10000,0.90,11,0,0,,,,0
ascii95,regex,1024,32,10000,0.90,12,1,1,1356,144,48,0
ascii95,regex,1024,32,10000,0.90,12,0,0,,,,0
ascii95,regex,1024,32,10000,0.90,13,1,1,1356,144,48,0
ascii95,regex,1024,32,10000,0.90,13,0,0,,,,0
ascii95,regex,1024,32,10000,0.90,14,1,1,1356,144,48,0
ascii95,regex,1024,32,10000,0.90,14,0,0,,,,0
ascii95,regex,1024,32,10000,0.90,15,1,1,1356,144,48,0
ascii95,regex,1024,32,10000,0.90,15,0,0,,,,0
ascii95,regex,1024,32,10000,0.90,16,1,1,1356,144,48,0
ascii95,regex,1024,32,10000,0.90,16,0,0,,,,0
ascii95,regex,1024,32,10000,0.90,17,1,1,1356,144,48,0
ascii95,regex,1024,32,10000,0.90,17,0,0,,,,0
ascii95,regex,1024,32,10000,0.90,18,1,1,1356,144,48,0
ascii95,regex,1024,32,10000,0.90,18,0,0,,,,0
ascii95,regex,1024,32,10000,0.90,19,1,1,1356,144,48,0
ascii95,regex,1024,32,10000,0.90,19,0,0,,,,0
ascii95,regex,1024,32,10000,0.90,20,1,1,1356,144,48,0
ascii95,regex,1024,32,10000,0.90,20,0,0,,,,0
ascii95,regex,1024,32,10000,0.90,21,1,1,1356,144,48,0
ascii95,regex,1024,32,10000,0.90,21,0,0,,,,0
ascii95,regex,1024,32,10000,0.90,22,1,1,1356,144,48,0
ascii95,regex,1024,32,10000,0.90,22,0,0,,,,0
ascii95,regex,1024,32,10000,0.90,23,1,1,1356,144,48,0
ascii95,regex,1024,32,10000,0.90,23,0,0,,,,0
ascii95,regex,1024,32,10000,0.90,24,1,1,1356,144,48,0
ascii95,regex,1024,32,10000,0.90,24,0,0,,,,0
ascii95,regex,1024,32,10000,0.90,25,1,1,1356,144,48,0
ascii95,regex,1024,32,10000,0.90,25,0,0,,,,0
ascii95,regex,1024,32,10000,0.90,26,1,1,1356,144,48,0
ascii95,regex,1024,32,10000,0.90,26,0,0,,,,0
ascii95,regex,1024,32,10000,0.90,27,1,1,1356,144,48,0
ascii95,regex,1024,32,10000,0.90,27,0,0,,,,0
ascii95,regex,1024,32,10000,0.90,28,1,1,1356,144,48,0
ascii95,regex,1024,32,10000,0.90,28,0,0,,,,0
ascii95,regex,1024,32,10000,0.90,29,1,1,1356,144,48,0
ascii95,regex,1024,32,10000,0.90,29,0,0,,,,0
ascii95,regex,1024,32,10000,0.90,30,1,1,1356,144,48,0
ascii95,regex,1024,32,10000,0.90,30,0,0,,,,0
ascii95,regex,1024,32,10000,0.90,31,1,1,1356,144,48,0
ascii95,regex,1024,32,10000,0.90,31,0,0,,,,0
ascii95,regex,1024,32,10000,0.90,32,1,1,1356,144,48,0
ascii95,regex,1024,32,10000,0.90,32,0,0,,,,0
ascii95,regex,1024,32,10000,0.90,33,1,1,1356,144,48,0
ascii95,regex,1024,32,10000,0.90,33,0,0,,,,0
ascii95,regex,1024,32,10000,0.90,34,1,1,1356,144,48,0
ascii95,regex,1024,32,10000,0.90,34,0,0,,,,0
ascii95,regex,1024,32,10000,0.90,35,1,1,1356,144,48,0
ascii95,regex,1024,32,10000,0.90,35,0,0,,,,0
ascii95,regex,1024,32,10000,0.90,36,1,1,1356,144,48,0
ascii95,regex,1024,32,10000,0.90,36,0,0,,,,0
ascii95,regex,1024,32,10000,0.90,37,1,1,1356,144,48,0
ascii95,regex,1024,32,10000,0.90,37,0,0,,,,0
ascii95,regex,1024,32,10000,0.90,38,1,1,1356,144,48,0
ascii95,regex,1024,32,10000,0.90,38,0,0,,,,0
ascii95,regex,1024,32,10000,0.90,39,1,1,1356,144,48,0
ascii95,regex,1024,32,10000,0.90,39,0,0,,,,0
ascii95,regex,1024,32,10000,0.90,40,1,1,1356,144,48,0
ascii95,regex,1024,32,10000,0.90,40,0,0,,,,0
ascii95,regex,1024,32,10000,0.90,41,1,1,1356,144,48,0
ascii95,regex,1024,32,10000,0.90,41,0,0,,,,0
ascii95,regex,1024,32,10000,0.90,42,1,1,1356,144,48,0
ascii95,regex,1024,32,10000,0.90,42,0,0,,,,0
ascii95,regex,1024,32,10000,0.90,43,1,1,1356,144,48,0
ascii95,regex,1024,32,10000,0.90,43,0,0,,,,0
ascii95,regex,1024,32,10000,0.90,44,1,1,1356,144,48,0
ascii95,regex,1024,32,10000,0.90,44,0,0,,,,0
ascii95,regex,1024,32,10000,0.90,45,1,1,1356,144,48,0
ascii95,regex,1024,32,10000,0.90,45,0,0,,,,0
ascii95,regex,1024,32,10000,0.90,46,1,1,1356,144,48,0
ascii95,regex,1024,32,10000,0.90,46,0,0,,,,0
ascii95,regex,1024,32,10000,0.90,47,1,1,1356,144,48,0
ascii95,regex,1024,32,10000,0.90,47,0,0,,,,0
ascii95,regex,1024,32,10000,0.90,48,1,1,1356,144,48,0
ascii95,regex,1024,32,10000,0.90,48,0,0,,,,0
ascii95,regex,1024,32,10000,0.90,49,1,1,1356,144,48,0
ascii95,regex,1024,32,10000,0.90,49,0,0,,,,0
ascii95,regex,1024,32,10000,0.90,50,1,1,1356,144,48,0
ascii95,regex,1024,32,10000,0.90,50,0,0,,,,0
ascii95,regex,1024,32,10000,0.90,51,1,1,1356,144,48,0
ascii95,regex,1024,32,10000,0.90,51,0,0,,,,0
ascii95,regex,1024,32,10000,0.90,52,1,1,1356,144,48,0
ascii95,regex,1024,32,10000,0.90,52,0,0,,,,0
ascii95,regex,1024,32,10000,0.90,53,1,1,1356,144,48,0
ascii95,regex,1024,32,10000,0.90,53,0,0,,,,0
ascii95,regex,1024,32,10000,0.90,54,1,1,1356,144,48,0
ascii95,regex,1024,32,10000,0.90,54,0,0,,,,0
ascii95,regex,1024,32,10000,0.90,55,1,1,1356,144,48,0
ascii95,regex,1024,32,10000,0.90,55,0,0,,,,0
ascii95,regex,1024,32,10000,0.90,56,1,1,1356,144,48,0
ascii95,regex,1024,32,10000,0.90,56,0,0,,,,0
ascii95,regex,1024,32,10000,0.90,57,1,1,1356,144,48,0
ascii95,regex,1024,32,10000,0.90,57,0,0,,,,0
ascii95,regex,1024,32,10000,0.90,58,1,1,1356,144,48,0
ascii95,regex,1024,32,10000,0.90,58,0,0,,,,0
ascii95,regex,1024,32,10000,0.90,59,1,1,1356,144,48,0
ascii95,regex,1024,32,10000,0.90,59,0,0,,,,0
ascii95,regex,1024,32,10000,0.90,60,1,1,1356,144,48,0
ascii95,regex,1024,32,10000,0.90,60,0,0,,,,0
ascii95,regex,1024,32,10000,0.90,61,1,1,1356,144,48,0
ascii95,regex,1024,32,10000,0.90,61,0,0,,,,0
ascii95,regex,1024,32,10000,0.90,62,1,1,1356,144,48,0
ascii95,regex,1024,32,10000,0.90,62,0,0,,,,0
ascii95,regex,1024,32,10000,0.90,63,1,1,1356,144,48,0
ascii95,regex,1024,32,10000,0.90,63,0,0,,,,0
ascii95,regex,1024,32,10000,0.90,64,1,1,1356,144,48,0
ascii95,regex,1024,32,10000,0.90,64,0,0,,,,0
ascii95,regex,1024,32,10000,0.90,65,1,1,1356,144,48,0
ascii95,regex,1024,32,10000,0.90,65,0,0,,,,0
ascii95,regex,1024,32,10000,0.90,66,1,1,1356,144,48,0
ascii95,regex,1024,32,10000,0.90,66,0,0,,,,0
ascii95,regex,1024,32,10000,0.90,67,1,1,1356,144,48,0
ascii95,regex,1024,32,10000,0.90,67,0,0,,,,0
ascii95,regex,1024,32,10000,0.90,68,1,1,1356,144,48,0
ascii95,regex,1024,32,10000,0.90,68,0,0,,,,0
ascii95,regex,1024,32,10000,0.90,69,1,1,1356,144,48,0
ascii95,regex,1024,32,10000,0.90,69,0,0,,,,0
ascii95,regex,1024,32,10000,0.90,70,1,1,1356,144,48,0
ascii95,regex,1024,32,10000,0.90,70,0,0,,,,0
ascii95,regex,1024,32,10000,0.90,71,1,1,1356,144,48,0
ascii95,regex,1024,32,10000,0.90,71,0,0,,,,0
ascii95,regex,1024,32,10000,0.90,72,1,1,1356,144,48,0
ascii95,regex,1024,32,10000,0.90,72,0,0,,,,0
ascii95,regex,1024,32,10000,0.90,73,1,1,1356,144,48,0
ascii95,regex,1024,32,10000,0.90,73,0,0,,,,0
ascii95,regex,1024,32,10000,0.90,74,1,1,1356,144,48,0
ascii95,regex,1024,32,10000,0.90,74,0,0,,,,0
ascii95,regex,1024,32,10000,0.90,75,1,1,1356,144,48,0
ascii95,regex,1024,32,10000,0.90,75,0,0,,,,0
ascii95,regex,1024,32,10000,0.90,76,1,1,1356,144,48,0
ascii95,regex,1024,32,10000,0.90,76,0,0,,,,0
ascii95,regex,1024,32,10000,0.90,77,1,1,1356,144,48,0
ascii95,regex,1024,32,10000,0.90,77,0,0,,,,0
ascii95,regex,1024,32,10000,0.90,78,1,1,1356,144,48,0
ascii95,regex,1024,32,10000,0.90,78,0,0,,,,0
ascii95,regex,1024,32,10000,0.90,79,1,1,1356,144,48,0
ascii95,regex,1024,32,10000,0.90,79,0,0,,,,0
ascii95,regex,1024,32,10000,0.90,80,1,1,1356,144,48,0
ascii95,regex,1024,32,10000,0.90,80,0,0,,,,0
ascii95,regex,1024,32,10000,0.90,81,1,1,1356,144,48,0
ascii95,regex,1024,32,10000,0.90,81,0,0,,,,0
ascii95,regex,1024,32,10000,0.90,82,1,1,1356,144,48,0
ascii95,regex,1024,32,10000,0.90,82,0,0,,,,0
ascii95,regex,1024,32,10000,0.90,83,1,1,1356,144,48,0
ascii95,regex,1024,32,10000,0.90,83,0,0,,,,0
ascii95,regex,1024,32,10000,0.90,84,1,1,1356,144,48,0
ascii95,regex,1024,32,10000,0.90,84,0,0,,,,0
ascii95,regex,1024,32,10000,0.90,85,1,1,1356,144,48,0
ascii95,regex,1024,32,10000,0.90,85,0,0,,,,0
ascii95,regex,1024,32,10000,0.90,86,1,1,1356,144,48,0
ascii95,regex,1024,32,10000,0.90,86,0,0,,,,0
ascii95,regex,1024,32,10000,0.90,87,1,1,1356,144,48,0
ascii95,regex,1024,32,10000,0.90,87,0,0,,,,0
ascii95,regex,1024,32,10000,0.90,88,1,1,1356,144,48,0
ascii95,regex,1024,32,10000,0.90,88,0,0,,,,0
ascii95,regex,1024,32,10000,0.90,89,1,1,1356,144,48,0
ascii95,regex,1024,32,10000,0.90,89,0,0,,,,0
ascii95,regex,1024,32,10000,0.90,90,1,1,1356,144,48,0
ascii95,regex,1024,32,10000,0.90,90,0,0,,,,0
ascii95,regex,1024,32,10000,0.90,91,1,1,1356,144,48,0
ascii95,regex,1024,32,10000,0.90,91,0,0,,,,0
ascii95,regex,1024,32,10000,0.90,92,1,1,1356,144,48,0
ascii95,regex,1024,32,10000,0.90,92,0,0,,,,0
ascii95,regex,1024,32,10000,0.90,93,1,1,1356,144,48,0
ascii95,regex,1024,32,10000,0.90,93,0,0,,,,0
ascii95,regex,1024,32,10000,0.90,94,1,1,1356,144,48,0
ascii95,regex,1024,32,10000,0.90,94,0,0,,,,0
ascii95,regex,1024,32,10000,0.90,95,1,1,1356,144,48,0
ascii95,regex,1024,32,10000,0.90,95,0,0,,,,0
ascii95,regex,1024,32,10000,0.90,96,1,1,1356,144,48,0
ascii95,regex,1024,32,10000,0.90,96,0,0,,,,0
ascii95,regex,1024,32,10000,0.90,97,1,1,1356,144,48,0
ascii95,regex,1024,32,10000,0.90,97,0,0,,,,0
ascii95,regex,1024,32,10000,0.90,98,1,1,1356,144,48,0
ascii95,regex,1024,32,10000,0.90,98,0,0,,,,0
ascii95,regex,1024,32,10000,0.90,99,1,1,1356,144,48,0
ascii95,regex,1024,32,10000,0.90,99,0,0,,,,0
ascii95,regex,1024,32,10000,0.90,100,1,1,1356,144,48,0
ascii95,regex,1024,32,10000,0.90,100,0,0,,,,0
ascii95,regex,1024,32,10000,0.95,1,1,1,1356,144,48,0
ascii95,regex,1024,32,10000,0.95,1,0,0,,,,0
ascii95,regex,1024,32,10000,0.95,2,1,1,1356,144,48,0
ascii95,regex,1024,32,10000,0.95,2,0,0,,,,0
ascii95,regex,1024,32,10000,0.95,3,1,1,1356,144,48,0
ascii95,regex,1024,32,10000,0.95,3,0,0,,,,0
ascii95,regex,1024,32,10000,0.95,4,1,1,1356,144,48,0
ascii95,regex,1024,32,10000,0.95,4,0,0,,,,0
ascii95,regex,1024,32,10000,0.95,5,1,1,1356,144,48,0
ascii95,regex,1024,32,10000,0.95,5,0,0,,,,0
ascii95,regex,1024,32,10000,0.95,6,1,1,1356,144,48,0
ascii95,regex,1024,32,10000,0.95,6,0,0,,,,0
ascii95,regex,1024,32,10000,0.95,7,1,1,1356,144,48,0
ascii95,regex,1024,32,10000,0.95,7,0,0,,,,0
ascii95,regex,1024,32,10000,0.95,8,1,1,1356,144,48,0
ascii95,regex,1024,32,10000,0.95,8,0,0,,,,0
ascii95,regex,1024,32,10000,0.95,9,1,1,1356,144,48,0
ascii95,regex,1024,32,10000,0.95,9,0,0,,,,0
ascii95,regex,1024,32,10000,0.95,10,1,1,1356,144,48,0
ascii95,regex,1024,32,10000,0.95,10,0,0,,,,0
ascii95,regex,1024,32,10000,0.95,11,1,1,1356,144,48,0
ascii95,regex,1024,32,10000,0.95,11,0,0,,,,0
ascii95,regex,1024,32,10000,0.95,12,1,1,1356,144,48,0
ascii95,regex,1024,32,10000,0.95,12,0,0,,,,0
ascii95,regex,1024,32,10000,0.95,13,1,1,1356,144,48,0
ascii95,regex,1024,32,10000,0.95,13,0,0,,,,0
ascii95,regex,1024,32,10000,0.95,14,1,1,1356,144,48,0
ascii95,regex,1024,32,10000,0.95,14,0,0,,,,0
ascii95,regex,1024,32,10000,0.95,15,1,1,1356,144,48,0
ascii95,regex,1024,32,10000,0.95,15,0,0,,,,0
ascii95,regex,1024,32,10000,0.95,16,1,1,1356,144,48,0
ascii95,regex,1024,32,10000,0.95,16,0,0,,,,0
ascii95,regex,1024,32,10000,0.95,17,1,1,1356,144,48,0
ascii95,regex,1024,32,10000,0.95,17,0,0,,,,0
ascii95,regex,1024,32,10000,0.95,18,1,1,1356,144,48,0
ascii95,regex,1024,32,10000,0.95,18,0,0,,,,0
ascii95,regex,1024,32,10000,0.95,19,1,1,1356,144,48,0
ascii95,regex,1024,32,10000,0.95,19,0,0,,,,0
ascii95,regex,1024,32,10000,0.95,20,1,1,1356,144,48,0
ascii95,regex,1024,32,10000,0.95,20,0,0,,,,0
ascii95,regex,1024,32,10000,0.95,21,1,1,1356,144,48,0
ascii95,regex,1024,32,10000,0.95,21,0,0,,,,0
ascii95,regex,1024,32,10000,0.95,22,1,1,1356,144,48,0
ascii95,regex,1024,32,10000,0.95,22,0,0,,,,0
ascii95,regex,1024,32,10000,0.95,23,1,1,1356,144,48,0
ascii95,regex,1024,32,10000,0.95,23,0,0,,,,0
ascii95,regex,1024,32,10000,0.95,24,1,1,1356,144,48,0
ascii95,regex,1024,32,10000,0.95,24,0,0,,,,0
ascii95,regex,1024,32,10000,0.95,25,1,1,1356,144,48,0
ascii95,regex,1024,32,10000,0.95,25,0,0,,,,0
ascii95,regex,1024,32,10000,0.95,26,1,1,1356,144,48,0
ascii95,regex,1024,32,10000,0.95,26,0,0,,,,0
ascii95,regex,1024,32,10000,0.95,27,1,1,1356,144,48,0
ascii95,regex,1024,32,10000,0.95,27,0,0,,,,0
ascii95,regex,1024,32,10000,0.95,28,1,1,1356,144,48,0
ascii95,regex,1024,32,10000,0.95,28,0,0,,,,0
ascii95,regex,1024,32,10000,0.95,29,1,1,1356,144,48,0
ascii95,regex,1024,32,10000,0.95,29,0,0,,,,0
ascii95,regex,1024,32,10000,0.95,30,1,1,1356,144,48,0
ascii95,regex,1024,32,10000,0.95,30,0,0,,,,0
ascii95,regex,1024,32,10000,0.95,31,1,1,1356,144,48,0
ascii95,regex,1024,32,10000,0.95,31,0,0,,,,0
ascii95,regex,1024,32,10000,0.95,32,1,1,1356,144,48,0
ascii95,regex,1024,32,10000,0.95,32,0,0,,,,0
ascii95,regex,1024,32,10000,0.95,33,1,1,1356,144,48,0
ascii95,regex,1024,32,10000,0.95,33,0,0,,,,0
ascii95,regex,1024,32,10000,0.95,34,1,1,1356,144,48,0
ascii95,regex,1024,32,10000,0.95,34,0,0,,,,0
ascii95,regex,1024,32,10000,0.95,35,1,1,1356,144,48,0
ascii95,regex,1024,32,10000,0.95,35,0,0,,,,0
ascii95,regex,1024,32,10000,0.95,36,1,1,1356,144,48,0
ascii95,regex,1024,32,10000,0.95,36,0,0,,,,0
ascii95,regex,1024,32,10000,0.95,37,1,1,1356,144,48,0
ascii95,regex,1024,32,10000,0.95,37,0,0,,,,0
ascii95,regex,1024,32,10000,0.95,38,1,1,1356,144,48,0
ascii95,regex,1024,32,10000,0.95,38,0,0,,,,0
ascii95,regex,1024,32,10000,0.95,39,1,1,1356,144,48,0
ascii95,regex,1024,32,10000,0.95,39,0,0,,,,0
ascii95,regex,1024,32,10000,0.95,40,1,1,1356,144,48,0
ascii95,regex,1024,32,10000,0.95,40,0,0,,,,0
ascii95,regex,1024,32,10000,0.95,41,1,1,1356,144,48,0
ascii95,regex,1024,32,10000,0.95,41,0,0,,,,0
ascii95,regex,1024,32,10000,0.95,42,1,1,1356,144,48,0
ascii95,regex,1024,32,10000,0.95,42,0,0,,,,0
ascii95,regex,1024,32,10000,0.95,43,1,1,1356,144,48,0
ascii95,regex,1024,32,10000,0.95,43,0,0,,,,0
ascii95,regex,1024,32,10000,0.95,44,1,1,1356,144,48,0
ascii95,regex,1024,32,10000,0.95,44,0,0,,,,0
ascii95,regex,1024,32,10000,0.95,45,1,1,1356,144,48,0
ascii95,regex,1024,32,10000,0.95,45,0,0,,,,0
ascii95,regex,1024,32,10000,0.95,46,1,1,1356,144,48,0
ascii95,regex,1024,32,10000,0.95,46,0,0,,,,0
ascii95,regex,1024,32,10000,0.95,47,1,1,1356,144,48,0
ascii95,regex,1024,32,10000,0.95,47,0,0,,,,0
ascii95,regex,1024,32,10000,0.95,48,1,1,1356,144,48,0
ascii95,regex,1024,32,10000,0.95,48,0,0,,,,0
ascii95,regex,1024,32,10000,0.95,49,1,1,1356,144,48,0
ascii95,regex,1024,32,10000,0.95,49,0,0,,,,0
ascii95,regex,1024,32,10000,0.95,50,1,1,1356,144,48,0
ascii95,regex,1024,32,10000,0.95,50,0,0,,,,0
ascii95,regex,1024,32,10000,0.95,51,1,1,1356,144,48,0
ascii95,regex,1024,32,10000,0.95,51,0,0,,,,0
ascii95,regex,1024,32,10000,0.95,52,1,1,1356,144,48,0
ascii95,regex,1024,32,10000,0.95,52,0,0,,,,0
ascii95,regex,1024,32,10000,0.95,53,1,1,1356,144,48,0
ascii95,regex,1024,32,10000,0.95,53,0,0,,,,0
ascii95,regex,1024,32,10000,0.95,54,1,1,1356,144,48,0
ascii95,regex,1024,32,10000,0.95,54,0,0,,,,0
ascii95,regex,1024,32,10000,0.95,55,1,1,1356,144,48,0
ascii95,regex,1024,32,10000,0.95,55,0,0,,,,0
ascii95,regex,1024,32,10000,0.95,56,1,1,1356,144,48,0
ascii95,regex,1024,32,10000,0.95,56,0,0,,,,0
ascii95,regex,1024,32,10000,0.95,57,1,1,1356,144,48,0
ascii95,regex,1024,32,10000,0.95,57,0,0,,,,0
ascii95,regex,1024,32,10000,0.95,58,1,1,1356,144,48,0
ascii95,regex,1024,32,10000,0.95,58,0,0,,,,0
ascii95,regex,1024,32,10000,0.95,59,1,1,1356,144,48,0
ascii95,regex,1024,32,10000,0.95,59,0,0,,,,0
ascii95,regex,1024,32,10000,0.95,60,1,1,1356,144,48,0
ascii95,regex,1024,32,10000,0.95,60,0,0,,,,0
ascii95,regex,1024,32,10000,0.95,61,1,1,1356,144,48,0
ascii95,regex,1024,32,10000,0.95,61,0,0,,,,0
ascii95,regex,1024,32,10000,0.95,62,1,1,1356,144,48,0
ascii95,regex,1024,32,10000,0.95,62,0,0,,,,0
ascii95,regex,1024,32,10000,0.95,63,1,1,1356,144,48,0
ascii95,regex,1024,32,10000,0.95,63,0,0,,,,0
ascii95,regex,1024,32,10000,0.95,64,1,1,1356,144,48,0
ascii95,regex,1024,32,10000,0.95,64,0,0,,,,0
ascii95,regex,1024,32,10000,0.95,65,1,1,1356,144,48,0
ascii95,regex,1024,32,10000,0.95,65,0,0,,,,0
ascii95,regex,1024,32,10000,0.95,66,1,1,1356,144,48,0
ascii95,regex,1024,32,10000,0.95,66,0,0,,,,0
ascii95,regex,1024,32,10000,0.95,67,1,1,1356,144,48,0
ascii95,regex,1024,32,10000,0.95,67,0,0,,,,0
ascii95,regex,1024,32,10000,0.95,68,1,1,1356,144,48,0
ascii95,regex,1024,32,10000,0.95,68,0,0,,,,0
ascii95,regex,1024,32,10000,0.95,69,1,1,1356,144,48,0
ascii95,regex,1024,32,10000,0.95,69,0,0,,,,0
ascii95,regex,1024,32,10000,0.95,70,1,1,1356,144,48,0
ascii95,regex,1024,32,10000,0.95,70,0,0,,,,0
ascii95,regex,1024,32,10000,0.95,71,1,1,1356,144,48,0
ascii95,regex,1024,32,10000,0.95,71,0,0,,,,0
ascii95,regex,1024,32,10000,0.95,72,1,1,1356,144,48,0
ascii95,regex,1024,32,10000,0.95,72,0,0,,,,0
ascii95,regex,1024,32,10000,0.95,73,1,1,1356,144,48,0
ascii95,regex,1024,32,10000,0.95,73,0,0,,,,0
ascii95,regex,1024,32,10000,0.95,74,1,1,1356,144,48,0
ascii95,regex,1024,32,10000,0.95,74,0,0,,,,0
ascii95,regex,1024,32,10000,0.95,75,1,1,1356,144,48,0
ascii95,regex,1024,32,10000,0.95,75,0,0,,,,0
ascii95,regex,1024,32,10000,0.95,76,1,1,1356,144,48,0
ascii95,regex,1024,32,10000,0.95,76,0,0,,,,0
ascii95,regex,1024,32,10000,0.95,77,1,1,1356,144,48,0
ascii95,regex,1024,32,10000,0.95,77,0,0,,,,0
ascii95,regex,1024,32,10000,0.95,78,1,1,1356,144,48,0
ascii95,regex,1024,32,10000,0.95,78,0,0,,,,0
ascii95,regex,1024,32,10000,0.95,79,1,1,1356,144,48,0
ascii95,regex,1024,32,10000,0.95,79,0,0,,,,0
ascii95,regex,1024,32,10000,0.95,80,1,1,1356,144,48,0
ascii95,regex,1024,32,10000,0.95,80,0,0,,,,0
ascii95,regex,1024,32,10000,0.95,81,1,1,1356,144,48,0
ascii95,regex,1024,32,10000,0.95,81,0,0,,,,0
ascii95,regex,1024,32,10000,0.95,82,1,1,1356,144,48,0
ascii95,regex,1024,32,10000,0.95,82,0,0,,,,0
ascii95,regex,1024,32,10000,0.95,83,1,1,1356,144,48,0
ascii95,regex,1024,32,10000,0.95,83,0,0,,,,0
ascii95,regex,1024,32,10000,0.95,84,1,1,1356,144,48,0
ascii95,regex,1024,32,10000,0.95,84,0,0,,,,0
ascii95,regex,1024,32,10000,0.95,85,1,1,1356,144,48,0
ascii95,regex,1024,32,10000,0.95,85,0,0,,,,0
ascii95,regex,1024,32,10000,0.95,86,1,1,1356,144,48,0
ascii95,regex,1024,32,10000,0.95,86,0,0,,,,0
ascii95,regex,1024,32,10000,0.95,87,1,1,1356,144,48,0
ascii95,regex,1024,32,10000,0.95,87,0,0,,,,0
ascii95,regex,1024,32,10000,0.95,88,1,1,1356,144,48,0
ascii95,regex,1024,32,10000,0.95,88,0,0,,,,0
ascii95,regex,1024,32,10000,0.95,89,1,1,1356,144,48,0
ascii95,regex,1024,32,10000,0.95,89,0,0,,,,0
ascii95,regex,1024,32,10000,0.95,90,1,1,1356,144,48,0
ascii95,regex,1024,32,10000,0.95,90,0,0,,,,0
ascii95,regex,1024,32,10000,0.95,91,1,1,1356,144,48,0
ascii95,regex,1024,32,10000,0.95,91,0,0,,,,0
ascii95,regex,1024,32,10000,0.95,92,1,1,1356,144,48,0
ascii95,regex,1024,32,10000,0.95,92,0,0,,,,0
ascii95,regex,1024,32,10000,0.95,93,1,1,1356,144,48,0
ascii95,regex,1024,32,10000,0.95,93,0,0,,,,0
ascii95,regex,1024,32,10000,0.95,94,1,1,1356,144,48,0
ascii95,regex,1024,32,10000,0.95,94,0,0,,,,0
ascii95,regex,1024,32,10000,0.95,95,1,1,1356,144,48,0
ascii95,regex,1024,32,10000,0.95,95,0,0,,,,0
ascii95,regex,1024,32,10000,0.95,96,1,1,1356,144,48,0
ascii95,regex,1024,32,10000,0.95,96,0,0,,,,0
ascii95,regex,1024,32,10000,0.95,97,1,1,1356,144,48,0
ascii95,regex,1024,32,10000,0.95,97,0,0,,,,0
ascii95,regex,1024,32,10000,0.95,98,1,1,1356,144,48,0
ascii95,regex,1024,32,10000,0.95,98,0,0,,,,0
ascii95,regex,1024,32,10000,0.95,99,1,1,1356,144,48,0
ascii95,regex,1024,32,10000,0.95,99,0,0,,,,0
ascii95,regex,1024,32,10000,0.95,100,1,1,1356,144,48,0
ascii95,regex,1024,32,10000,0.95,100,0,0,,,,0
bytes256,literal,512,16,10000,0.50,1,1,1,1356,9,8,0
bytes256,literal,512,16,10000,0.50,1,0,0,,,,0
bytes256,literal,512,16,10000,0.50,2,1,1,1356,9,8,0
bytes256,literal,512,16,10000,0.50,2,0,0,,,,0
bytes256,literal,512,16,10000,0.50,3,1,1,1356,9,8,0
bytes256,literal,512,16,10000,0.50,3,0,0,,,,0
bytes256,literal,512,16,10000,0.50,4,1,1,1356,9,8,0
bytes256,literal,512,16,10000,0.50,4,0,0,,,,0
bytes256,literal,512,16,10000,0.50,5,1,1,1356,9,8,0
bytes256,literal,512,16,10000,0.50,5,0,0,,,,0
bytes256,literal,512,16,10000,0.50,6,1,1,1356,9,8,0
bytes256,literal,512,16,10000,0.50,6,0,0,,,,0
bytes256,literal,512,16,10000,0.50,7,1,1,1356,9,8,0
bytes256,literal,512,16,10000,0.50,7,0,0,,,,0
bytes256,literal,512,16,10000,0.50,8,1,1,1356,9,8,0
bytes256,literal,512,16,10000,0.50,8,0,0,,,,0
bytes256,literal,512,16,10000,0.50,9,1,1,1356,9,8,0
bytes256,literal,512,16,10000,0.50,9,0,0,,,,0
bytes256,literal,512,16,10000,0.50,10,1,1,1356,9,8,0
bytes256,literal,512,16,10000,0.50,10,0,0,,,,0
bytes256,literal,512,16,10000,0.50,11,1,1,1356,9,8,0
bytes256,literal,512,16,10000,0.50,11,0,0,,,,0
bytes256,literal,512,16,10000,0.50,12,1,1,1356,9,8,0
bytes256,literal,512,16,10000,0.50,12,0,0,,,,0
bytes256,literal,512,16,10000,0.50,13,1,1,1356,9,8,0
bytes256,literal,512,16,10000,0.50,13,0,0,,,,0
bytes256,literal,512,16,10000,0.50,14,1,1,1356,9,8,0
bytes256,literal,512,16,10000,0.50,14,0,0,,,,0
bytes256,literal,512,16,10000,0.50,15,1,1,1356,9,8,0
bytes256,literal,512,16,10000,0.50,15,0,0,,,,0
bytes256,literal,512,16,10000,0.50,16,1,1,1356,9,8,0
bytes256,literal,512,16,10000,0.50,16,0,0,,,,0
bytes256,literal,512,16,10000,0.50,17,1,1,1356,9,8,0
bytes256,literal,512,16,10000,0.50,17,0,0,,,,0
bytes256,literal,512,16,10000,0.50,18,1,1,1356,9,8,0
bytes256,literal,512,16,10000,0.50,18,0,0,,,,0
bytes256,literal,512,16,10000,0.50,19,1,1,1356,9,8,0
bytes256,literal,512,16,10000,0.50,19,0,0,,,,0
bytes256,literal,512,16,10000,0.50,20,1,1,1356,9,8,0
bytes256,literal,512,16,10000,0.50,20,0,0,,,,0
bytes256,literal,512,16,10000,0.50,21,1,1,1356,9,8,0
bytes256,literal,512,16,10000,0.50,21,0,0,,,,0
bytes256,literal,512,16,10000,0.50,22,1,1,1356,9,8,0
bytes256,literal,512,16,10000,0.50,22,0,0,,,,0
bytes256,literal,512,16,10000,0.50,23,1,1,1356,9,8,0
bytes256,literal,512,16,10000,0.50,23,0,0,,,,0
bytes256,literal,512,16,10000,0.50,24,1,1,1356,9,8,0
bytes256,literal,512,16,10000,0.50,24,0,0,,,,0
bytes256,literal,512,16,10000,0.50,25,1,1,1356,9,8,0
bytes256,literal,512,16,10000,0.50,25,0,0,,,,0
bytes256,literal,512,16,10000,0.50,26,1,1,1356,9,8,0
bytes256,literal,512,16,10000,0.50,26,0,0,,,,0
bytes256,literal,512,16,10000,0.50,27,1,1,1356,9,8,0
bytes256,literal,512,16,10000,0.50,27,0,0,,,,0
bytes256,literal,512,16,10000,0.50,28,1,1,1356,9,8,0
bytes256,literal,512,16,10000,0.50,28,0,0,,,,0
bytes256,literal,512,16,10000,0.50,29,1,1,1356,9,8,0
bytes256,literal,512,16,10000,0.50,29,0,0,,,,0
bytes256,literal,512,16,10000,0.50,30,1,1,1356,9,8,0
bytes256,literal,512,16,10000,0.50,30,0,0,,,,0
bytes256,literal,512,16,10000,0.50,31,1,1,1356,9,8,0
bytes256,literal,512,16,10000,0.50,31,0,0,,,,0
bytes256,literal,512,16,10000,0.50,32,1,1,1356,9,8,0
bytes256,literal,512,16,10000,0.50,32,0,0,,,,0
bytes256,literal,512,16,10000,0.50,33,1,1,1356,9,8,0
bytes256,literal,512,16,10000,0.50,33,0,0,,,,0
bytes256,literal,512,16,10000,0.50,34,1,1,1356,9,8,0
bytes256,literal,512,16,10000,0.50,34,0,0,,,,0
bytes256,literal,512,16,10000,0.50,35,1,1,1356,9,8,0
bytes256,literal,512,16,10000,0.50,35,0,0,,,,0
bytes256,literal,512,16,10000,0.50,36,1,1,1356,9,8,0
bytes256,literal,512,16,10000,0.50,36,0,0,,,,0
bytes256,literal,512,16,10000,0.50,37,1,1,1356,9,8,0
bytes256,literal,512,16,10000,0.50,37,0,0,,,,0
bytes256,literal,512,16,10000,0.50,38,1,1,1356,9,8,0
bytes256,literal,512,16,10000,0.50,38,0,0,,,,0
bytes256,literal,512,16,10000,0.50,39,1,1,1356,9,8,0
bytes256,literal,512,16,10000,0.50,39,0,0,,,,0
bytes256,literal,512,16,10000,0.50,40,1,1,1356,9,8,0
bytes256,literal,512,16,10000,0.50,40,0,0,,,,0
bytes256,literal,512,16,10000,0.50,41,1,1,1356,9,8,0
bytes256,literal,512,16,10000,0.50,41,0,0,,,,0
bytes256,literal,512,16,10000,0.50,42,1,1,1356,9,8,0
bytes256,literal,512,16,10000,0.50,42,0,0,,,,0
bytes256,literal,512,16,10000,0.50,43,1,1,1356,9,8,0
bytes256,literal,512,16,10000,0.50,43,0,0,,,,0
bytes256,literal,512,16,10000,0.50,44,1,1,1356,9,8,0
bytes256,literal,512,16,10000,0.50,44,0,0,,,,0
bytes256,literal,512,16,10000,0.50,45,1,1,1356,9,8,0
bytes256,literal,512,16,10000,0.50,45,0,0,,,,0
bytes256,literal,512,16,10000,0.50,46,1,1,1356,9,8,0
bytes256,literal,512,16,10000,0.50,46,0,0,,,,0
bytes256,literal,512,16,10000,0.50,47,1,1,1356,9,8,0
bytes256,literal,512,16,10000,0.50,47,0,0,,,,0
bytes256,literal,512,16,10000,0.50,48,1,1,1356,9,8,0
bytes256,literal,512,16,10000,0.50,48,0,0,,,,0
bytes256,literal,512,16,10000,0.50,49,1,1,1356,9,8,0
bytes256,literal,512,16,10000,0.50,49,0,0,,,,0
bytes256,literal,512,16,10000,0.50,50,1,1,1356,9,8,0
bytes256,literal,512,16,10000,0.50,50,0,0,,,,0
bytes256,literal,512,16,10000,0.50,51,1,1,1356,9,8,0
bytes256,literal,512,16,10000,0.50,51,0,0,,,,0
bytes256,literal,512,16,10000,0.50,52,1,1,1356,9,8,0
bytes256,literal,512,16,10000,0.50,52,0,0,,,,0
bytes256,literal,512,16,10000,0.50,53,1,1,1356,9,8,0
bytes256,literal,512,16,10000,0.50,53,0,0,,,,0
bytes256,literal,512,16,10000,0.50,54,1,1,1356,9,8,0
bytes256,literal,512,16,10000,0.50,54,0,0,,,,0
bytes256,literal,512,16,10000,0.50,55,1,1,1356,9,8,0
bytes256,literal,512,16,10000,0.50,55,0,0,,,,0
bytes256,literal,512,16,10000,0.50,56,1,1,1356,9,8,0
bytes256,literal,512,16,10000,0.50,56,0,0,,,,0
bytes256,literal,512,16,10000,0.50,57,1,1,1356,9,8,0
bytes256,literal,512,16,10000,0.50,57,0,0,,,,0
bytes256,literal,512,16,10000,0.50,58,1,1,1356,9,8,0
bytes256,literal,512,16,10000,0.50,58,0,0,,,,0
bytes256,literal,512,16,10000,0.50,59,1,1,1356,9,8,0
bytes256,literal,512,16,10000,0.50,59,0,0,,,,0
bytes256,literal,512,16,10000,0.50,60,1,1,1356,9,8,0
bytes256,literal,512,16,10000,0.50,60,0,0,,,,0
bytes256,literal,512,16,10000,0.50,61,1,1,1356,9,8,0
bytes256,literal,512,16,10000,0.50,61,0,0,,,,0
bytes256,literal,512,16,10000,0.50,62,1,1,1356,9,8,0
bytes256,literal,512,16,10000,0.50,62,0,0,,,,0
bytes256,literal,512,16,10000,0.50,63,1,1,1356,9,8,0
bytes256,literal,512,16,10000,0.50,63,0,0,,,,0
bytes256,literal,512,16,10000,0.50,64,1,1,1356,9,8,0
bytes256,literal,512,16,10000,0.50,64,0,0,,,,0
bytes256,literal,512,16,10000,0.50,65,1,1,1356,9,8,0
bytes256,literal,512,16,10000,0.50,65,0,0,,,,0
bytes256,literal,512,16,10000,0.50,66,1,1,1356,9,8,0
bytes256,literal,512,16,10000,0.50,66,0,0,,,,0
bytes256,literal,512,16,10000,0.50,67,1,1,1356,9,8,0
bytes256,literal,512,16,10000,0.50,67,0,0,,,,0
bytes256,literal,512,16,10000,0.50,68,1,1,1356,9,8,0
bytes256,literal,512,16,10000,0.50,68,0,0,,,,0
bytes256,literal,512,16,10000,0.50,69,1,1,1356,9,8,0
bytes256,literal,512,16,10000,0.50,69,0,0,,,,0
bytes256,literal,512,16,10000,0.50,70,1,1,1356,9,8,0
bytes256,literal,512,16,10000,0.50,70,0,0,,,,0
bytes256,literal,512,16,10000,0.50,71,1,1,1356,9,8,0
bytes256,literal,512,16,10000,0.50,71,0,0,,,,0
bytes256,literal,512,16,10000,0.50,72,1,1,1356,9,8,0
bytes256,literal,512,16,10000,0.50,72,0,0,,,,0
bytes256,literal,512,16,10000,0.50,73,1,1,1356,9,8,0
bytes256,literal,512,16,10000,0.50,73,0,0,,,,0
bytes256,literal,512,16,10000,0.50,74,1,1,1356,9,8,0
bytes256,literal,512,16,10000,0.50,74,0,0,,,,0
bytes256,literal,512,16,10000,0.50,75,1,1,1356,9,8,0
bytes256,literal,512,16,10000,0.50,75,0,0,,,,0
bytes256,literal,512,16,10000,0.50,76,1,1,1356,9,8,0
bytes256,literal,512,16,10000,0.50,76,0,0,,,,0
bytes256,literal,512,16,10000,0.50,77,1,1,1356,9,8,0
bytes256,literal,512,16,10000,0.50,77,0,0,,,,0
bytes256,literal,512,16,10000,0.50,78,1,1,1356,9,8,0
bytes256,literal,512,16,10000,0.50,78,0,0,,,,0
bytes256,literal,512,16,10000,0.50,79,1,1,1356,9,8,0
bytes256,literal,512,16,10000,0.50,79,0,0,,,,0
bytes256,literal,512,16,10000,0.50,80,1,1,1356,9,8,0
bytes256,literal,512,16,10000,0.50,80,0,0,,,,0
bytes256,literal,512,16,10000,0.50,81,1,1,1356,9,8,0
bytes256,literal,512,16,10000,0.50,81,0,0,,,,0
bytes256,literal,512,16,10000,0.50,82,1,1,1356,9,8,0
bytes256,literal,512,16,10000,0.50,82,0,0,,,,0
bytes256,literal,512,16,10000,0.50,83,1,1,1356,9,8,0
bytes256,literal,512,16,10000,0.50,83,0,0,,,,0
bytes256,literal,512,16,10000,0.50,84,1,1,1356,9,8,0
bytes256,literal,512,16,10000,0.50,84,0,0,,,,0
bytes256,literal,512,16,10000,0.50,85,1,1,1356,9,8,0
bytes256,literal,512,16,10000,0.50,85,0,0,,,,0
bytes256,literal,512,16,10000,0.50,86,1,1,1356,9,8,0
bytes256,literal,512,16,10000,0.50,86,0,0,,,,0
bytes256,literal,512,16,10000,0.50,87,1,1,1356,9,8,0
bytes256,literal,512,16,10000,0.50,87,0,0,,,,0
bytes256,literal,512,16,10000,0.50,88,1,1,1356,9,8,0
bytes256,literal,512,16,10000,0.50,88,0,0,,,,0
bytes256,literal,512,16,10000,0.50,89,1,1,1356,9,8,0
bytes256,literal,512,16,10000,0.50,89,0,0,,,,0
bytes256,literal,512,16,10000,0.50,90,1,1,1356,9,8,0
bytes256,literal,512,16,10000,0.50,90,0,0,,,,0
bytes256,literal,512,16,10000,0.50,91,1,1,1356,9,8,0
bytes256,literal,512,16,10000,0.50,91,0,0,,,,0
bytes256,literal,512,16,10000,0.50,92,1,1,1356,9,8,0
bytes256,literal,512,16,10000,0.50,92,0,0,,,,0
bytes256,literal,512,16,10000,0.50,93,1,1,1356,9,8,0
bytes256,literal,512,16,10000,0.50,93,0,0,,,,0
bytes256,literal,512,16,10000,0.50,94,1,1,1356,9,8,0
bytes256,literal,512,16,10000,0.50,94,0,0,,,,0
bytes256,literal,512,16,10000,0.50,95,1,1,1356,9,8,0
bytes256,literal,512,16,10000,0.50,95,0,0,,,,0
bytes256,literal,512,16,10000,0.50,96,1,1,1356,9,8,0
bytes256,literal,512,16,10000,0.50,96,0,0,,,,0
bytes256,literal,512,16,10000,0.50,97,1,1,1356,9,8,0
bytes256,literal,512,16,10000,0.50,97,0,0,,,,0
bytes256,literal,512,16,10000,0.50,98,1,1,1356,9,8,0
bytes256,literal,512,16,10000,0.50,98,0,0,,,,0
bytes256,literal,512,16,10000,0.50,99,1,1,1356,9,8,0
bytes256,literal,512,16,10000,0.50,99,0,0,,,,0
bytes256,literal,512,16,10000,0.50,100,1,1,1356,9,8,0
bytes256,literal,512,16,10000,0.50,100,0,0,,,,0
bytes256,literal,512,16,10000,0.60,1,1,1,1356,10,9,0
bytes256,literal,512,16,10000,0.60,1,0,0,,,,0
bytes256,literal,512,16,10000,0.60,2,1,1,1356,10,9,0
bytes256,literal,512,16,10000,0.60,2,0,0,,,,0
bytes256,literal,512,16,10000,0.60,3,1,1,1356,10,9,0
bytes256,literal,512,16,10000,0.60,3,0,0,,,,0
bytes256,literal,512,16,10000,0.60,4,1,1,1356,10,9,0
bytes256,literal,512,16,10000,0.60,4,0,0,,,,0
bytes256,literal,512,16,10000,0.60,5,1,1,1356,10,9,0
bytes256,literal,512,16,10000,0.60,5,0,0,,,,0
bytes256,literal,512,16,10000,0.60,6,1,1,1356,10,9,0
bytes256,literal,512,16,10000,0.60,6,0,0,,,,0
bytes256,literal,512,16,10000,0.60,7,1,1,1356,10,9,0
bytes256,literal,512,16,10000,0.60,7,0,0,,,,0
bytes256,literal,512,16,10000,0.60,8,1,1,1356,10,9,0
bytes256,literal,512,16,10000,0.60,8,0,0,,,,0
bytes256,literal,512,16,10000,0.60,9,1,1,1356,10,9,0
bytes256,literal,512,16,10000,0.60,9,0,0,,,,0
bytes256,literal,512,16,10000,0.60,10,1,1,1356,10,9,0
bytes256,literal,512,16,10000,0.60,10,0,0,,,,0
bytes256,literal,512,16,10000,0.60,11,1,1,1356,10,9,0
bytes256,literal,512,16,10000,0.60,11,0,0,,,,0
bytes256,literal,512,16,10000,0.60,12,1,1,1356,10,9,0
bytes256,literal,512,16,10000,0.60,12,0,0,,,,0
bytes256,literal,512,16,10000,0.60,13,1,1,1356,10,9,0
bytes256,literal,512,16,10000,0.60,13,0,0,,,,0
bytes256,literal,512,16,10000,0.60,14,1,1,1356,10,9,0
bytes256,literal,512,16,10000,0.60,14,0,0,,,,0
bytes256,literal,512,16,10000,0.60,15,1,1,1356,10,9,0
bytes256,literal,512,16,10000,0.60,15,0,0,,,,0
bytes256,literal,512,16,10000,0.60,16,1,1,1356,10,9,0
bytes256,literal,512,16,10000,0.60,16,0,0,,,,0
bytes256,literal,512,16,10000,0.60,17,1,1,1356,10,9,0
bytes256,literal,512,16,10000,0.60,17,0,0,,,,0
bytes256,literal,512,16,10000,0.60,18,1,1,1356,10,9,0
bytes256,literal,512,16,10000,0.60,18,0,0,,,,0
bytes256,literal,512,16,10000,0.60,19,1,1,1356,10,9,0
bytes256,literal,512,16,10000,0.60,19,0,0,,,,0
bytes256,literal,512,16,10000,0.60,20,1,1,1356,10,9,0
bytes256,literal,512,16,10000,0.60,20,0,0,,,,0
bytes256,literal,512,16,10000,0.60,21,1,1,1356,10,9,0
bytes256,literal,512,16,10000,0.60,21,0,0,,,,0
bytes256,literal,512,16,10000,0.60,22,1,1,1356,10,9,0
bytes256,literal,512,16,10000,0.60,22,0,0,,,,0
bytes256,literal,512,16,10000,0.60,23,1,1,1356,10,9,0
bytes256,literal,512,16,10000,0.60,23,0,0,,,,0
bytes256,literal,512,16,10000,0.60,24,1,1,1356,10,9,0
bytes256,literal,512,16,10000,0.60,24,0,0,,,,0
bytes256,literal,512,16,10000,0.60,25,1,1,1356,10,9,0
bytes256,literal,512,16,10000,0.60,25,0,0,,,,0
bytes256,literal,512,16,10000,0.60,26,1,1,1356,10,9,0
bytes256,literal,512,16,10000,0.60,26,0,0,,,,0
bytes256,literal,512,16,10000,0.60,27,1,1,1356,10,9,0
bytes256,literal,512,16,10000,0.60,27,0,0,,,,0
bytes256,literal,512,16,10000,0.60,28,1,1,1356,10,9,0
bytes256,literal,512,16,10000,0.60,28,0,0,,,,0
bytes256,literal,512,16,10000,0.60,29,1,1,1356,10,9,0
bytes256,literal,512,16,10000,0.60,29,0,0,,,,0
bytes256,literal,512,16,10000,0.60,30,1,1,1356,10,9,0
bytes256,literal,512,16,10000,0.60,30,0,0,,,,0
bytes256,literal,512,16,10000,0.60,31,1,1,1356,10,9,0
bytes256,literal,512,16,10000,0.60,31,0,0,,,,0
bytes256,literal,512,16,10000,0.60,32,1,1,1356,10,9,0
bytes256,literal,512,16,10000,0.60,32,0,0,,,,0
bytes256,literal,512,16,10000,0.60,33,1,1,1356,10,9,0
bytes256,literal,512,16,10000,0.60,33,0,0,,,,0
bytes256,literal,512,16,10000,0.60,34,1,1,1356,10,9,0
bytes256,literal,512,16,10000,0.60,34,0,0,,,,0
bytes256,literal,512,16,10000,0.60,35,1,1,1356,10,9,0
bytes256,literal,512,16,10000,0.60,35,0,0,,,,0
bytes256,literal,512,16,10000,0.60,36,1,1,1356,10,9,0
bytes256,literal,512,16,10000,0.60,36,0,0,,,,0
bytes256,literal,512,16,10000,0.60,37,1,1,1356,10,9,0
bytes256,literal,512,16,10000,0.60,37,0,0,,,,0
bytes256,literal,512,16,10000,0.60,38,1,1,1356,10,9,0
bytes256,literal,512,16,10000,0.60,38,0,0,,,,0
bytes256,literal,512,16,10000,0.60,39,1,1,1356,10,9,0
bytes256,literal,512,16,10000,0.60,39,0,0,,,,0
bytes256,literal,512,16,10000,0.60,40,1,1,1356,10,9,0
bytes256,literal,512,16,10000,0.60,40,0,0,,,,0
bytes256,literal,512,16,10000,0.60,41,1,1,1356,10,9,0
bytes256,literal,512,16,10000,0.60,41,0,0,,,,0
bytes256,literal,512,16,10000,0.60,42,1,1,1356,10,9,0
bytes256,literal,512,16,10000,0.60,42,0,0,,,,0
bytes256,literal,512,16,10000,0.60,43,1,1,1356,10,9,0
bytes256,literal,512,16,10000,0.60,43,0,0,,,,0
bytes256,literal,512,16,10000,0.60,44,1,1,1356,10,9,0
bytes256,literal,512,16,10000,0.60,44,0,0,,,,0
bytes256,literal,512,16,10000,0.60,45,1,1,1356,10,9,0
bytes256,literal,512,16,10000,0.60,45,0,0,,,,0
bytes256,literal,512,16,10000,0.60,46,1,1,1356,10,9,0
bytes256,literal,512,16,10000,0.60,46,0,0,,,,0
bytes256,literal,512,16,10000,0.60,47,1,1,1356,10,9,0
bytes256,literal,512,16,10000,0.60,47,0,0,,,,0
bytes256,literal,512,16,10000,0.60,48,1,1,1356,10,9,0
bytes256,literal,512,16,10000,0.60,48,0,0,,,,0
bytes256,literal,512,16,10000,0.60,49,1,1,1356,10,9,0
bytes256,literal,512,16,10000,0.60,49,0,0,,,,0
bytes256,literal,512,16,10000,0.60,50,1,1,1356,10,9,0
bytes256,literal,512,16,10000,0.60,50,0,0,,,,0
bytes256,literal,512,16,10000,0.60,51,1,1,1356,10,9,0
bytes256,literal,512,16,10000,0.60,51,0,0,,,,0
bytes256,literal,512,16,10000,0.60,52,1,1,1356,10,9,0
bytes256,literal,512,16,10000,0.60,52,0,0,,,,0
bytes256,literal,512,16,10000,0.60,53,1,1,1356,10,9,0
bytes256,literal,512,16,10000,0.60,53,0,0,,,,0
bytes256,literal,512,16,10000,0.60,54,1,1,1356,10,9,0
bytes256,literal,512,16,10000,0.60,54,0,0,,,,0
bytes256,literal,512,16,10000,0.60,55,1,1,1356,10,9,0
bytes256,literal,512,16,10000,0.60,55,0,0,,,,0
bytes256,literal,512,16,10000,0.60,56,1,1,1356,10,9,0
bytes256,literal,512,16,10000,0.60,56,0,0,,,,0
bytes256,literal,512,16,10000,0.60,57,1,1,1356,10,9,0
bytes256,literal,512,16,10000,0.60,57,0,0,,,,0
bytes256,literal,512,16,10000,0.60,58,1,1,1356,10,9,0
bytes256,literal,512,16,10000,0.60,58,0,0,,,,0
bytes256,literal,512,16,10000,0.60,59,1,1,1356,10,9,0
bytes256,literal,512,16,10000,0.60,59,0,0,,,,0
bytes256,literal,512,16,10000,0.60,60,1,1,1356,10,9,0
bytes256,literal,512,16,10000,0.60,60,0,0,,,,0
bytes256,literal,512,16,10000,0.60,61,1,1,1356,10,9,0
bytes256,literal,512,16,10000,0.60,61,0,0,,,,0
bytes256,literal,512,16,10000,0.60,62,1,1,1356,10,9,0
bytes256,literal,512,16,10000,0.60,62,0,0,,,,0
bytes256,literal,512,16,10000,0.60,63,1,1,1356,10,9,0
bytes256,literal,512,16,10000,0.60,63,0,0,,,,0
bytes256,literal,512,16,10000,0.60,64,1,1,1356,10,9,0
bytes256,literal,512,16,10000,0.60,64,0,0,,,,0
bytes256,literal,512,16,10000,0.60,65,1,1,1356,10,9,0
bytes256,literal,512,16,10000,0.60,65,0,0,,,,0
bytes256,literal,512,16,10000,0.60,66,1,1,1356,10,9,0
bytes256,literal,512,16,10000,0.60,66,0,0,,,,0
bytes256,literal,512,16,10000,0.60,67,1,1,1356,10,9,0
bytes256,literal,512,16,10000,0.60,67,0,0,,,,0
bytes256,literal,512,16,10000,0.60,68,1,1,1356,10,9,0
bytes256,literal,512,16,10000,0.60,68,0,0,,,,0
bytes256,literal,512,16,10000,0.60,69,1,1,1356,10,9,0
bytes256,literal,512,16,10000,0.60,69,0,0,,,,0
bytes256,literal,512,16,10000,0.60,70,1,1,1356,10,9,0
bytes256,literal,512,16,10000,0.60,70,0,0,,,,0
bytes256,literal,512,16,10000,0.60,71,1,1,1356,10,9,0
bytes256,literal,512,16,10000,0.60,71,0,0,,,,0
bytes256,literal,512,16,10000,0.60,72,1,1,1356,10,9,0
bytes256,literal,512,16,10000,0.60,72,0,0,,,,0
bytes256,literal,512,16,10000,0.60,73,1,1,1356,10,9,0
bytes256,literal,512,16,10000,0.60,73,0,0,,,,0
bytes256,literal,512,16,10000,0.60,74,1,1,1356,10,9,0
bytes256,literal,512,16,10000,0.60,74,0,0,,,,0
bytes256,literal,512,16,10000,0.60,75,1,1,1356,10,9,0
bytes256,literal,512,16,10000,0.60,75,0,0,,,,0
bytes256,literal,512,16,10000,0.60,76,1,1,1356,10,9,0
bytes256,literal,512,16,10000,0.60,76,0,0,,,,0
bytes256,literal,512,16,10000,0.60,77,1,1,1356,10,9,0
bytes256,literal,512,16,10000,0.60,77,0,0,,,,0
bytes256,literal,512,16,10000,0.60,78,1,1,1356,10,9,0
bytes256,literal,512,16,10000,0.60,78,0,0,,,,0
bytes256,literal,512,16,10000,0.60,79,1,1,1356,10,9,0
bytes256,literal,512,16,10000,0.60,79,0,0,,,,0
bytes256,literal,512,16,10000,0.60,80,1,1,1356,10,9,0
bytes256,literal,512,16,10000,0.60,80,0,0,,,,0
bytes256,literal,512,16,10000,0.60,81,1,1,1356,10,9,0
bytes256,literal,512,16,10000,0.60,81,0,0,,,,0
bytes256,literal,512,16,10000,0.60,82,1,1,1356,10,9,0
bytes256,literal,512,16,10000,0.60,82,0,0,,,,0
bytes256,literal,512,16,10000,0.60,83,1,1,1356,10,9,0
bytes256,literal,512,16,10000,0.60,83,0,0,,,,0
bytes256,literal,512,16,10000,0.60,84,1,1,1356,10,9,0
bytes256,literal,512,16,10000,0.60,84,0,0,,,,0
bytes256,literal,512,16,10000,0.60,85,1,1,1356,10,9,0
bytes256,literal,512,16,10000,0.60,85,0,0,,,,0
bytes256,literal,512,16,10000,0.60,86,1,1,1356,10,9,0
bytes256,literal,512,16,10000,0.60,86,0,0,,,,0
bytes256,literal,512,16,10000,0.60,87,1,1,1356,10,9,0
bytes256,literal,512,16,10000,0.60,87,0,0,,,,0
bytes256,literal,512,16,10000,0.60,88,1,1,1356,10,9,0
bytes256,literal,512,16,10000,0.60,88,0,0,,,,0
bytes256,literal,512,16,10000,0.60,89,1,1,1356,10,9,0
bytes256,literal,512,16,10000,0.60,89,0,0,,,,0
bytes256,literal,512,16,10000,0.60,90,1,1,1356,10,9,0
bytes256,literal,512,16,10000,0.60,90,0,0,,,,0
bytes256,literal,512,16,10000,0.60,91,1,1,1356,10,9,0
bytes256,literal,512,16,10000,0.60,91,0,0,,,,0
bytes256,literal,512,16,10000,0.60,92,1,1,1356,10,9,0
bytes256,literal,512,16,10000,0.60,92,0,0,,,,0
bytes256,literal,512,16,10000,0.60,93,1,1,1356,10,9,0
bytes256,literal,512,16,10000,0.60,93,0,0,,,,0
bytes256,literal,512,16,10000,0.60,94,1,1,1356,10,9,0
bytes256,literal,512,16,10000,0.60,94,0,0,,,,0
bytes256,literal,512,16,10000,0.60,95,1,1,1356,10,9,0
bytes256,literal,512,16,10000,0.60,95,0,0,,,,0
bytes256,literal,512,16,10000,0.60,96,1,1,1356,10,9,0
bytes256,literal,512,16,10000,0.60,96,0,0,,,,0
bytes256,literal,512,16,10000,0.60,97,1,1,1356,10,9,0
bytes256,literal,512,16,10000,0.60,97,0,0,,,,0
bytes256,literal,512,16,10000,0.60,98,1,1,1356,10,9,0
bytes256,literal,512,16,10000,0.60,98,0,0,,,,0
bytes256,literal,512,16,10000,0.60,99,1,1,1356,10,9,0
bytes256,literal,512,16,10000,0.60,99,0,0,,,,0
bytes256,literal,512,16,10000,0.60,100,1,1,1356,10,9,0
bytes256,literal,512,16,10000,0.60,100,0,0,,,,0
bytes256,literal,512,16,10000,0.70,1,1,1,1356,12,11,0
bytes256,literal,512,16,10000,0.70,1,0,0,,,,0
bytes256,literal,512,16,10000,0.70,2,1,1,1356,12,11,0
bytes256,literal,512,16,10000,0.70,2,0,0,,,,0
bytes256,literal,512,16,10000,0.70,3,1,1,1356,12,11,0
bytes256,literal,512,16,10000,0.70,3,0,0,,,,0
bytes256,literal,512,16,10000,0.70,4,1,1,1356,12,11,0
bytes256,literal,512,16,10000,0.70,4,0,0,,,,0
bytes256,literal,512,16,10000,0.70,5,1,1,1356,12,11,0
bytes256,literal,512,16,10000,0.70,5,0,0,,,,0
bytes256,literal,512,16,10000,0.70,6,1,1,1356,12,11,0
bytes256,literal,512,16,10000,0.70,6,0,0,,,,0
bytes256,literal,512,16,10000,0.70,7,1,1,1356,12,11,0
bytes256,literal,512,16,10000,0.70,7,0,0,,,,0
bytes256,literal,512,16,10000,0.70,8,1,1,1356,12,11,0
bytes256,literal,512,16,10000,0.70,8,0,0,,,,0
bytes256,literal,512,16,10000,0.70,9,1,1,1356,12,11,0
bytes256,literal,512,16,10000,0.70,9,0,0,,,,0
bytes256,literal,512,16,10000,0.70,10,1,1,1356,12,11,0
bytes256,literal,512,16,10000,0.70,10,0,0,,,,0
bytes256,literal,512,16,10000,0.70,11,1,1,1356,12,11,0
bytes256,literal,512,16,10000,0.70,11,0,0,,,,0
bytes256,literal,512,16,10000,0.70,12,1,1,1356,12,11,0
bytes256,literal,512,16,10000,0.70,12,0,0,,,,0
bytes256,literal,512,16,10000,0.70,13,1,1,1356,12,11,0
bytes256,literal,512,16,10000,0.70,13,0,0,,,,0
bytes256,literal,512,16,10000,0.70,14,1,1,1356,12,11,0
bytes256,literal,512,16,10000,0.70,14,0,0,,,,0
bytes256,literal,512,16,10000,0.70,15,1,1,1356,12,11,0
bytes256,literal,512,16,10000,0.70,15,0,0,,,,0
bytes256,literal,512,16,10000,0.70,16,1,1,1356,12,11,0
bytes256,literal,512,16,10000,0.70,16,0,0,,,,0
bytes256,literal,512,16,10000,0.70,17,1,1,1356,12,11,0
bytes256,literal,512,16,10000,0.70,17,0,0,,,,0
bytes256,literal,512,16,10000,0.70,18,1,1,1356,12,11,0
bytes256,literal,512,16,10000,0.70,18,0,0,,,,0
bytes256,literal,512,16,10000,0.70,19,1,1,1356,12,11,0
bytes256,literal,512,16,10000,0.70,19,0,0,,,,0
bytes256,literal,512,16,10000,0.70,20,1,1,1356,12,11,0
bytes256,literal,512,16,10000,0.70,20,0,0,,,,0
bytes256,literal,512,16,10000,0.70,21,1,1,1356,12,11,0
bytes256,literal,512,16,10000,0.70,21,0,0,,,,0
bytes256,literal,512,16,10000,0.70,22,1,1,1356,12,11,0
bytes256,literal,512,16,10000,0.70,22,0,0,,,,0
bytes256,literal,512,16,10000,0.70,23,1,1,1356,12,11,0
bytes256,literal,512,16,10000,0.70,23,0,0,,,,0
bytes256,literal,512,16,10000,0.70,24,1,1,1356,12,11,0
bytes256,literal,512,16,10000,0.70,24,0,0,,,,0
bytes256,literal,512,16,10000,0.70,25,1,1,1356,12,11,0
bytes256,literal,512,16,10000,0.70,25,0,0,,,,0
bytes256,literal,512,16,10000,0.70,26,1,1,1356,12,11,0
bytes256,literal,512,16,10000,0.70,26,0,0,,,,0
bytes256,literal,512,16,10000,0.70,27,1,1,1356,12,11,0
bytes256,literal,512,16,10000,0.70,27,0,0,,,,0
bytes256,literal,512,16,10000,0.70,28,1,1,1356,12,11,0
bytes256,literal,512,16,10000,0.70,28,0,0,,,,0
bytes256,literal,512,16,10000,0.70,29,1,1,1356,12,11,0
bytes256,literal,512,16,10000,0.70,29,0,0,,,,0
bytes256,literal,512,16,10000,0.70,30,1,1,1356,12,11,0
bytes256,literal,512,16,10000,0.70,30,0,0,,,,0
bytes256,literal,512,16,10000,0.70,31,1,1,1356,12,11,0
bytes256,literal,512,16,10000,0.70,31,0,0,,,,0
bytes256,literal,512,16,10000,0.70,32,1,1,1356,12,11,0
bytes256,literal,512,16,10000,0.70,32,0,0,,,,0
bytes256,literal,512,16,10000,0.70,33,1,1,1356,12,11,0
bytes256,literal,512,16,10000,0.70,33,0,0,,,,0
bytes256,literal,512,16,10000,0.70,34,1,1,1356,12,11,0
bytes256,literal,512,16,10000,0.70,34,0,0,,,,0
bytes256,literal,512,16,10000,0.70,35,1,1,1356,12,11,0
bytes256,literal,512,16,10000,0.70,35,0,0,,,,0
bytes256,literal,512,16,10000,0.70,36,1,1,1356,12,11,0
bytes256,literal,512,16,10000,0.70,36,0,0,,,,0
bytes256,literal,512,16,10000,0.70,37,1,1,1356,12,11,0
bytes256,literal,512,16,10000,0.70,37,0,0,,,,0
bytes256,literal,512,16,10000,0.70,38,1,1,1356,12,11,0
bytes256,literal,512,16,10000,0.70,38,0,0,,,,0
bytes256,literal,512,16,10000,0.70,39,1,1,1356,12,11,0
bytes256,literal,512,16,10000,0.70,39,0,0,,,,0
bytes256,literal,512,16,10000,0.70,40,1,1,1356,12,11,0
bytes256,literal,512,16,10000,0.70,40,0,0,,,,0
bytes256,literal,512,16,10000,0.70,41,1,1,1356,12,11,0
bytes256,literal,512,16,10000,0.70,41,0,0,,,,0
bytes256,literal,512,16,10000,0.70,42,1,1,1356,12,11,0
bytes256,literal,512,16,10000,0.70,42,0,0,,,,0
bytes256,literal,512,16,10000,0.70,43,1,1,1356,12,11,0
bytes256,literal,512,16,10000,0.70,43,0,0,,,,0
bytes256,literal,512,16,10000,0.70,44,1,1,1356,12,11,0
bytes256,literal,512,16,10000,0.70,44,0,0,,,,0
bytes256,literal,512,16,10000,0.70,45,1,1,1356,12,11,0
bytes256,literal,512,16,10000,0.70,45,0,0,,,,0
bytes256,literal,512,16,10000,0.70,46,1,1,1356,12,11,0
bytes256,literal,512,16,10000,0.70,46,0,0,,,,0
bytes256,literal,512,16,10000,0.70,47,1,1,1356,12,11,0
bytes256,literal,512,16,10000,0.70,47,0,0,,,,0
bytes256,literal,512,16,10000,0.70,48,1,1,1356,12,11,0
bytes256,literal,512,16,10000,0.70,48,0,0,,,,0
bytes256,literal,512,16,10000,0.70,49,1,1,1356,12,11,0
bytes256,literal,512,16,10000,0.70,49,0,0,,,,0
bytes256,literal,512,16,10000,0.70,50,1,1,1356,12,11,0
bytes256,literal,512,16,10000,0.70,50,0,0,,,,0
bytes256,literal,512,16,10000,0.70,51,1,1,1356,12,11,0
bytes256,literal,512,16,10000,0.70,51,0,0,,,,0
bytes256,literal,512,16,10000,0.70,52,1,1,1356,12,11,0
bytes256,literal,512,16,10000,0.70,52,0,0,,,,0
bytes256,literal,512,16,10000,0.70,53,1,1,1356,12,11,0
bytes256,literal,512,16,10000,0.70,53,0,0,,,,0
bytes256,literal,512,16,10000,0.70,54,1,1,1356,12,11,0
bytes256,literal,512,16,10000,0.70,54,0,0,,,,0
bytes256,literal,512,16,10000,0.70,55,1,1,1356,12,11,0
bytes256,literal,512,16,10000,0.70,55,0,0,,,,0
bytes256,literal,512,16,10000,0.70,56,1,1,1356,12,11,0
bytes256,literal,512,16,10000,0.70,56,0,0,,,,0
bytes256,literal,512,16,10000,0.70,57,1,1,1356,12,11,0
bytes256,literal,512,16,10000,0.70,57,0,0,,,,0
bytes256,literal,512,16,10000,0.70,58,1,1,1356,12,11,0
bytes256,literal,512,16,10000,0.70,58,0,0,,,,0
bytes256,literal,512,16,10000,0.70,59,1,1,1356,12,11,0
bytes256,literal,512,16,10000,0.70,59,0,0,,,,0
bytes256,literal,512,16,10000,0.70,60,1,1,1356,12,11,0
bytes256,literal,512,16,10000,0.70,60,0,0,,,,0
bytes256,literal,512,16,10000,0.70,61,1,1,1356,12,11,0
bytes256,literal,512,16,10000,0.70,61,0,0,,,,0
bytes256,literal,512,16,10000,0.70,62,1,1,1356,12,11,0
bytes256,literal,512,16,10000,0.70,62,0,0,,,,0
bytes256,literal,512,16,10000,0.70,63,1,1,1356,12,11,0
bytes256,literal,512,16,10000,0.70,63,0,0,,,,0
bytes256,literal,512,16,10000,0.70,64,1,1,1356,12,11,0
bytes256,literal,512,16,10000,0.70,64,0,0,,,,0
bytes256,literal,512,16,10000,0.70,65,1,1,1356,12,11,0
bytes256,literal,512,16,10000,0.70,65,0,0,,,,0
bytes256,literal,512,16,10000,0.70,66,1,1,1356,12,11,0
bytes256,literal,512,16,10000,0.70,66,0,0,,,,0
bytes256,literal,512,16,10000,0.70,67,1,1,1356,12,11,0
bytes256,literal,512,16,10000,0.70,67,0,0,,,,0
bytes256,literal,512,16,10000,0.70,68,1,1,1356,12,11,0
bytes256,literal,512,16,10000,0.70,68,0,0,,,,0
bytes256,literal,512,16,10000,0.70,69,1,1,1356,12,11,0
bytes256,literal,512,16,10000,0.70,69,0,0,,,,0
bytes256,literal,512,16,10000,0.70,70,1,1,1356,12,11,0
bytes256,literal,512,16,10000,0.70,70,0,0,,,,0
bytes256,literal,512,16,10000,0.70,71,1,1,1356,12,11,0
bytes256,literal,512,16,10000,0.70,71,0,0,,,,0
bytes256,literal,512,16,10000,0.70,72,1,1,1356,12,11,0
bytes256,literal,512,16,10000,0.70,72,0,0,,,,0
bytes256,literal,512,16,10000,0.70,73,1,1,1356,12,11,0
bytes256,literal,512,16,10000,0.70,73,0,0,,,,0
bytes256,literal,512,16,10000,0.70,74,1,1,1356,12,11,0
bytes256,literal,512,16,10000,0.70,74,0,0,,,,0
bytes256,literal,512,16,10000,0.70,75,1,1,1356,12,11,0
bytes256,literal,512,16,10000,0.70,75,0,0,,,,0
bytes256,literal,512,16,10000,0.70,76,1,1,1356,12,11,0
bytes256,literal,512,16,10000,0.70,76,0,0,,,,0
bytes256,literal,512,16,10000,0.70,77,1,1,1356,12,11,0
bytes256,literal,512,16,10000,0.70,77,0,0,,,,0
bytes256,literal,512,16,10000,0.70,78,1,1,1356,12,11,0
bytes256,literal,512,16,10000,0.70,78,0,0,,,,0
bytes256,literal,512,16,10000,0.70,79,1,1,1356,12,11,0
bytes256,literal,512,16,10000,0.70,79,0,0,,,,0
bytes256,literal,512,16,10000,0.70,80,1,1,1356,12,11,0
bytes256,literal,512,16,10000,0.70,80,0,0,,,,0
bytes256,literal,512,16,10000,0.70,81,1,1,1356,12,11,0
bytes256,literal,512,16,10000,0.70,81,0,0,,,,0
bytes256,literal,512,16,10000,0.70,82,1,1,1356,12,11,0
bytes256,literal,512,16,10000,0.70,82,0,0,,,,0
bytes256,literal,512,16,10000,0.70,83,1,1,1356,12,11,0
bytes256,literal,512,16,10000,0.70,83,0,0,,,,0
bytes256,literal,512,16,10000,0.70,84,1,1,1356,12,11,0
bytes256,literal,512,16,10000,0.70,84,0,0,,,,0
bytes256,literal,512,16,10000,0.70,85,1,1,1356,12,11,0
bytes256,literal,512,16,10000,0.70,85,0,0,,,,0
bytes256,literal,512,16,10000,0.70,86,1,1,1356,12,11,0
bytes256,literal,512,16,10000,0.70,86,0,0,,,,0
bytes256,literal,512,16,10000,0.70,87,1,1,1356,12,11,0
bytes256,literal,512,16,10000,0.70,87,0,0,,,,0
bytes256,literal,512,16,10000,0.70,88,1,1,1356,12,11,0
bytes256,literal,512,16,10000,0.70,88,0,0,,,,0
bytes256,literal,512,16,10000,0.70,89,1,1,1356,12,11,0
bytes256,literal,512,16,10000,0.70,89,0,0,,,,0
bytes256,literal,512,16,10000,0.70,90,1,1,1356,12,11,0
bytes256,literal,512,16,10000,0.70,90,0,0,,,,0
bytes256,literal,512,16,10000,0.70,91,1,1,1356,12,11,0
bytes256,literal,512,16,10000,0.70,91,0,0,,,,0
bytes256,literal,512,16,10000,0.70,92,1,1,1356,12,11,0
bytes256,literal,512,16,10000,0.70,92,0,0,,,,0
bytes256,literal,512,16,10000,0.70,93,1,1,1356,12,11,0
bytes256,literal,512,16,10000,0.70,93,0,0,,,,0
bytes256,literal,512,16,10000,0.70,94,1,1,1356,12,11,0
bytes256,literal,512,16,10000,0.70,94,0,0,,,,0
bytes256,literal,512,16,10000,0.70,95,1,1,1356,12,11,0
bytes256,literal,512,16,10000,0.70,95,0,0,,,,0
bytes256,literal,512,16,10000,0.70,96,1,1,1356,12,11,0
bytes256,literal,512,16,10000,0.70,96,0,0,,,,0
bytes256,literal,512,16,10000,0.70,97,1,1,1356,12,11,0
bytes256,literal,512,16,10000,0.70,97,0,0,,,,0
bytes256,literal,512,16,10000,0.70,98,1,1,1356,12,11,0
bytes256,literal,512,16,10000,0.70,98,0,0,,,,0
bytes256,literal,512,16,10000,0.70,99,1,1,1356,12,11,0
bytes256,literal,512,16,10000,0.70,99,0,0,,,,0
bytes256,literal,512,16,10000,0.70,100,1,1,1356,12,11,0
bytes256,literal,512,16,10000,0.70,100,0,0,,,,0
bytes256,literal,512,16,10000,0.80,1,1,1,1356,13,12,0
bytes256,literal,512,16,10000,0.80,1,0,0,,,,0
bytes256,literal,512,16,10000,0.80,2,1,1,1356,13,12,0
bytes256,literal,512,16,10000,0.80,2,0,0,,,,0
bytes256,literal,512,16,10000,0.80,3,1,1,1356,13,12,0
bytes256,literal,512,16,10000,0.80,3,0,0,,,,0
bytes256,literal,512,16,10000,0.80,4,1,1,1356,13,12,0
bytes256,literal,512,16,10000,0.80,4,0,0,,,,0
bytes256,literal,512,16,10000,0.80,5,1,1,1356,13,12,0
bytes256,literal,512,16,10000,0.80,5,0,0,,,,0
bytes256,literal,512,16,10000,0.80,6,1,1,1356,13,12,0
bytes256,literal,512,16,10000,0.80,6,0,0,,,,0
bytes256,literal,512,16,10000,0.80,7,1,1,1356,13,12,0
bytes256,literal,512,16,10000,0.80,7,0,0,,,,0
bytes256,literal,512,16,10000,0.80,8,1,1,1356,13,12,0
bytes256,literal,512,16,10000,0.80,8,0,0,,,,0
bytes256,literal,512,16,10000,0.80,9,1,1,1356,13,12,0
bytes256,literal,512,16,10000,0.80,9,0,0,,,,0
bytes256,literal,512,16,10000,0.80,10,1,1,1356,13,12,0
bytes256,literal,512,16,10000,0.80,10,0,0,,,,0
bytes256,literal,512,16,10000,0.80,11,1,1,1356,13,12,0
bytes256,literal,512,16,10000,0.80,11,0,0,,,,0
bytes256,literal,512,16,10000,0.80,12,1,1,1356,13,12,0
bytes256,literal,512,16,10000,0.80,12,0,0,,,,0
bytes256,literal,512,16,10000,0.80,13,1,1,1356,13,12,0
bytes256,literal,512,16,10000,0.80,13,0,0,,,,0
bytes256,literal,512,16,10000,0.80,14,1,1,1356,13,12,0
bytes256,literal,512,16,10000,0.80,14,0,0,,,,0
bytes256,literal,512,16,10000,0.80,15,1,1,1356,13,12,0
bytes256,literal,512,16,10000,0.80,15,0,0,,,,0
bytes256,literal,512,16,10000,0.80,16,1,1,1356,13,12,0
bytes256,literal,512,16,10000,0.80,16,0,0,,,,0
bytes256,literal,512,16,10000,0.80,17,1,1,1356,13,12,0
bytes256,literal,512,16,10000,0.80,17,0,0,,,,0
bytes256,literal,512,16,10000,0.80,18,1,1,1356,13,12,0
bytes256,literal,512,16,10000,0.80,18,0,0,,,,0
bytes256,literal,512,16,10000,0.80,19,1,1,1356,13,12,0
bytes256,literal,512,16,10000,0.80,19,0,0,,,,0
bytes256,literal,512,16,10000,0.80,20,1,1,1356,13,12,0
bytes256,literal,512,16,10000,0.80,20,0,0,,,,0
bytes256,literal,512,16,10000,0.80,21,1,1,1356,13,12,0
bytes256,literal,512,16,10000,0.80,21,0,0,,,,0
bytes256,literal,512,16,10000,0.80,22,1,1,1356,13,12,0
bytes256,literal,512,16,10000,0.80,22,0,0,,,,0
bytes256,literal,512,16,10000,0.80,23,1,1,1356,13,12,0
bytes256,literal,512,16,10000,0.80,23,0,0,,,,0
bytes256,literal,512,16,10000,0.80,24,1,1,1356,13,12,0
bytes256,literal,512,16,10000,0.80,24,0,0,,,,0
bytes256,literal,512,16,10000,0.80,25,1,1,1356,13,12,0
bytes256,literal,512,16,10000,0.80,25,0,0,,,,0
bytes256,literal,512,16,10000,0.80,26,1,1,1356,13,12,0
bytes256,literal,512,16,10000,0.80,26,0,0,,,,0
bytes256,literal,512,16,10000,0.80,27,1,1,1356,13,12,0
bytes256,literal,512,16,10000,0.80,27,0,0,,,,0
bytes256,literal,512,16,10000,0.80,28,1,1,1356,13,12,0
bytes256,literal,512,16,10000,0.80,28,0,0,,,,0
bytes256,literal,512,16,10000,0.80,29,1,1,1356,13,12,0
bytes256,literal,512,16,10000,0.80,29,0,0,,,,0
bytes256,literal,512,16,10000,0.80,30,1,1,1356,13,12,0
bytes256,literal,512,16,10000,0.80,30,0,0,,,,0
bytes256,literal,512,16,10000,0.80,31,1,1,1356,13,12,0
bytes256,literal,512,16,10000,0.80,31,0,0,,,,0
bytes256,literal,512,16,10000,0.80,32,1,1,1356,13,12,0
bytes256,literal,512,16,10000,0.80,32,0,0,,,,0
bytes256,literal,512,16,10000,0.80,33,1,1,1356,13,12,0
bytes256,literal,512,16,10000,0.80,33,0,0,,,,0
bytes256,literal,512,16,10000,0.80,34,1,1,1356,13,12,0
bytes256,literal,512,16,10000,0.80,34,0,0,,,,0
bytes256,literal,512,16,10000,0.80,35,1,1,1356,13,12,0
bytes256,literal,512,16,10000,0.80,35,0,0,,,,0
bytes256,literal,512,16,10000,0.80,36,1,1,1356,13,12,0
bytes256,literal,512,16,10000,0.80,36,0,0,,,,0
bytes256,literal,512,16,10000,0.80,37,1,1,1356,13,12,0
bytes256,literal,512,16,10000,0.80,37,0,0,,,,0
bytes256,literal,512,16,10000,0.80,38,1,1,1356,13,12,0
bytes256,literal,512,16,10000,0.80,38,0,0,,,,0
bytes256,literal,512,16,10000,0.80,39,1,1,1356,13,12,0
bytes256,literal,512,16,10000,0.80,39,0,0,,,,0
bytes256,literal,512,16,10000,0.80,40,1,1,1356,13,12,0
bytes256,literal,512,16,10000,0.80,40,0,0,,,,0
bytes256,literal,512,16,10000,0.80,41,1,1,1356,13,12,0
bytes256,literal,512,16,10000,0.80,41,0,0,,,,0
bytes256,literal,512,16,10000,0.80,42,1,1,1356,13,12,0
bytes256,literal,512,16,10000,0.80,42,0,0,,,,0
bytes256,literal,512,16,10000,0.80,43,1,1,1356,13,12,0
bytes256,literal,512,16,10000,0.80,43,0,0,,,,0
bytes256,literal,512,16,10000,0.80,44,1,1,1356,13,12,0
bytes256,literal,512,16,10000,0.80,44,0,0,,,,0
bytes256,literal,512,16,10000,0.80,45,1,1,1356,13,12,0
bytes256,literal,512,16,10000,0.80,45,0,0,,,,0
bytes256,literal,512,16,10000,0.80,46,1,1,1356,13,12,0
bytes256,literal,512,16,10000,0.80,46,0,0,,,,0
bytes256,literal,512,16,10000,0.80,47,1,1,1356,13,12,0
bytes256,literal,512,16,10000,0.80,47,0,0,,,,0
bytes256,literal,512,16,10000,0.80,48,1,1,1356,13,12,0
bytes256,literal,512,16,10000,0.80,48,0,0,,,,0
bytes256,literal,512,16,10000,0.80,49,1,1,1356,13,12,0
bytes256,literal,512,16,10000,0.80,49,0,0,,,,0
bytes256,literal,512,16,10000,0.80,50,1,1,1356,13,12,0
bytes256,literal,512,16,10000,0.80,50,0,0,,,,0
bytes256,literal,512,16,10000,0.80,51,1,1,1356,13,12,0
bytes256,literal,512,16,10000,0.80,51,0,0,,,,0
bytes256,literal,512,16,10000,0.80,52,1,1,1356,13,12,0
bytes256,literal,512,16,10000,0.80,52,0,0,,,,0
bytes256,literal,512,16,10000,0.80,53,1,1,1356,13,12,0
bytes256,literal,512,16,10000,0.80,53,0,0,,,,0
bytes256,literal,512,16,10000,0.80,54,1,1,1356,13,12,0
bytes256,literal,512,16,10000,0.80,54,0,0,,,,0
bytes256,literal,512,16,10000,0.80,55,1,1,1356,13,12,0
bytes256,literal,512,16,10000,0.80,55,0,0,,,,0
bytes256,literal,512,16,10000,0.80,56,1,1,1356,13,12,0
bytes256,literal,512,16,10000,0.80,56,0,0,,,,0
bytes256,literal,512,16,10000,0.80,57,1,1,1356,13,12,0
bytes256,literal,512,16,10000,0.80,57,0,0,,,,0
bytes256,literal,512,16,10000,0.80,58,1,1,1356,13,12,0
bytes256,literal,512,16,10000,0.80,58,0,0,,,,0
bytes256,literal,512,16,10000,0.80,59,1,1,1356,13,12,0
bytes256,literal,512,16,10000,0.80,59,0,0,,,,0
bytes256,literal,512,16,10000,0.80,60,1,1,1356,13,12,0
bytes256,literal,512,16,10000,0.80,60,0,0,,,,0
bytes256,literal,512,16,10000,0.80,61,1,1,1356,13,12,0
bytes256,literal,512,16,10000,0.80,61,0,0,,,,0
bytes256,literal,512,16,10000,0.80,62,1,1,1356,13,12,0
bytes256,literal,512,16,10000,0.80,62,0,0,,,,0
bytes256,literal,512,16,10000,0.80,63,1,1,1356,13,12,0
bytes256,literal,512,16,10000,0.80,63,0,0,,,,0
bytes256,literal,512,16,10000,0.80,64,1,1,1356,13,12,0
bytes256,literal,512,16,10000,0.80,64,0,0,,,,0
bytes256,literal,512,16,10000,0.80,65,1,1,1356,13,12,0
bytes256,literal,512,16,10000,0.80,65,0,0,,,,0
bytes256,literal,512,16,10000,0.80,66,1,1,1356,13,12,0
bytes256,literal,512,16,10000,0.80,66,0,0,,,,0
bytes256,literal,512,16,10000,0.80,67,1,1,1356,13,12,0
bytes256,literal,512,16,10000,0.80,67,0,0,,,,0
bytes256,literal,512,16,10000,0.80,68,1,1,1356,13,12,0
bytes256,literal,512,16,10000,0.80,68,0,0,,,,0
bytes256,literal,512,16,10000,0.80,69,1,1,1356,13,12,0
bytes256,literal,512,16,10000,0.80,69,0,0,,,,0
bytes256,literal,512,16,10000,0.80,70,1,1,1356,13,12,0
bytes256,literal,512,16,10000,0.80,70,0,0,,,,0
bytes256,literal,512,16,10000,0.80,71,1,1,1356,13,12,0
bytes256,literal,512,16,10000,0.80,71,0,0,,,,0
bytes256,literal,512,16,10000,0.80,72,1,1,1356,13,12,0
bytes256,literal,512,16,10000,0.80,72,0,0,,,,0
bytes256,literal,512,16,10000,0.80,73,1,1,1356,13,12,0
bytes256,literal,512,16,10000,0.80,73,0,0,,,,0
bytes256,literal,512,16,10000,0.80,74,1,1,1356,13,12,0
bytes256,literal,512,16,10000,0.80,74,0,0,,,,0
bytes256,literal,512,16,10000,0.80,75,1,1,1356,13,12,0
bytes256,literal,512,16,10000,0.80,75,0,0,,,,0
bytes256,literal,512,16,10000,0.80,76,1,1,1356,13,12,0
bytes256,literal,512,16,10000,0.80,76,0,0,,,,0
bytes256,literal,512,16,10000,0.80,77,1,1,1356,13,12,0
bytes256,literal,512,16,10000,0.80,77,0,0,,,,0
bytes256,literal,512,16,10000,0.80,78,1,1,1356,13,12,0
bytes256,literal,512,16,10000,0.80,78,0,0,,,,0
bytes256,literal,512,16,10000,0.80,79,1,1,1356,13,12,0
bytes256,literal,512,16,10000,0.80,79,0,0,,,,0
bytes256,literal,512,16,10000,0.80,80,1,1,1356,13,12,0
bytes256,literal,512,16,10000,0.80,80,0,0,,,,0
bytes256,literal,512,16,10000,0.80,81,1,1,1356,13,12,0
bytes256,literal,512,16,10000,0.80,81,0,0,,,,0
bytes256,literal,512,16,10000,0.80,82,1,1,1356,13,12,0
bytes256,literal,512,16,10000,0.80,82,0,0,,,,0
bytes256,literal,512,16,10000,0.80,83,1,1,1356,13,12,0
bytes256,literal,512,16,10000,0.80,83,0,0,,,,0
bytes256,literal,512,16,10000,0.80,84,1,1,1356,13,12,0
bytes256,literal,512,16,10000,0.80,84,0,0,,,,0
bytes256,literal,512,16,10000,0.80,85,1,1,1356,13,12,0
bytes256,literal,512,16,10000,0.80,85,0,0,,,,0
bytes256,literal,512,16,10000,0.80,86,1,1,1356,13,12,0
bytes256,literal,512,16,10000,0.80,86,0,0,,,,0
bytes256,literal,512,16,10000,0.80,87,1,1,1356,13,12,0
bytes256,literal,512,16,10000,0.80,87,0,0,,,,0
bytes256,literal,512,16,10000,0.80,88,1,1,1356,13,12,0
bytes256,literal,512,16,10000,0.80,88,0,0,,,,0
bytes256,literal,512,16,10000,0.80,89,1,1,1356,13,12,0
bytes256,literal,512,16,10000,0.80,89,0,0,,,,0
bytes256,literal,512,16,10000,0.80,90,1,1,1356,13,12,0
bytes256,literal,512,16,10000,0.80,90,0,0,,,,0
bytes256,literal,512,16,10000,0.80,91,1,1,1356,13,12,0
bytes256,literal,512,16,10000,0.80,91,0,0,,,,0
bytes256,literal,512,16,10000,0.80,92,1,1,1356,13,12,0
bytes256,literal,512,16,10000,0.80,92,0,0,,,,0
bytes256,literal,512,16,10000,0.80,93,1,1,1356,13,12,0
bytes256,literal,512,16,10000,0.80,93,0,0,,,,0
bytes256,literal,512,16,10000,0.80,94,1,1,1356,13,12,0
bytes256,literal,512,16,10000,0.80,94,0,0,,,,0
bytes256,literal,512,16,10000,0.80,95,1,1,1356,13,12,0
bytes256,literal,512,16,10000,0.80,95,0,0,,,,0
bytes256,literal,512,16,10000,0.80,96,1,1,1356,13,12,0
bytes256,literal,512,16,10000,0.80,96,0,0,,,,0
bytes256,literal,512,16,10000,0.80,97,1,1,1356,13,12,0
bytes256,literal,512,16,10000,0.80,97,0,0,,,,0
bytes256,literal,512,16,10000,0.80,98,1,1,1356,13,12,0
bytes256,literal,512,16,10000,0.80,98,0,0,,,,0
bytes256,literal,512,16,10000,0.80,99,1,1,1356,13,12,0
bytes256,literal,512,16,10000,0.80,99,0,0,,,,0
bytes256,literal,512,16,10000,0.80,100,1,1,1356,13,12,0
bytes256,literal,512,16,10000,0.80,100,0,0,,,,0
bytes256,literal,512,16,10000,0.90,1,1,1,1356,15,14,0
bytes256,literal,512,16,10000,0.90,1,0,0,,,,0
bytes256,literal,512,16,10000,0.90,2,1,1,1356,15,14,0
bytes256,literal,512,16,10000,0.90,2,0,0,,,,0
bytes256,literal,512,16,10000,0.90,3,1,1,1356,15,14,0
bytes256,literal,512,16,10000,0.90,3,0,0,,,,0
bytes256,literal,512,16,10000,0.90,4,1,1,1356,15,14,0
bytes256,literal,512,16,10000,0.90,4,0,0,,,,0
bytes256,literal,512,16,10000,0.90,5,1,1,1356,15,14,0
bytes256,literal,512,16,10000,0.90,5,0,0,,,,0
bytes256,literal,512,16,10000,0.90,6,1,1,1356,15,14,0
bytes256,literal,512,16,10000,0.90,6,0,0,,,,0
bytes256,literal,512,16,10000,0.90,7,1,1,1356,15,14,0
bytes256,literal,512,16,10000,0.90,7,0,0,,,,0
bytes256,literal,512,16,10000,0.90,8,1,1,1356,15,14,0
bytes256,literal,512,16,10000,0.90,8,0,0,,,,0
bytes256,literal,512,16,10000,0.90,9,1,1,1356,15,14,0
bytes256,literal,512,16,10000,0.90,9,0,0,,,,0
bytes256,literal,512,16,10000,0.90,10,1,1,1356,15,14,0
bytes256,literal,512,16,10000,0.90,10,0,0,,,,0
bytes256,literal,512,16,10000,0.90,11,1,1,1356,15,14,0
bytes256,literal,512,16,10000,0.90,11,0,0,,,,0
bytes256,literal,512,16,10000,0.90,12,1,1,1356,15,14,0
bytes256,literal,512,16,10000,0.90,12,0,0,,,,0
bytes256,literal,512,16,10000,0.90,13,1,1,1356,15,14,0
bytes256,literal,512,16,10000,0.90,13,0,0,,,,0
bytes256,literal,512,16,10000,0.90,14,1,1,1356,15,14,0
bytes256,literal,512,16,10000,0.90,14,0,0,,,,0
bytes256,literal,512,16,10000,0.90,15,1,1,1356,15,14,0
bytes256,literal,512,16,10000,0.90,15,0,0,,,,0
bytes256,literal,512,16,10000,0.90,16,1,1,1356,15,14,0
bytes256,literal,512,16,10000,0.90,16,0,0,,,,0
bytes256,literal,512,16,10000,0.90,17,1,1,1356,15,14,0
bytes256,literal,512,16,10000,0.90,17,0,0,,,,0
bytes256,literal,512,16,10000,0.90,18,1,1,1356,15,14,0
bytes256,literal,512,16,10000,0.90,18,0,0,,,,0
bytes256,literal,512,16,10000,0.90,19,1,1,1356,15,14,0
bytes256,literal,512,16,10000,0.90,19,0,0,,,,0
bytes256,literal,512,16,10000,0.90,20,1,1,1356,15,14,0
bytes256,literal,512,16,10000,0.90,20,0,0,,,,0
bytes256,literal,512,16,10000,0.90,21,1,1,1356,15,14,0
bytes256,literal,512,16,10000,0.90,21,0,0,,,,0
bytes256,literal,512,16,10000,0.90,22,1,1,1356,15,14,0
bytes256,literal,512,16,10000,0.90,22,0,0,,,,0
bytes256,literal,512,16,10000,0.90,23,1,1,1356,15,14,0
bytes256,literal,512,16,10000,0.90,23,0,0,,,,0
bytes256,literal,512,16,10000,0.90,24,1,1,1356,15,14,0
bytes256,literal,512,16,10000,0.90,24,0,0,,,,0
bytes256,literal,512,16,10000,0.90,25,1,1,1356,15,14,0
bytes256,literal,512,16,10000,0.90,25,0,0,,,,0
bytes256,literal,512,16,10000,0.90,26,1,1,1356,15,14,0
bytes256,literal,512,16,10000,0.90,26,0,0,,,,0
bytes256,literal,512,16,10000,0.90,27,1,1,1356,15,14,0
bytes256,literal,512,16,10000,0.90,27,0,0,,,,0
bytes256,literal,512,16,10000,0.90,28,1,1,1356,15,14,0
bytes256,literal,512,16,10000,0.90,28,0,0,,,,0
bytes256,literal,512,16,10000,0.90,29,1,1,1356,15,14,0
bytes256,literal,512,16,10000,0.90,29,0,0,,,,0
bytes256,literal,512,16,10000,0.90,30,1,1,1356,15,14,0
bytes256,literal,512,16,10000,0.90,30,0,0,,,,0
bytes256,literal,512,16,10000,0.90,31,1,1,1356,15,14,0
bytes256,literal,512,16,10000,0.90,31,0,0,,,,0
bytes256,literal,512,16,10000,0.90,32,1,1,1356,15,14,0
bytes256,literal,512,16,10000,0.90,32,0,0,,,,0
bytes256,literal,512,16,10000,0.90,33,1,1,1356,15,14,0
bytes256,literal,512,16,10000,0.90,33,0,0,,,,0
bytes256,literal,512,16,10000,0.90,34,1,1,1356,15,14,0
bytes256,literal,512,16,10000,0.90,34,0,0,,,,0
bytes256,literal,512,16,10000,0.90,35,1,1,1356,15,14,0
bytes256,literal,512,16,10000,0.90,35,0,0,,,,0
bytes256,literal,512,16,10000,0.90,36,1,1,1356,15,14,0
bytes256,literal,512,16,10000,0.90,36,0,0,,,,0
bytes256,literal,512,16,10000,0.90,37,1,1,1356,15,14,0
bytes256,literal,512,16,10000,0.90,37,0,0,,,,0
bytes256,literal,512,16,10000,0.90,38,1,1,1356,15,14,0
bytes256,literal,512,16,10000,0.90,38,0,0,,,,0
bytes256,literal,512,16,10000,0.90,39,1,1,1356,15,14,0
bytes256,literal,512,16,10000,0.90,39,0,0,,,,0
bytes256,literal,512,16,10000,0.90,40,1,1,1356,15,14,0
bytes256,literal,512,16,10000,0.90,40,0,0,,,,0
bytes256,literal,512,16,10000,0.90,41,1,1,1356,15,14,0
bytes256,literal,512,16,10000,0.90,41,0,0,,,,0
bytes256,literal,512,16,10000,0.90,42,1,1,1356,15,14,0
bytes256,literal,512,16,10000,0.90,42,0,0,,,,0
bytes256,literal,512,16,10000,0.90,43,1,1,1356,15,14,0
bytes256,literal,512,16,10000,0.90,43,0,0,,,,0
bytes256,literal,512,16,10000,0.90,44,1,1,1356,15,14,0
bytes256,literal,512,16,10000,0.90,44,0,0,,,,0
bytes256,literal,512,16,10000,0.90,45,1,1,1356,15,14,0
bytes256,literal,512,16,10000,0.90,45,0,0,,,,0
bytes256,literal,512,16,10000,0.90,46,1,1,1356,15,14,0
bytes256,literal,512,16,10000,0.90,46,0,0,,,,0
bytes256,literal,512,16,10000,0.90,47,1,1,1356,15,14,0
bytes256,literal,512,16,10000,0.90,47,0,0,,,,0
bytes256,literal,512,16,10000,0.90,48,1,1,1356,15,14,0
bytes256,literal,512,16,10000,0.90,48,0,0,,,,0
bytes256,literal,512,16,10000,0.90,49,1,1,1356,15,14,0
bytes256,literal,512,16,10000,0.90,49,0,0,,,,0
bytes256,literal,512,16,10000,0.90,50,1,1,1356,15,14,0
bytes256,literal,512,16,10000,0.90,50,0,0,,,,0
bytes256,literal,512,16,10000,0.90,51,1,1,1356,15,14,0
bytes256,literal,512,16,10000,0.90,51,0,0,,,,0
bytes256,literal,512,16,10000,0.90,52,1,1,1356,15,14,0
bytes256,literal,512,16,10000,0.90,52,0,0,,,,0
bytes256,literal,512,16,10000,0.90,53,1,1,1356,15,14,0
bytes256,literal,512,16,10000,0.90,53,0,0,,,,0
bytes256,literal,512,16,10000,0.90,54,1,1,1356,15,14,0
bytes256,literal,512,16,10000,0.90,54,0,0,,,,0
bytes256,literal,512,16,10000,0.90,55,1,1,1356,15,14,0
bytes256,literal,512,16,10000,0.90,55,0,0,,,,0
bytes256,literal,512,16,10000,0.90,56,1,1,1356,15,14,0
bytes256,literal,512,16,10000,0.90,56,0,0,,,,0
bytes256,literal,512,16,10000,0.90,57,1,1,1356,15,14,0
bytes256,literal,512,16,10000,0.90,57,0,0,,,,0
bytes256,literal,512,16,10000,0.90,58,1,1,1356,15,14,0
bytes256,literal,512,16,10000,0.90,58,0,0,,,,0
bytes256,literal,512,16,10000,0.90,59,1,1,1356,15,14,0
bytes256,literal,512,16,10000,0.90,59,0,0,,,,0
bytes256,literal,512,16,10000,0.90,60,1,1,1356,15,14,0
bytes256,literal,512,16,10000,0.90,60,0,0,,,,0
bytes256,literal,512,16,10000,0.90,61,1,1,1356,15,14,0
bytes256,literal,512,16,10000,0.90,61,0,0,,,,0
bytes256,literal,512,16,10000,0.90,62,1,1,1356,15,14,0
bytes256,literal,512,16,10000,0.90,62,0,0,,,,0
bytes256,literal,512,16,10000,0.90,63,1,1,1356,15,14,0
bytes256,literal,512,16,10000,0.90,63,0,0,,,,0
bytes256,literal,512,16,10000,0.90,64,1,1,1356,15,14,0
bytes256,literal,512,16,10000,0.90,64,0,0,,,,0
bytes256,literal,512,16,10000,0.90,65,1,1,1356,15,14,0
bytes256,literal,512,16,10000,0.90,65,0,0,,,,0
bytes256,literal,512,16,10000,0.90,66,1,1,1356,15,14,0
bytes256,literal,512,16,10000,0.90,66,0,0,,,,0
bytes256,literal,512,16,10000,0.90,67,1,1,1356,15,14,0
bytes256,literal,512,16,10000,0.90,67,0,0,,,,0
bytes256,literal,512,16,10000,0.90,68,1,1,1356,15,14,0
bytes256,literal,512,16,10000,0.90,68,0,0,,,,0
bytes256,literal,512,16,10000,0.90,69,1,1,1356,15,14,0
bytes256,literal,512,16,10000,0.90,69,0,0,,,,0
bytes256,literal,512,16,10000,0.90,70,1,1,1356,15,14,0
bytes256,literal,512,16,10000,0.90,70,0,0,,,,0
bytes256,literal,512,16,10000,0.90,71,1,1,1356,15,14,0
bytes256,literal,512,16,10000,0.90,71,0,0,,,,0
bytes256,literal,512,16,10000,0.90,72,1,1,1356,15,14,0
bytes256,literal,512,16,10000,0.90,72,0,0,,,,0
bytes256,literal,512,16,10000,0.90,73,1,1,1356,15,14,0
bytes256,literal,512,16,10000,0.90,73,0,0,,,,0
bytes256,literal,512,16,10000,0.90,74,1,1,1356,15,14,0
bytes256,literal,512,16,10000,0.90,74,0,0,,,,0
bytes256,literal,512,16,10000,0.90,75,1,1,1356,15,14,0
bytes256,literal,512,16,10000,0.90,75,0,0,,,,0
bytes256,literal,512,16,10000,0.90,76,1,1,1356,15,14,0
bytes256,literal,512,16,10000,0.90,76,0,0,,,,0
bytes256,literal,512,16,10000,0.90,77,1,1,1356,15,14,0
bytes256,literal,512,16,10000,0.90,77,0,0,,,,0
bytes256,literal,512,16,10000,0.90,78,1,1,1356,15,14,0
bytes256,literal,512,16,10000,0.90,78,0,0,,,,0
bytes256,literal,512,16,10000,0.90,79,1,1,1356,15,14,0
bytes256,literal,512,16,10000,0.90,79,0,0,,,,0
bytes256,literal,512,16,10000,0.90,80,1,1,1356,15,14,0
bytes256,literal,512,16,10000,0.90,80,0,0,,,,0
bytes256,literal,512,16,10000,0.90,81,1,1,1356,15,14,0
bytes256,literal,512,16,10000,0.90,81,0,0,,,,0
bytes256,literal,512,16,10000,0.90,82,1,1,1356,15,14,0
bytes256,literal,512,16,10000,0.90,82,0,0,,,,0
bytes256,literal,512,16,10000,0.90,83,1,1,1356,15,14,0
bytes256,literal,512,16,10000,0.90,83,0,0,,,,0
bytes256,literal,512,16,10000,0.90,84,1,1,1356,15,14,0
bytes256,literal,512,16,10000,0.90,84,0,0,,,,0
bytes256,literal,512,16,10000,0.90,85,1,1,1356,15,14,0
bytes256,literal,512,16,10000,0.90,85,0,0,,,,0
bytes256,literal,512,16,10000,0.90,86,1,1,1356,15,14,0
bytes256,literal,512,16,10000,0.90,86,0,0,,,,0
bytes256,literal,512,16,10000,0.90,87,1,1,1356,15,14,0
bytes256,literal,512,16,10000,0.90,87,0,0,,,,0
bytes256,literal,512,16,10000,0.90,88,1,1,1356,15,14,0
bytes256,literal,512,16,10000,0.90,88,0,0,,,,0
bytes256,literal,512,16,10000,0.90,89,1,1,1356,15,14,0
bytes256,literal,512,16,10000,0.90,89,0,0,,,,0
bytes256,literal,512,16,10000,0.90,90,1,1,1356,15,14,0
bytes256,literal,512,16,10000,0.90,90,0,0,,,,0
bytes256,literal,512,16,10000,0.90,91,1,1,1356,15,14,0
bytes256,literal,512,16,10000,0.90,91,0,0,,,,0
bytes256,literal,512,16,10000,0.90,92,1,1,1356,15,14,0
bytes256,literal,512,16,10000,0.90,92,0,0,,,,0
bytes256,literal,512,16,10000,0.90,93,1,1,1356,15,14,0
bytes256,literal,512,16,10000,0.90,93,0,0,,,,0
bytes256,literal,512,16,10000,0.90,94,1,1,1356,15,14,0
bytes256,literal,512,16,10000,0.90,94,0,0,,,,0
bytes256,literal,512,16,10000,0.90,95,1,1,1356,15,14,0
bytes256,literal,512,16,10000,0.90,95,0,0,,,,0
bytes256,literal,512,16,10000,0.90,96,1,1,1356,15,14,0
bytes256,literal,512,16,10000,0.90,96,0,0,,,,0
bytes256,literal,512,16,10000,0.90,97,1,1,1356,15,14,0
bytes256,literal,512,16,10000,0.90,97,0,0,,,,0
bytes256,literal,512,16,10000,0.90,98,1,1,1356,15,14,0
bytes256,literal,512,16,10000,0.90,98,0,0,,,,0
bytes256,literal,512,16,10000,0.90,99,1,1,1356,15,14,0
bytes256,literal,512,16,10000,0.90,99,0,0,,,,0
bytes256,literal,512,16,10000,0.90,100,1,1,1356,15,14,0
bytes256,literal,512,16,10000,0.90,100,0,0,,,,0
bytes256,literal,512,16,10000,0.95,1,1,1,1356,16,15,0
bytes256,literal,512,16,10000,0.95,1,0,0,,,,0
bytes256,literal,512,16,10000,0.95,2,1,1,1356,16,15,0
bytes256,literal,512,16,10000,0.95,2,0,0,,,,0
bytes256,literal,512,16,10000,0.95,3,1,1,1356,16,15,0
bytes256,literal,512,16,10000,0.95,3,0,0,,,,0
bytes256,literal,512,16,10000,0.95,4,1,1,1356,16,15,0
bytes256,literal,512,16,10000,0.95,4,0,0,,,,0
bytes256,literal,512,16,10000,0.95,5,1,1,1356,16,15,0
bytes256,literal,512,16,10000,0.95,5,0,0,,,,0
bytes256,literal,512,16,10000,0.95,6,1,1,1356,16,15,0
bytes256,literal,512,16,10000,0.95,6,0,0,,,,0
bytes256,literal,512,16,10000,0.95,7,1,1,1356,16,15,0
bytes256,literal,512,16,10000,0.95,7,0,0,,,,0
bytes256,literal,512,16,10000,0.95,8,1,1,1356,16,15,0
bytes256,literal,512,16,10000,0.95,8,0,0,,,,0
